id,store_name,address,hotline,hours,utilities,picture_url,detail_url,tinh_thanh
7,Phòng Vip Sân bay Đà Nẵng,"Khu vực VIP ga Quốc Nội, Sân bay Đà Nẵng, 62 Trần Quốc Toản, Quận Hải Châu, Tp. Đà Nẵng",091 432 1962,,Wifi Miễn Phí,https://www.highlandscoffee.com.vn/vnt_upload/dealer/02_2018/thumbs/2000_crop_Highlands-Coffee-anh1.jpg,https://www.highlandscoffee.com.vn/vn/he-thong-cua-hang/7/x.html,Đà Nẵng
6,Highlands Coffee Sân bay quốc tế Đà Nẵng,"Khu vực check-in ga Quốc Tế, Sân bay Đà Nẵng, 62 Trần Quốc Toản, quận Hải Châu, Tp. Đà Nẵng",(0236) 7109 559,,Wifi Miễn Phí,https://www.highlandscoffee.com.vn/vnt_upload/dealer/03_2018/thumbs/2000_crop_z691694160295_6230d98afb0cc62be3a4e2370e0174c1.jpg,https://www.highlandscoffee.com.vn/vn/he-thong-cua-hang/6/x.html,Đà Nẵng
2,Highlands Coffee Nguyen Kim DN,"46 Điện Biên Phủ, phường Chính Gián, quận Thanh Khê, Tp. Đà Nẵng",(0236) 355.0188,,Wifi Miễn Phí Thanh toán bằng thẻ,https://www.highlandscoffee.com.vn/vnt_upload/dealer/02_2018/thumbs/2000_crop_Highlands-Coffee-anh1.jpg,https://www.highlandscoffee.com.vn/vn/he-thong-cua-hang/2/x.html,Đà Nẵng
1,Riverside,"186 Bạch Đằng, phường Phước Ninh, quận Hải Châu, Tp. Đà Nẵng",(0236) 357.5787,,Wifi Miễn Phí Thanh toán bằng thẻ,https://www.highlandscoffee.com.vn/vnt_upload/dealer/02_2018/thumbs/2000_crop_Highlands-Coffee-anh1.jpg,https://www.highlandscoffee.com.vn/vn/he-thong-cua-hang/1/x.html,Đà Nẵng
4,Highlands Coffee Kiosk Đà Nẵng,"Ga Quốc Nội, Sân bay Đà Nẵng, 62 Trần Quốc Toản, Quận Hải Châu, Tp. Đà Nẵng",0914.321.962,6:00 – 22:00 * 7 ngày/ tuần,Wifi Miễn Phí,https://www.highlandscoffee.com.vn/vnt_upload/dealer/02_2018/thumbs/2000_crop_Highlands-Coffee-anh1.jpg,https://www.highlandscoffee.com.vn/vn/he-thong-cua-hang/4/x.html,Đà Nẵng
3,Highlands Coffee Airport Đà Nẵng,"Khu vực check-in ga Quốc Nội, Sân bay Đà Nẵng, 62 Trần Quốc Toản, quận Hải Châu, Tp. Đà Nẵng",0914.321.962,6:00 – 22:00 * 7 ngày/ tuần,Wifi Miễn Phí,https://www.highlandscoffee.com.vn/vnt_upload/dealer/02_2018/thumbs/2000_crop_Highlands-Coffee-anh1.jpg,https://www.highlandscoffee.com.vn/vn/he-thong-cua-hang/3/x.html,Đà Nẵng
8,Highlands Coffee Nguyễn Hữu Thọ,"363 Nguyễn Hữu Thọ, Phường Khuê Trung, Quận Cẩm Lệ, Tp. Đà Nẵng",(0236) 361.3025,,Wifi Miễn Phí Thanh toán bằng thẻ,https://www.highlandscoffee.com.vn/vnt_upload/dealer/02_2018/thumbs/2000_crop_Highlands-Coffee-anh1.jpg,https://www.highlandscoffee.com.vn/vn/he-thong-cua-hang/8/x.html,Đà Nẵng
5,HigHlands Coffeee Hoàng Anh Gia Lai,"1 Nguyễn Văn Linh, phường Nam Dương, quận Hải Châu, Tp. Đà Nẵng",(0236) 386.6135,,Wifi Miễn Phí Thanh toán bằng thẻ,https://www.highlandscoffee.com.vn/vnt_upload/dealer/02_2018/thumbs/2000_crop_Highlands-Coffee-anh1.jpg,https://www.highlandscoffee.com.vn/vn/he-thong-cua-hang/5/x.html,Đà Nẵng
10,Highlands Coffee Indochina Đà Nẵng,"74 Bạch Đằng, phường Hải Châu 1, Quận Hải Châu , Tp. Đà Nẵng",(0236) 384.9203,,Wifi Miễn Phí Thanh toán bằng thẻ,https://www.highlandscoffee.com.vn/vnt_upload/dealer/02_2018/thumbs/2000_crop_Highlands-Coffee-anh1.jpg,https://www.highlandscoffee.com.vn/vn/he-thong-cua-hang/10/x.html,Đà Nẵng
11,Highlands Coffee 438 Hùng Vương,"438 Hùng Vương, Phường Vĩnh Trung, Quận Thanh Khê, Tp. Đà Nẵng",(0236) 3519 409,07:00 - 23:00,Wifi Miễn Phí Thanh toán bằng thẻ,https://www.highlandscoffee.com.vn/vnt_upload/dealer/02_2018/thumbs/2000_crop_Highlands-Coffee-anh1.jpg,https://www.highlandscoffee.com.vn/vn/he-thong-cua-hang/11/x.html,Đà Nẵng
13,Highlands Coffee Lotte Đà Nẵng,"6 Nại Nam, phường Hòa Cường Bắc, quận Hải Châu, Tp. Đà Nẵng",(0236) 363.3550,,Wifi Miễn Phí Thanh toán bằng thẻ,https://www.highlandscoffee.com.vn/vnt_upload/dealer/02_2018/thumbs/2000_crop_Highlands-Coffee-anh1.jpg,https://www.highlandscoffee.com.vn/vn/he-thong-cua-hang/13/x.html,Đà Nẵng
15,Hội An,"6 Hoàng Diệu, Phường Minh An, Tp. Hội An, Quảng Nam",(0235) 3757 585,6:30 - 22:30,Wifi Miễn Phí Thanh toán bằng thẻ,https://www.highlandscoffee.com.vn/vnt_upload/dealer/02_2018/thumbs/2000_crop_Highlands-Coffee-anh1.jpg,https://www.highlandscoffee.com.vn/vn/he-thong-cua-hang/15/x.html,Quảng Nam
14,Highlands Coffee 239 Điện Biên Phủ,"239 Điện Biên Phủ, Phường Hòa Khê, Quận Thanh Khê, Tp.Đà Nẵng",(0236) 3611 972,7:00 – 23:00 * 7 ngày/ tuần,Wifi Miễn Phí Thanh toán bằng thẻ,https://www.highlandscoffee.com.vn/vnt_upload/dealer/02_2018/thumbs/2000_crop_Highlands-Coffee-anh1.jpg,https://www.highlandscoffee.com.vn/vn/he-thong-cua-hang/14/x.html,Đà Nẵng
17,Citadel Huế,"46 Đinh Công Tráng, Phường Thuận Thanh, Tp. Huế, Thừa Thiên Huế",(0234) 377.8968,07:00 – 23:00 (7 ngày trong tuần),Wifi Miễn Phí Thanh toán bằng thẻ,https://www.highlandscoffee.com.vn/vnt_upload/dealer/02_2018/thumbs/2000_crop_Highlands-Coffee-anh1.jpg,https://www.highlandscoffee.com.vn/vn/he-thong-cua-hang/17/x.html,Thừa Thiên - Huế
16,2,"38 Lê Lợi, Phường Phú Hội, Thành Phố Huế, Tỉnh Thừa Thiên Huế",,6:30 – 22:30 * 7 ngày/ tuần,Wifi Miễn Phí Thanh toán bằng thẻ,https://www.highlandscoffee.com.vn/vnt_upload/dealer/06_2018/thumbs/2000_crop_2.jpg,https://www.highlandscoffee.com.vn/vn/he-thong-cua-hang/16/x.html,Thừa Thiên - Huế
19,Nha Trang Centrer,"20 Trần Phú, Phường Lộc Thọ, Tp. Nha Trang, Khánh Hòa",(0258) 625.0012,,Wifi Miễn Phí Thanh toán bằng thẻ,https://www.highlandscoffee.com.vn/vnt_upload/dealer/02_2018/thumbs/2000_crop_Highlands-Coffee-anh1.jpg,https://www.highlandscoffee.com.vn/vn/he-thong-cua-hang/19/x.html,Khánh Hòa
22,Highlands Coffee Vincom Nha Trang,"Gian Hàng L1-05, Tầng L1, TTTM Vincom, Số 44-46 Lê Thánh Tôn, Phường Lộc Thọ, Tp. Nha Trang, Khánh Hòa",(0258) 390 1177,7:00 – 23:00 * 7 ngày/ tuần,Wifi Miễn Phí Thanh toán bằng thẻ,https://www.highlandscoffee.com.vn/vnt_upload/dealer/02_2018/thumbs/2000_crop_Highlands-Coffee-anh1.jpg,https://www.highlandscoffee.com.vn/vn/he-thong-cua-hang/22/x.html,Khánh Hòa
20,Lotte Nha Trang,"58 23 Tháng 10, Phường Phương Sơn, Tp. Nha Trang, Khánh Hòa",(0258) 382.1959,,Wifi Miễn Phí Thanh toán bằng thẻ,https://www.highlandscoffee.com.vn/vnt_upload/dealer/02_2018/thumbs/2000_crop_Highlands-Coffee-anh1.jpg,https://www.highlandscoffee.com.vn/vn/he-thong-cua-hang/20/x.html,Khánh Hòa
21,Viễn Đông Nha Trang,"1 Trần Hưng Đạo, Phường Lộc Thọ, Tp. Nha Trang, Khánh Hòa",(0258) 352.9877,,Wifi Miễn Phí Thanh toán bằng thẻ,https://www.highlandscoffee.com.vn/vnt_upload/dealer/02_2018/thumbs/2000_crop_Highlands-Coffee-anh1.jpg,https://www.highlandscoffee.com.vn/vn/he-thong-cua-hang/21/x.html,Khánh Hòa
23,Highlands Han Thuyen Nha Trang,"12 Hàn Thuyên, Phường Xương Huân,Tp. Nha Trang, Khánh Hòa",(0258) 3562 277,,Wifi Miễn Phí Thanh toán bằng thẻ,https://www.highlandscoffee.com.vn/vnt_upload/dealer/02_2018/thumbs/2000_crop_Highlands-Coffee-anh1.jpg,https://www.highlandscoffee.com.vn/vn/he-thong-cua-hang/23/x.html,Khánh Hòa
18,Citadene Nha Trang,"62 Trần Phú, Lộc Thọ, Nha Trang",(0258) 352.9877,,Wifi Miễn Phí Thanh toán bằng thẻ,https://www.highlandscoffee.com.vn/vnt_upload/dealer/02_2018/thumbs/2000_crop_Highlands-Coffee-anh1.jpg,https://www.highlandscoffee.com.vn/vn/he-thong-cua-hang/18/x.html,Khánh Hòa
24,Him Lam,"Tầng 1, Him Lam Plaza, 22 Lý Thái Tổ, Phường Đại Phúc, Tỉnh Bắc Ninh",(0222) 385.8368,,Wifi Miễn Phí Thanh toán bằng thẻ,https://www.highlandscoffee.com.vn/vnt_upload/dealer/02_2018/thumbs/2000_crop_Highlands-Coffee-anh1.jpg,https://www.highlandscoffee.com.vn/vn/he-thong-cua-hang/24/x.html,Bắc Ninh
25,Từ Sơn,"105 Phố Mới, Phường Đông Ngàn, Thị Xã Từ Sơn, Tỉnh Bắc Ninh",(0222) 383.2588,,Wifi Miễn Phí Thanh toán bằng thẻ,https://www.highlandscoffee.com.vn/vnt_upload/dealer/02_2018/thumbs/2000_crop_Highlands-Coffee-anh1.jpg,https://www.highlandscoffee.com.vn/vn/he-thong-cua-hang/25/x.html,Bắc Ninh
26,Highlands Coffee Vincom Hạ Long,"Tầng 1, Vincom Plaza,  Phường Bạch Đằng, Tp. Hạ Long, Quảng Ninh",(0203) 628.8885,,Wifi Miễn Phí Thanh toán bằng thẻ,https://www.highlandscoffee.com.vn/vnt_upload/dealer/02_2018/thumbs/2000_crop_Highlands-Coffee-anh1.jpg,https://www.highlandscoffee.com.vn/vn/he-thong-cua-hang/26/x.html,Quảng Ninh
27,Highlands Coffee Big C Hạ Long,"Cột 5, Phường Hồng Hải , Tp. Hạ Long, Quảng Ninh",(0203) 657.5464,,Wifi Miễn Phí Thanh toán bằng thẻ,https://www.highlandscoffee.com.vn/vnt_upload/dealer/02_2018/thumbs/2000_crop_Highlands-Coffee-anh1.jpg,https://www.highlandscoffee.com.vn/vn/he-thong-cua-hang/27/x.html,Quảng Ninh
29,TD Plaza,"Tầng 1, TD Plaza, Lê Hồng Phong, giao lộ sân bay Cát Bì, Hải Phòng",(0225) 385.2539,,Wifi Miễn Phí,https://www.highlandscoffee.com.vn/vnt_upload/dealer/02_2018/thumbs/2000_crop_Highlands-Coffee-anh1.jpg,https://www.highlandscoffee.com.vn/vn/he-thong-cua-hang/29/x.html,Hải Phòng
28,Highlands Coffee Golden Bay,"Trần Hưng Đạo, Phường Trần Hưng Đạo, Tp. Hạ Long, Quảng Ninh",(0203) 382 8628,,Wifi Miễn Phí Thanh toán bằng thẻ,https://www.highlandscoffee.com.vn/vnt_upload/dealer/02_2018/thumbs/2000_crop_Highlands-Coffee-anh1.jpg,https://www.highlandscoffee.com.vn/vn/he-thong-cua-hang/28/x.html,Quảng Ninh
30,Megastar HP,"Tầng 5, Megastar TD Plaza, Lê Hồng Phong, giao lộ sân bay Cát Bi, Hải Phòng",(0225) 385.2412,,Wifi Miễn Phí Thanh toán bằng thẻ,https://www.highlandscoffee.com.vn/vnt_upload/dealer/02_2018/thumbs/2000_crop_Highlands-Coffee-anh1.jpg,https://www.highlandscoffee.com.vn/vn/he-thong-cua-hang/30/x.html,Hải Phòng
31,Hữu Nghị HP,"60A Điện Biên Phủ, phường Minh Khai, Quận Hồng Bàng, Hải Phòng",(0225) 382.2328,,Wifi Miễn Phí Thanh toán bằng thẻ,https://www.highlandscoffee.com.vn/vnt_upload/dealer/02_2018/thumbs/2000_crop_Highlands-Coffee-anh1.jpg,https://www.highlandscoffee.com.vn/vn/he-thong-cua-hang/31/x.html,Hải Phòng
32,Highlands Coffee Vincom Hải Phòng,"Tầng 1, Vincom Hải Phòng, 1 Lê Thánh Tông, phường Máy Tơ, Quận Ngô Quyền, Hải Phòng",(0225) 229.9868,,Wifi Miễn Phí Thanh toán bằng thẻ,https://www.highlandscoffee.com.vn/vnt_upload/dealer/02_2018/thumbs/2000_crop_Highlands-Coffee-anh1.jpg,https://www.highlandscoffee.com.vn/vn/he-thong-cua-hang/32/x.html,Hải Phòng
33,Highlands Coffee Trần Phú Hải Phòng,"32 Trần Phú, phường Lương Khánh Thiện, Quận Ngô Quyền, Hải Phòng",(0225) 325.0309,,Wifi Miễn Phí Thanh toán bằng thẻ,https://www.highlandscoffee.com.vn/vnt_upload/dealer/02_2018/thumbs/2000_crop_Highlands-Coffee-anh1.jpg,https://www.highlandscoffee.com.vn/vn/he-thong-cua-hang/33/x.html,Hải Phòng
34,Highlands Coffee Sholega Hải Phòng,"275 Lạch Tray, phường Đằng Giang, Quận Ngô Quyền, Hải Phòng",(0225) 382.8816,,Wifi Miễn Phí Thanh toán bằng thẻ,https://www.highlandscoffee.com.vn/vnt_upload/dealer/02_2018/thumbs/2000_crop_Highlands-Coffee-anh1.jpg,https://www.highlandscoffee.com.vn/vn/he-thong-cua-hang/34/x.html,Hải Phòng
36,Quang Trung HP,"28A Quang Trung, phường Quang Trung, Quận Hồng Bàng, Hải Phòng",(0225) 650.2680,,Wifi Miễn Phí Thanh toán bằng thẻ,https://www.highlandscoffee.com.vn/vnt_upload/dealer/02_2018/thumbs/2000_crop_Highlands-Coffee-anh1.jpg,https://www.highlandscoffee.com.vn/vn/he-thong-cua-hang/36/x.html,Hải Phòng
35,Viễn Thông A HP,"2 Phạm Minh Đức, phường Máy Tơ , Quận Ngô Quyền, Hải Phòng",(0225) 325.0292,,Wifi Miễn Phí Thanh toán bằng thẻ,https://www.highlandscoffee.com.vn/vnt_upload/dealer/02_2018/thumbs/2000_crop_Highlands-Coffee-anh1.jpg,https://www.highlandscoffee.com.vn/vn/he-thong-cua-hang/35/x.html,Hải Phòng
37,Highlands Coffee Sân bay Cát Bi,"Sân bay Cát Bi, Lê Hồng Phong, Phường Đằng Lâm, Quận Hải An, Hải Phòng",(0225) 883 2166,,Wifi Miễn Phí Thanh toán bằng thẻ,https://www.highlandscoffee.com.vn/vnt_upload/dealer/02_2018/thumbs/2000_crop_Highlands-Coffee-anh1.jpg,https://www.highlandscoffee.com.vn/vn/he-thong-cua-hang/37/x.html,Hải Phòng
38,Highlands Coffee SHP Plaza Hải Phòng,"12 Lạch Tray, Phường Lạch Tray, Quận Ngô Quyền, Hải Phòng",(0225) 653.3877,,Wifi Miễn Phí Thanh toán bằng thẻ,https://www.highlandscoffee.com.vn/vnt_upload/dealer/02_2018/thumbs/2000_crop_Highlands-Coffee-anh1.jpg,https://www.highlandscoffee.com.vn/vn/he-thong-cua-hang/38/x.html,Hải Phòng
39,Chợ Mơ,"Chợ Mơ, 459C Bạch Mai, phường Trương Định, Quận Hai Bà Trưng, Hà Nội",(024) 6666.8199,,Wifi Miễn Phí Thanh toán bằng thẻ,https://www.highlandscoffee.com.vn/vnt_upload/dealer/02_2018/thumbs/2000_crop_Highlands-Coffee-anh1.jpg,https://www.highlandscoffee.com.vn/vn/he-thong-cua-hang/39/x.html,Hà Nội
40,Linh Đàm CT3,"Tòa nhà CT3, Linh Dam Residence Area, phường Đại Kim, quận Hoàng Mai, Hà Nội",(024) 6291.9988,,Wifi Miễn Phí Thanh toán bằng thẻ,https://www.highlandscoffee.com.vn/vnt_upload/dealer/02_2018/thumbs/2000_crop_Highlands-Coffee-anh1.jpg,https://www.highlandscoffee.com.vn/vn/he-thong-cua-hang/40/x.html,Hà Nội
41,01IMG 20171013 095041,"Tầng 3, 1-3-5 Đinh Tiên Hoàng, Phường Hàng Trống, Quận Hoàn Kiếm, Hà Nội",(024) 3936.3228,,Wifi Miễn Phí Thanh toán bằng thẻ,https://www.highlandscoffee.com.vn/vnt_upload/dealer/06_2018/thumbs/2000_crop_01IMG_20171013_095041.jpg,https://www.highlandscoffee.com.vn/vn/he-thong-cua-hang/41/x.html,Hà Nội
42,Pacific,"Tầng 1, Pacific Place, 83B Lý Thường Kiệt, Phường Cửa Nam, Quận Hoàn Kiếm, Hà Nội",(024) 3946.0109,,Wifi Miễn Phí Thanh toán bằng thẻ,https://www.highlandscoffee.com.vn/vnt_upload/dealer/02_2018/thumbs/2000_crop_Highlands-Coffee-anh1.jpg,https://www.highlandscoffee.com.vn/vn/he-thong-cua-hang/42/x.html,Hà Nội
43,Aeon Long Biên,"Tầng 1, TTTM Aeon Mall Long Biên, 27 Cổ Linh, Phường Long Biên, Quận Long Biên, Hà Nội",(024) 3200.2773,,Wifi Miễn Phí,https://www.highlandscoffee.com.vn/vnt_upload/dealer/02_2018/thumbs/2000_crop_Highlands-Coffee-anh1.jpg,https://www.highlandscoffee.com.vn/vn/he-thong-cua-hang/43/x.html,Hà Nội
44,Dolphin Plaza,"28 Trần Bình, Phường Mai Dịch, Quận Cầu Giấy, Hà Nội",(024) 6294.2407,,Wifi Miễn Phí Thanh toán bằng thẻ,https://www.highlandscoffee.com.vn/vnt_upload/dealer/02_2018/thumbs/2000_crop_Highlands-Coffee-anh1.jpg,https://www.highlandscoffee.com.vn/vn/he-thong-cua-hang/44/x.html,Hà Nội
46,Vincom Bà Triệu,"Tầng 5, TTTM Vincom Bà Triệu, 191 Bà Triệu, Phường Lê Đại Hành, Quận Hai Bà Trưng, Hà Nội",(024) 6293.6441,,Wifi Miễn Phí Thanh toán bằng thẻ,https://www.highlandscoffee.com.vn/vnt_upload/dealer/02_2018/thumbs/2000_crop_Highlands-Coffee-anh1.jpg,https://www.highlandscoffee.com.vn/vn/he-thong-cua-hang/46/x.html,Hà Nội
48,Kiosk Hồ Gươm,"Tầng 1, 1-3-5 Đinh Tiên Hoàng, Phường Hàng Trống, Quận Hoàn Kiếm, Hà Nội",(024) 7106.5858,,Wifi Miễn Phí Thanh toán bằng thẻ,https://www.highlandscoffee.com.vn/vnt_upload/dealer/02_2018/thumbs/2000_crop_Highlands-Coffee-anh1.jpg,https://www.highlandscoffee.com.vn/vn/he-thong-cua-hang/48/x.html,Hà Nội
45,Sunsquare,"21 Lê Đức Thọ, Phường Mỹ Đình, Quận Nam Từ Liêm, Hà Nội",(024) 3200.5611,,Wifi Miễn Phí Thanh toán bằng thẻ,https://www.highlandscoffee.com.vn/vnt_upload/dealer/02_2018/thumbs/2000_crop_Highlands-Coffee-anh1.jpg,https://www.highlandscoffee.com.vn/vn/he-thong-cua-hang/45/x.html,Hà Nội
49,New Horizon,"Tầng 1, Tòa nhà N02, 87 Lĩnh Nam, Phường Mai Động, Quận Hoàng Mai, Hà Nội",(024) 7106.5559,,Wifi Miễn Phí Thanh toán bằng thẻ,https://www.highlandscoffee.com.vn/vnt_upload/dealer/02_2018/thumbs/2000_crop_Highlands-Coffee-anh1.jpg,https://www.highlandscoffee.com.vn/vn/he-thong-cua-hang/49/x.html,Hà Nội
47,Lê Duẩn,"129 Lê Duẩn, phường Cửa Nam, quận Hoàn Kiếm, Hà Nội",(024) 3200.8909,,Wifi Miễn Phí Thanh toán bằng thẻ,https://www.highlandscoffee.com.vn/vnt_upload/dealer/02_2018/thumbs/2000_crop_Highlands-Coffee-anh1.jpg,https://www.highlandscoffee.com.vn/vn/he-thong-cua-hang/47/x.html,Hà Nội
50,Times City,"Tầng 1, Toà nhà T5, Times City, 458 Minh Khai, Phường Vĩnh Tuy, Quận Hai Bà Trưng, Hà Nội",(024) 3200.9069,,Wifi Miễn Phí Thanh toán bằng thẻ,https://www.highlandscoffee.com.vn/vnt_upload/dealer/02_2018/thumbs/2000_crop_Highlands-Coffee-anh1.jpg,https://www.highlandscoffee.com.vn/vn/he-thong-cua-hang/50/x.html,Hà Nội
51,Park Hill,"Tầng 1, Tòa nhà Park 8, Park Hill Residence, 458 Minh Khai, Phường Vĩnh Tuy, Quận Hai Bà Trưng, Hà Nội",(024) 3200.2599,,Wifi Miễn Phí Thanh toán bằng thẻ,https://www.highlandscoffee.com.vn/vnt_upload/dealer/02_2018/thumbs/2000_crop_Highlands-Coffee-anh1.jpg,https://www.highlandscoffee.com.vn/vn/he-thong-cua-hang/51/x.html,Hà Nội
52,VTC Online,"18 Tam Trinh, phường Minh Khai, Quận Hai Bà Trưng, Hà Nội",(024) 3633.0104,,Wifi Miễn Phí Thanh toán bằng thẻ,https://www.highlandscoffee.com.vn/vnt_upload/dealer/02_2018/thumbs/2000_crop_Highlands-Coffee-anh1.jpg,https://www.highlandscoffee.com.vn/vn/he-thong-cua-hang/52/x.html,Hà Nội
53,Handico,"Tầng 1, Toà nhà Handico, Đường Phạm Hùng, Phường Mễ Trì, Quận Nam Từ Liêm, Hà Nội",(024) 6654.3532,,Wifi Miễn Phí Thanh toán bằng thẻ,https://www.highlandscoffee.com.vn/vnt_upload/dealer/02_2018/thumbs/2000_crop_Highlands-Coffee-anh1.jpg,https://www.highlandscoffee.com.vn/vn/he-thong-cua-hang/53/x.html,Hà Nội
55,Fivimart Hà Đông,"8 Quang Trung, Phường Quang Trung, Quận Hà Đông, Hà Nội",(024) 3200.1202,,Wifi Miễn Phí Thanh toán bằng thẻ,https://www.highlandscoffee.com.vn/vnt_upload/dealer/02_2018/thumbs/2000_crop_Highlands-Coffee-anh1.jpg,https://www.highlandscoffee.com.vn/vn/he-thong-cua-hang/55/x.html,Quảng Trị
54,Hồ Gươm Hà Đông,"Tầng 1, Hồ Gươm Hà Đông Plaza, 104 Trần Phú, phường Mỗ Lao, Quận Hà Đông, Hà Nội",(024) 3264.6210,,Wifi Miễn Phí Thanh toán bằng thẻ,https://www.highlandscoffee.com.vn/vnt_upload/dealer/02_2018/thumbs/2000_crop_Highlands-Coffee-anh1.jpg,https://www.highlandscoffee.com.vn/vn/he-thong-cua-hang/54/x.html,Quảng Trị
57,Mường Thanh Xa La,"66 Phúc La Văn Phú, Khu Dân Cư Xa La, Phường Phúc La, Quận Hà Đông, Hà Nội",(024) 3200.7170,,Wifi Miễn Phí Thanh toán bằng thẻ,https://www.highlandscoffee.com.vn/vnt_upload/dealer/02_2018/thumbs/2000_crop_Highlands-Coffee-anh1.jpg,https://www.highlandscoffee.com.vn/vn/he-thong-cua-hang/57/x.html,Quảng Trị
56,SME Hoàng Gia,"Tầng 1, Toà nhà SME Hoàng Gia, Đường Tô Hiệu, Phường Hà Cầu, Quận Hà Đông, Hà Nội",(024) 3223.2274,,Wifi Miễn Phí Thanh toán bằng thẻ,https://www.highlandscoffee.com.vn/vnt_upload/dealer/02_2018/thumbs/2000_crop_Highlands-Coffee-anh1.jpg,https://www.highlandscoffee.com.vn/vn/he-thong-cua-hang/56/x.html,Quảng Trị
58,Ecolife,"Tầng 1, Tòa nhà Ecolife, 58 Tố Hữu, Phường Trung Văn, Quận Nam Từ Liêm, Hà Nội",(024) 7106.7555,,Wifi Miễn Phí Thanh toán bằng thẻ,https://www.highlandscoffee.com.vn/vnt_upload/dealer/02_2018/thumbs/2000_crop_Highlands-Coffee-anh1.jpg,https://www.highlandscoffee.com.vn/vn/he-thong-cua-hang/58/x.html,Hà Nội
59,Indochina,"Tầng 1, TTTM Indochina, 241 Xuân Thuỷ, Phường Dịch Vọng Hậu, Quận Cầu Giấy, Hà Nội",(024) 3795.4029,,Wifi Miễn Phí Thanh toán bằng thẻ,https://www.highlandscoffee.com.vn/vnt_upload/dealer/02_2018/thumbs/2000_crop_Highlands-Coffee-anh1.jpg,https://www.highlandscoffee.com.vn/vn/he-thong-cua-hang/59/x.html,Hà Nội
60,TTC Duy Tân,"Tầng 1, Toà nhà TTC, 19 Duy Tân, Phường Dịch Vọng Hậu, Quận Cầu Giấy, Hà Nội",(024) 3224.2897,,Wifi Miễn Phí Thanh toán bằng thẻ,https://www.highlandscoffee.com.vn/vnt_upload/dealer/02_2018/thumbs/2000_crop_Highlands-Coffee-anh1.jpg,https://www.highlandscoffee.com.vn/vn/he-thong-cua-hang/60/x.html,Hà Nội
61,Fivimart Mỹ Đình,"89 Lê Đức Thọ, Phường Mỹ ĐÌnh, Quận Nam Từ Liêm, Hà Nội",(024) 3200.6447,,Wifi Miễn Phí Thanh toán bằng thẻ,https://www.highlandscoffee.com.vn/vnt_upload/dealer/02_2018/thumbs/2000_crop_Highlands-Coffee-anh1.jpg,https://www.highlandscoffee.com.vn/vn/he-thong-cua-hang/61/x.html,Hà Nội
62,Nhà Hát Lớn,"1 Tràng Tiền, Phường Tràng Tiền, Quận Hoàn Kiếm, Hà Nội",0243 933 4801,,Wifi Miễn Phí Thanh toán bằng thẻ,https://www.highlandscoffee.com.vn/vnt_upload/dealer/02_2018/thumbs/2000_crop_Highlands-Coffee-anh1.jpg,https://www.highlandscoffee.com.vn/vn/he-thong-cua-hang/62/x.html,Hà Nội
64,Savina,"Tầng 1, Toà nhà Savina, 44 Tràng Tiền, Phường Tràng Tiền, Quận Hoàn Kiếm, Hà Nội",(024) 3936.3496,,Wifi Miễn Phí Thanh toán bằng thẻ,https://www.highlandscoffee.com.vn/vnt_upload/dealer/02_2018/thumbs/2000_crop_Highlands-Coffee-anh1.jpg,https://www.highlandscoffee.com.vn/vn/he-thong-cua-hang/64/x.html,Hà Nội
65,Savico Long Biên,"Tầng 1, TTTM Savico Megamall, 7-9 Nguyễn Văn Linh, Phường Phúc Đồng, Quận Long Biên, Hà Nội",(024) 6664.0073,,Wifi Miễn Phí Thanh toán bằng thẻ,https://www.highlandscoffee.com.vn/vnt_upload/dealer/02_2018/thumbs/2000_crop_Highlands-Coffee-anh1.jpg,https://www.highlandscoffee.com.vn/vn/he-thong-cua-hang/65/x.html,Hà Nội
63,Vincom Sài Đồng,"Tầng 1, TTTM Vincom Sài Đồng, Vinhomes Riverside, Quận Long Biên, Hà Nội",(024) 3657.4582,,Wifi Miễn Phí Thanh toán bằng thẻ,https://www.highlandscoffee.com.vn/vnt_upload/dealer/02_2018/thumbs/2000_crop_Highlands-Coffee-anh1.jpg,https://www.highlandscoffee.com.vn/vn/he-thong-cua-hang/63/x.html,Hà Nội
66,Fivimart Nam Đô,"Tầng 1, Thiên Sơn Plaza, Toà nhà Nam Đô, 609 Trương Định, Phường Giáp Bát, Quận Hoàng Mai, Hà Nội",(024) 3233.6077,,Wifi Miễn Phí Thanh toán bằng thẻ,https://www.highlandscoffee.com.vn/vnt_upload/dealer/02_2018/thumbs/2000_crop_Highlands-Coffee-anh1.jpg,https://www.highlandscoffee.com.vn/vn/he-thong-cua-hang/66/x.html,Hà Nội
68,Vinafor,"127 Lò Đúc, phường Đống Mác, Quận Hai Bà Trưng, Hà Nội",(024) 3200.0710,,Wifi Miễn Phí Thanh toán bằng thẻ,https://www.highlandscoffee.com.vn/vnt_upload/dealer/02_2018/thumbs/2000_crop_Highlands-Coffee-anh1.jpg,https://www.highlandscoffee.com.vn/vn/he-thong-cua-hang/68/x.html,Hà Nội
69,Quán Thánh,"23 Quán Thánh, phường Quán Thánh, quận Ba Đình, Hà Nội",(024) 3237.3374,,Wifi Miễn Phí Thanh toán bằng thẻ,https://www.highlandscoffee.com.vn/vnt_upload/dealer/02_2018/thumbs/2000_crop_Highlands-Coffee-anh1.jpg,https://www.highlandscoffee.com.vn/vn/he-thong-cua-hang/69/x.html,Hà Nội
70,Airimex,"414 Nguyễn Văn Cừ, Phường Bồ Đề, Quận Long Biên, Hà Nội",(024) 3216.1996,,Wifi Miễn Phí Thanh toán bằng thẻ,https://www.highlandscoffee.com.vn/vnt_upload/dealer/02_2018/thumbs/2000_crop_Highlands-Coffee-anh1.jpg,https://www.highlandscoffee.com.vn/vn/he-thong-cua-hang/70/x.html,Hà Nội
72,The Manor HN,"Phường Mễ Trì, Quận Nam Từ Liêm, Hà Nội",(024) 3794.0441,,Wifi Miễn Phí Thanh toán bằng thẻ,https://www.highlandscoffee.com.vn/vnt_upload/dealer/02_2018/thumbs/2000_crop_Highlands-Coffee-anh1.jpg,https://www.highlandscoffee.com.vn/vn/he-thong-cua-hang/72/x.html,Hà Nội
73,Linh Đàm CT4,"Siêu thị Bài Thơ, CT4A Linh Đàm, phường Đại Kim, quận Hoàng Mai, Hà Nội",(024) 3641.0781,,Wifi Miễn Phí Thanh toán bằng thẻ,https://www.highlandscoffee.com.vn/vnt_upload/dealer/02_2018/thumbs/2000_crop_Highlands-Coffee-anh1.jpg,https://www.highlandscoffee.com.vn/vn/he-thong-cua-hang/73/x.html,Hà Nội
71,Chelsea,"Tầng 1, Chelsea Park Building, phường Trung Kính, quận Cầu Giấy, Hà Nội",(024) 3782.4960,,Wifi Miễn Phí Thanh toán bằng thẻ,https://www.highlandscoffee.com.vn/vnt_upload/dealer/02_2018/thumbs/2000_crop_Highlands-Coffee-anh1.jpg,https://www.highlandscoffee.com.vn/vn/he-thong-cua-hang/71/x.html,Hà Nội
67,BIDV Hàng Vôi,"Tầng 1, BIDV Tower, 35 Hàng Vôi, phường Lý Thái Tổ, Quận Hoàn Kiếm, Hà Nội",(024) 3200.7663,,Wifi Miễn Phí Thanh toán bằng thẻ,https://www.highlandscoffee.com.vn/vnt_upload/dealer/02_2018/thumbs/2000_crop_Highlands-Coffee-anh1.jpg,https://www.highlandscoffee.com.vn/vn/he-thong-cua-hang/67/x.html,Hà Nội
74,Nguyễn Khánh Toàn,"Lô 2 Nguyễn Khánh Toàn, Phường Quan Hoa, Quận Cầu Giấy, Hà Nội",(024) 7106 9555,,Wifi Miễn Phí Thanh toán bằng thẻ,https://www.highlandscoffee.com.vn/vnt_upload/dealer/02_2018/thumbs/2000_crop_Highlands-Coffee-anh1.jpg,https://www.highlandscoffee.com.vn/vn/he-thong-cua-hang/74/x.html,Hà Nội
75,Fivimart Tràng An,"Tầng 1, Fivimart Tràng An, Tràng An Complex, 1 Phùng Chí Kiên, Phường Nghĩa Đô, Quận Cầu Giấy, Hà Nội",(024) 7106.5557,,Wifi Miễn Phí Thanh toán bằng thẻ,https://www.highlandscoffee.com.vn/vnt_upload/dealer/02_2018/thumbs/2000_crop_Highlands-Coffee-anh1.jpg,https://www.highlandscoffee.com.vn/vn/he-thong-cua-hang/75/x.html,Hà Nội
77,Highlands Coffee Tran Nguyen Dang,"91 Trần Nguyên Đán, Phường Định Công, Quận Hoàng Mai, Hà Nội",(024) 3221 6816‬,7:00 – 23:00 * 7 ngày/ tuần,Wifi Miễn Phí Thanh toán bằng thẻ,https://www.highlandscoffee.com.vn/vnt_upload/dealer/02_2018/thumbs/2000_crop_Highlands-Coffee-anh1.jpg,https://www.highlandscoffee.com.vn/vn/he-thong-cua-hang/77/x.html,Hà Nội
78,Big C Hà Nội,"222 Trần Duy Hưng, phường Trung Hòa, quận Cầu Giấy, Hà Nội",(024) 3783.0845,,Wifi Miễn Phí Thanh toán bằng thẻ,https://www.highlandscoffee.com.vn/vnt_upload/dealer/02_2018/thumbs/2000_crop_Highlands-Coffee-anh1.jpg,https://www.highlandscoffee.com.vn/vn/he-thong-cua-hang/78/x.html,Hà Nội
79,Cột Cờ,"28A Điện Biên Phủ, phường Điện Biên, quận Ba Đình, Hà Nội",(024) 3823.3339,,Wifi Miễn Phí Thanh toán bằng thẻ,https://www.highlandscoffee.com.vn/vnt_upload/dealer/02_2018/thumbs/2000_crop_Highlands-Coffee-anh1.jpg,https://www.highlandscoffee.com.vn/vn/he-thong-cua-hang/79/x.html,Điện Biên
81,Rose Garden,"170 Ngọc Khánh, phường Giảng Võ,  quận Ba Đình, Hà Nội",(024) 3244.4252,,Wifi Miễn Phí Thanh toán bằng thẻ,https://www.highlandscoffee.com.vn/vnt_upload/dealer/02_2018/thumbs/2000_crop_Highlands-Coffee-anh1.jpg,https://www.highlandscoffee.com.vn/vn/he-thong-cua-hang/81/x.html,Hà Nội
80,Kim Mã,"523 Kim Mã, phường Ngọc Khánh, quận Ba Đình, Hà Nội",(024) 3200.1487,,Wifi Miễn Phí Thanh toán bằng thẻ,https://www.highlandscoffee.com.vn/vnt_upload/dealer/02_2018/thumbs/2000_crop_Highlands-Coffee-anh1.jpg,https://www.highlandscoffee.com.vn/vn/he-thong-cua-hang/80/x.html,Hà Nội
83,Eurowindow,"27 Trần Duy Hưng, phường Trung Hòa, quận Thanh Xuân, Hà Nội",(024) 3555.1629,,Wifi Miễn Phí Thanh toán bằng thẻ,https://www.highlandscoffee.com.vn/vnt_upload/dealer/02_2018/thumbs/2000_crop_Highlands-Coffee-anh1.jpg,https://www.highlandscoffee.com.vn/vn/he-thong-cua-hang/83/x.html,Hà Nội
84,Du Thuyền,"9 Thanh Niên, phường Quán Thánh, quận Ba Đình, Hà Nội",(024) 3715.1821,,Wifi Miễn Phí Thanh toán bằng thẻ,https://www.highlandscoffee.com.vn/vnt_upload/dealer/06_2018/thumbs/2000_crop_IMG_2012.jpg,https://www.highlandscoffee.com.vn/vn/he-thong-cua-hang/84/x.html,Hà Nội
82,Highlands Coffee 4T2 Noi Bai Airport,"Gian hàng 4-E02D1, Tầng 4,  Ga T2, Sân bay Quốc tế Nội Bài, Phú Minh, Sóc Sơn, Hà Nội",02471085151,7:00 – 23:00 * 7 ngày/ tuần,Wifi Miễn Phí Thanh toán bằng thẻ,https://www.highlandscoffee.com.vn/vnt_upload/dealer/02_2018/thumbs/2000_crop_Highlands-Coffee-anh1.jpg,https://www.highlandscoffee.com.vn/vn/he-thong-cua-hang/82/x.html,Hà Nội
85,Somerset Hoàng Quốc Việt,"106 Hoàng Quốc Việt, Nghĩa Đô Phường, quận Cầu Giấy, Hà Nội",02456780139,7:00 – 23:00 * 7 ngày/ tuần,Wifi Miễn Phí Thanh toán bằng thẻ,https://www.highlandscoffee.com.vn/vnt_upload/dealer/02_2018/thumbs/2000_crop_Highlands-Coffee-anh1.jpg,https://www.highlandscoffee.com.vn/vn/he-thong-cua-hang/85/x.html,Hà Nội
86,Syrena,"51B Xuân Diệu, phường Tứ Liên, quận Tây Hồ, Hà Nội",(024) 3719.1857,,Wifi Miễn Phí Thanh toán bằng thẻ,https://www.highlandscoffee.com.vn/vnt_upload/dealer/02_2018/thumbs/2000_crop_Highlands-Coffee-anh1.jpg,https://www.highlandscoffee.com.vn/vn/he-thong-cua-hang/86/x.html,Hà Nội
88,VTV Outside,"43 Nguyễn Chí Thanh, phường Ngọc Khánh, Quận Đống Đa, Hà Nội",(024) 6254.2214,,Wifi Miễn Phí Thanh toán bằng thẻ,https://www.highlandscoffee.com.vn/vnt_upload/dealer/02_2018/thumbs/2000_crop_Highlands-Coffee-anh1.jpg,https://www.highlandscoffee.com.vn/vn/he-thong-cua-hang/88/x.html,Hà Nội
87,VTV Inside,"43 Nguyễn Chí Thanh, phường Ngọc Khánh, Quận Đống Đa, Hà Nội",(024) 7305.3389,,Wifi Miễn Phí Thanh toán bằng thẻ,https://www.highlandscoffee.com.vn/vnt_upload/dealer/02_2018/thumbs/2000_crop_Highlands-Coffee-anh1.jpg,https://www.highlandscoffee.com.vn/vn/he-thong-cua-hang/87/x.html,Hà Nội
89,Fivimart Tây Hồ,"Alley 689 Lạc Long Quân, phường Phú Thượng, quận Tây Hồ, Hà Nội",(024) 6686.9602,,Wifi Miễn Phí Thanh toán bằng thẻ,https://www.highlandscoffee.com.vn/vnt_upload/dealer/02_2018/thumbs/2000_crop_Highlands-Coffee-anh1.jpg,https://www.highlandscoffee.com.vn/vn/he-thong-cua-hang/89/x.html,Hà Nội
90,Highlands Coffee Vinhomes Gardenia,"B2, 12B Mỹ Đình, Phường Cầu Diễn, Quận Nam Từ Liêm, Hà Nội",(024) 3200.6270,,Wifi Miễn Phí Thanh toán bằng thẻ,https://www.highlandscoffee.com.vn/vnt_upload/dealer/02_2018/thumbs/2000_crop_Highlands-Coffee-anh1.jpg,https://www.highlandscoffee.com.vn/vn/he-thong-cua-hang/90/x.html,Hà Nội
91,Green Star,"232 Phạm Văn Đồng, Phường Cổ Nhuế 1, Quận Bắc Từ Liêm, Hà Nội",(024) 3637.3978,,Wifi Miễn Phí Thanh toán bằng thẻ,https://www.highlandscoffee.com.vn/vnt_upload/dealer/02_2018/thumbs/2000_crop_Highlands-Coffee-anh1.jpg,https://www.highlandscoffee.com.vn/vn/he-thong-cua-hang/91/x.html,Hà Nội
93,Highlands Coffee Royal City B2,"Tầng B2, Royal City, 72A Nguyễn Trãi, phường Thượng Đình, quận Thanh Xuân, Hà Nội",(024) 6328 1446,9:30 – 22:00 * 7 ngày/ tuần,Wifi Miễn Phí Thanh toán bằng thẻ,https://www.highlandscoffee.com.vn/vnt_upload/dealer/02_2018/thumbs/2000_crop_Highlands-Coffee-anh1.jpg,https://www.highlandscoffee.com.vn/vn/he-thong-cua-hang/93/x.html,Hà Nội
94,Royal City R4,"Tầng 1, Tòa nhà R4, Royal City, 72A Nguyễn Trãi, phường Thượng Đình, quận Thanh Xuân, Hà Nội",(024) 6666.2860,,Wifi Miễn Phí Thanh toán bằng thẻ,https://www.highlandscoffee.com.vn/vnt_upload/dealer/02_2018/thumbs/2000_crop_Highlands-Coffee-anh1.jpg,https://www.highlandscoffee.com.vn/vn/he-thong-cua-hang/94/x.html,Hà Nội
95,Artemis,"Tầng 1, Artemis Tower, 3 Lê Trọng Tấn, phường Khương Mai, quận Thanh Xuân, Hà Nội",(024) 6652.9700,,Wifi Miễn Phí Thanh toán bằng thẻ,https://www.highlandscoffee.com.vn/vnt_upload/dealer/02_2018/thumbs/2000_crop_Highlands-Coffee-anh1.jpg,https://www.highlandscoffee.com.vn/vn/he-thong-cua-hang/95/x.html,Hà Nội
96,BT5 Văn Quán,"BT5 Khu Đô Thị Mới Văn Quán, Phường Văn Quán, Quận Hà Đông, Hà Nội",(024) 3201.0372,,Wifi Miễn Phí Thanh toán bằng thẻ,https://www.highlandscoffee.com.vn/vnt_upload/dealer/02_2018/thumbs/2000_crop_Highlands-Coffee-anh1.jpg,https://www.highlandscoffee.com.vn/vn/he-thong-cua-hang/96/x.html,Quảng Trị
98,Pullman,"40 Cát Linh, phường Cát Linh, quận Đống Đa, Hà Nội",(024) 3201.1069,,Wifi Miễn Phí Thanh toán bằng thẻ,https://www.highlandscoffee.com.vn/vnt_upload/dealer/02_2018/thumbs/2000_crop_Highlands-Coffee-anh1.jpg,https://www.highlandscoffee.com.vn/vn/he-thong-cua-hang/98/x.html,Hà Nội
100,Ecopark,"Góc đường Rừng Cọ và đường Phía Đông Phố Trúc, Ecopark, Văn Giang, tỉnh Hưng Yên",(024) 6027.8184,,Wifi Miễn Phí Thanh toán bằng thẻ,https://www.highlandscoffee.com.vn/vnt_upload/dealer/02_2018/thumbs/2000_crop_Highlands-Coffee-anh1.jpg,https://www.highlandscoffee.com.vn/vn/he-thong-cua-hang/100/x.html,Hưng Yên
99,Five Star Kim Giang,"2 Kim Giang, Phường Kim Giang, Quận Thanh Xuân, Hà Nội",(024) 3201.0241,,Wifi Miễn Phí Thanh toán bằng thẻ,https://www.highlandscoffee.com.vn/vnt_upload/dealer/02_2018/thumbs/2000_crop_Highlands-Coffee-anh1.jpg,https://www.highlandscoffee.com.vn/vn/he-thong-cua-hang/99/x.html,Hà Nội
101,Nam Định Tower,"91 Điện Biên, Phường Cửa Bắc, Tp. Nam Định",(0228) 650.2631,,Wifi Miễn Phí Thanh toán bằng thẻ,https://www.highlandscoffee.com.vn/vnt_upload/dealer/02_2018/thumbs/2000_crop_Highlands-Coffee-anh1.jpg,https://www.highlandscoffee.com.vn/vn/he-thong-cua-hang/101/x.html,Điện Biên
102,Victory Plaza,"Tầng 1, Victory Plaza, 392 Lý Bôn, Phường Trần Hưng Đạo, Thái Bình",(0227) 650.9668,,Wifi Miễn Phí Thanh toán bằng thẻ,https://www.highlandscoffee.com.vn/vnt_upload/dealer/02_2018/thumbs/2000_crop_Highlands-Coffee-anh1.jpg,https://www.highlandscoffee.com.vn/vn/he-thong-cua-hang/102/x.html,Thái Bình
103,Phù Đổng Hotel,"Tầng 1, Khách sạn Phù Đổng, 68 Dương Đình Nghệ, Phường Đông Thọ, Tp. Thanh Hóa",(0237) 625.8866,,Wifi Miễn Phí Thanh toán bằng thẻ,https://www.highlandscoffee.com.vn/vnt_upload/dealer/02_2018/thumbs/2000_crop_Highlands-Coffee-anh1.jpg,https://www.highlandscoffee.com.vn/vn/he-thong-cua-hang/103/x.html,Thanh Hóa
104,Pico Thanh Hoá,"240 Lê Hoàn, Phường Ba Đình, Tp. Thanh Hóa",(0237) 651 6959,,Wifi Miễn Phí Thanh toán bằng thẻ,https://www.highlandscoffee.com.vn/vnt_upload/dealer/02_2018/thumbs/2000_crop_Highlands-Coffee-anh1.jpg,https://www.highlandscoffee.com.vn/vn/he-thong-cua-hang/104/x.html,Thanh Hóa
105,Vincom Shophouse,"Nhà PG1-01, Khu đô thị Vincom Shophouse Thanh Hóa, Trần Phú, Phường Điện Biên, Tp. Thanh Hóa",(0237) 322.8368,,Wifi Miễn Phí Thanh toán bằng thẻ,https://www.highlandscoffee.com.vn/vnt_upload/dealer/02_2018/thumbs/2000_crop_Highlands-Coffee-anh1.jpg,https://www.highlandscoffee.com.vn/vn/he-thong-cua-hang/105/x.html,Điện Biên
106,VRC,"1 Phan Bội Châu, Phường Quán Bàu, Tp. Vinh, Tỉnh Nghệ An",(0238) 876.6333,,Wifi Miễn Phí Thanh toán bằng thẻ,https://www.highlandscoffee.com.vn/vnt_upload/dealer/02_2018/thumbs/2000_crop_Highlands-Coffee-anh1.jpg,https://www.highlandscoffee.com.vn/vn/he-thong-cua-hang/106/x.html,Nghệ An
107,Big C Vinh,"Tầng 1, Big C Vinh, 2 Quang Trung, Tp. Vinh, Tỉnh Nghệ An",(0238) 876.7576,,Wifi Miễn Phí Thanh toán bằng thẻ,https://www.highlandscoffee.com.vn/vnt_upload/dealer/02_2018/thumbs/2000_crop_Highlands-Coffee-anh1.jpg,https://www.highlandscoffee.com.vn/vn/he-thong-cua-hang/107/x.html,Nghệ An
108,Hữu Nghị Vinh,"Tầng 1, Khách sạn Hữu Nghị, 74 Lê Lợi,Phường Hưng Bình, Tp. Vinh, Tỉnh Nghệ An",(0238) 628.3626,,Wifi Miễn Phí Thanh toán bằng thẻ,https://www.highlandscoffee.com.vn/vnt_upload/dealer/02_2018/thumbs/2000_crop_Highlands-Coffee-anh1.jpg,https://www.highlandscoffee.com.vn/vn/he-thong-cua-hang/108/x.html,Nghệ An
110,Highlands Coffee Nguyễn Kim Bình Dương,"1 Trần Hưng Đạo, Phường Phú Cường, Tp. Thủ Dầu Một, Bình Dương",(0650) 385.5598,,Wifi Miễn Phí Thanh toán bằng thẻ,https://www.highlandscoffee.com.vn/vnt_upload/dealer/02_2018/thumbs/2000_crop_Highlands-Coffee-anh1.jpg,https://www.highlandscoffee.com.vn/vn/he-thong-cua-hang/110/x.html,Bình Dương
109,Highlands Coffee Aeon Bình Dương,"Canary, Quốc lộ 13, Phường Bình Hoà, Thị Xã Thuận An, Bình Dương",(0650) 625.0999,,Wifi Miễn Phí,https://www.highlandscoffee.com.vn/vnt_upload/dealer/02_2018/thumbs/2000_crop_Highlands-Coffee-anh1.jpg,https://www.highlandscoffee.com.vn/vn/he-thong-cua-hang/109/x.html,Bình Dương
111,325 Đại Lộ Bình Dương,"325 Đại Lộ Bình Dương, khu phố 12, Phường Chánh Nghĩa, Tp. Thủ Dầu Một, Bình Dương",(0650) 654.1014,,Wifi Miễn Phí Thanh toán bằng thẻ,https://www.highlandscoffee.com.vn/vnt_upload/dealer/02_2018/thumbs/2000_crop_Highlands-Coffee-anh1.jpg,https://www.highlandscoffee.com.vn/vn/he-thong-cua-hang/111/x.html,Bình Dương
114,Highlands Coffee Bình Dương Square,"1 Phú Lợi, Phường Phú Lợi,Tp.. Thủ Dầu Một, Bình Dương",(0650) 651.6054,,Wifi Miễn Phí Thanh toán bằng thẻ,https://www.highlandscoffee.com.vn/vnt_upload/dealer/02_2018/thumbs/2000_crop_Highlands-Coffee-anh1.jpg,https://www.highlandscoffee.com.vn/vn/he-thong-cua-hang/114/x.html,Bình Dương
116,Highlands Coffee Vincom Cần Thơ,"2 Hùng Vương, Phường Thới Bình, Quận Ninh Kiều, Cần Thơ",(0292) 376.2425,,Wifi Miễn Phí Thanh toán bằng thẻ,https://www.highlandscoffee.com.vn/vnt_upload/dealer/02_2018/thumbs/2000_crop_Highlands-Coffee-anh1.jpg,https://www.highlandscoffee.com.vn/vn/he-thong-cua-hang/116/x.html,Cần Thơ
113,Highlands Coffee Coop Mart Bình Dương,"Đường 30 tháng 4, Phường Chánh Nghĩa, Tp. Thủ Dầu Một, Bình Dương",(0650) 650.1372,,Wifi Miễn Phí Thanh toán bằng thẻ,https://www.highlandscoffee.com.vn/vnt_upload/dealer/02_2018/thumbs/2000_crop_Highlands-Coffee-anh1.jpg,https://www.highlandscoffee.com.vn/vn/he-thong-cua-hang/113/x.html,Bình Dương
117,Highlands Coffee Lotte Cần Thơ,"84 Mậu Thân, phường An Hòa, Quận Ninh Kiều, Cần Thơ",(0292) 389.4184,,Wifi Miễn Phí Thanh toán bằng thẻ,https://www.highlandscoffee.com.vn/vnt_upload/dealer/02_2018/thumbs/2000_crop_Highlands-Coffee-anh1.jpg,https://www.highlandscoffee.com.vn/vn/he-thong-cua-hang/117/x.html,Cần Thơ
115,Highlands Coffee Lotte Mart Bình Dương,"Gian Hàng 1F-Tầng Trệt, Lotte Mart Bình Dương, Khu Đô Thị The Seasons Bình Dương, Quốc Lộ 13, P. Lái Thiêu, Tp. Thuận An, Tỉnh Bình Dương",(08) 8662 6345,8:00 – 22:00 * 7 ngày/ tuần,Wifi Miễn Phí,https://www.highlandscoffee.com.vn/vnt_upload/dealer/02_2018/thumbs/2000_crop_Highlands-Coffee-anh1.jpg,https://www.highlandscoffee.com.vn/vn/he-thong-cua-hang/115/x.html,Bình Dương
119,Highlands Coffee Vincom Xuân Khánh,"209 Ba Mươi Tháng Tư,  phường Xuân Khánh, quận Ninh Kiều, Tp. Cần Thơ",(0292) 373.0689,,Wifi Miễn Phí Thanh toán bằng thẻ,https://www.highlandscoffee.com.vn/vnt_upload/dealer/02_2018/thumbs/2000_crop_Highlands-Coffee-anh1.jpg,https://www.highlandscoffee.com.vn/vn/he-thong-cua-hang/119/x.html,Cần Thơ
118,Highlands Coffee Sense City CT,"1 Hòa Bình, phường Tân An, quận Ninh Kiều, Tp. Cần Thơ",(0292) 382.7129,,Wifi Miễn Phí,https://www.highlandscoffee.com.vn/vnt_upload/dealer/02_2018/thumbs/2000_crop_Highlands-Coffee-anh1.jpg,https://www.highlandscoffee.com.vn/vn/he-thong-cua-hang/118/x.html,Hòa Bình
123,Highlands Coffee Big C Tân Hiệp,"Cửa hàng 2, Tầng trệt, Big C Tân Hiệp, 1135 Nguyễn Ái Quốc, phường Tân Hiệp, Tp. Biên Hòa, Đồng Nai",(0251) 368.0475,,Wifi Miễn Phí Thanh toán bằng thẻ,https://www.highlandscoffee.com.vn/vnt_upload/dealer/07_2018/thumbs/2000_crop_tan-hiep.jpg,https://www.highlandscoffee.com.vn/vn/he-thong-cua-hang/123/x.html,Đồng Nai
121,Highlands Coffee Vincom Biên Hòa,"1906 Phạm Văn Thuận, phường Tân Mai, Tp. Biên Hòa, Đồng Nai",(0251) 386.1809,,Wifi Miễn Phí Thanh toán bằng thẻ,https://www.highlandscoffee.com.vn/vnt_upload/dealer/07_2018/thumbs/2000_crop_vincom.jpg,https://www.highlandscoffee.com.vn/vn/he-thong-cua-hang/121/x.html,Đồng Nai
127,Highlands Coffee 08 Nguyễn Ái Quốc,"08 Nguyễn Ái Quốc, Phường Quang Vinh, Biên Hòa, Đồng Nai",(0251) 381.6068,,Wifi Miễn Phí Thanh toán bằng thẻ,https://www.highlandscoffee.com.vn/vnt_upload/dealer/07_2018/thumbs/2000_crop_08-naq.jpg,https://www.highlandscoffee.com.vn/vn/he-thong-cua-hang/127/x.html,Đồng Nai
124,Highlands Coffee Khách sạn Đồng Nai,"57 Phạm Văn Thuận, phường Tân Mai, Tp. Biên Hòa, Đồng Nai",(0251) 368.0084,,Wifi Miễn Phí Thanh toán bằng thẻ,https://www.highlandscoffee.com.vn/vnt_upload/dealer/07_2018/thumbs/2000_crop_hotel-dong-nai.jpg,https://www.highlandscoffee.com.vn/vn/he-thong-cua-hang/124/x.html,Đồng Nai
128,Highlands Coffee 779 Nguyễn Ái Quốc,"779 Nguyễn Ái Quốc, Phường Tân Hiệp, Biên Hòa, Đồng Nai",(‎0251) 3 999 398,,Wifi Miễn Phí Thanh toán bằng thẻ,https://www.highlandscoffee.com.vn/vnt_upload/dealer/07_2018/thumbs/2000_crop_779-1.jpg,https://www.highlandscoffee.com.vn/vn/he-thong-cua-hang/128/x.html,Đồng Nai
122,Highlands Coffee Big C Đồng Nai,"Ngã 3 Vũng Tàu, Long Bình Tân, Tp. Biên Hòa, Đồng Nai",(0251) 368.0239,,Wifi Miễn Phí Thanh toán bằng thẻ,https://www.highlandscoffee.com.vn/vnt_upload/dealer/07_2018/thumbs/2000_crop_IMGL1171.jpg,https://www.highlandscoffee.com.vn/vn/he-thong-cua-hang/122/x.html,Đồng Nai
126,Highlands Coffee K24 Võ Thị Sáu,"K24 Võ Thị Sáu, phường Thống Nhất, Biên Hòa, Đồng Nai",(0251) 368.0312,,Wifi Miễn Phí Thanh toán bằng thẻ,https://www.highlandscoffee.com.vn/vnt_upload/dealer/07_2018/thumbs/2000_crop_779-naq.jpg,https://www.highlandscoffee.com.vn/vn/he-thong-cua-hang/126/x.html,Đồng Nai
129,Hai Bà Trưng,"265 - 267 Hai Bà Trưng, Phường 8, Quận 3, Tp. Hồ Chí Minh",(028) 3820.4333,,Wifi Miễn Phí Thanh toán bằng thẻ,https://www.highlandscoffee.com.vn/vnt_upload/dealer/02_2018/thumbs/2000_crop_Highlands-Coffee-anh1.jpg,https://www.highlandscoffee.com.vn/vn/he-thong-cua-hang/129/x.html,Hà Nội
132,The Manor,"94 Nguyễn Hữu Cảnh, Phường 22, Quận Bình Thạnh, Tp. Hồ Chí Minh",(028) 3514.3198,,Wifi Miễn Phí Thanh toán bằng thẻ,https://www.highlandscoffee.com.vn/vnt_upload/dealer/02_2018/thumbs/2000_crop_Highlands-Coffee-anh1.jpg,https://www.highlandscoffee.com.vn/vn/he-thong-cua-hang/132/x.html,Hồ Chí Minh
130,Pearl Plaza,"561A Điện Biên Phủ, Phường 25, Quận Bình Thạnh, Tp. Hồ Chí Minh",(028) 3510.6688,,Wifi Miễn Phí Thanh toán bằng thẻ,https://www.highlandscoffee.com.vn/vnt_upload/dealer/02_2018/thumbs/2000_crop_Highlands-Coffee-anh1.jpg,https://www.highlandscoffee.com.vn/vn/he-thong-cua-hang/130/x.html,Hồ Chí Minh
131,Saigon Pearl,"92 Nguyễn Hữu Cảnh, Phường 22, Quận Bình Thạnh, Tp. Hồ Chí Minh",(028) 3620 2525,,Wifi Miễn Phí Thanh toán bằng thẻ,https://www.highlandscoffee.com.vn/vnt_upload/dealer/02_2018/thumbs/2000_crop_Highlands-Coffee-anh1.jpg,https://www.highlandscoffee.com.vn/vn/he-thong-cua-hang/131/x.html,Hồ Chí Minh
125,Highlands Coffee Hưng Đạo Vương,"112 Hưng Đạo Vương,phường Thanh Bình, Biên Hòa, Đồng Nai",(0251) 368.0236,,Wifi Miễn Phí Thanh toán bằng thẻ,https://www.highlandscoffee.com.vn/vnt_upload/dealer/07_2018/thumbs/2000_crop_hung-dao-vuong.jpg,https://www.highlandscoffee.com.vn/vn/he-thong-cua-hang/125/x.html,Đồng Nai
135,Lê Thánh Tôn,"12 Lê Thánh Tôn, Phường Bến Nghé, Quận 1, Tp. Hồ Chí Minh",(028) 3827.1010,,Wifi Miễn Phí Thanh toán bằng thẻ,https://www.highlandscoffee.com.vn/vnt_upload/dealer/02_2018/thumbs/2000_crop_Highlands-Coffee-anh1.jpg,https://www.highlandscoffee.com.vn/vn/he-thong-cua-hang/135/x.html,Hồ Chí Minh
137,Fideco,"81-85 Hàm Nghi, Phường Nguyễn Thái Bình, Quận 1, Tp. Hồ Chí Minh",(028) 3914.9196,,Wifi Miễn Phí Thanh toán bằng thẻ,https://www.highlandscoffee.com.vn/vnt_upload/dealer/02_2018/thumbs/2000_crop_Highlands-Coffee-anh1.jpg,https://www.highlandscoffee.com.vn/vn/he-thong-cua-hang/137/x.html,Hồ Chí Minh
136,Ngô Đức Kế,"02 Ngô Đức Kế, Phường Bến Nghé, quận 1, Tp. Hồ Chí Minh",(028) 8631 3345,,Wifi Miễn Phí Thanh toán bằng thẻ,https://www.highlandscoffee.com.vn/vnt_upload/dealer/02_2018/thumbs/2000_crop_Highlands-Coffee-anh1.jpg,https://www.highlandscoffee.com.vn/vn/he-thong-cua-hang/136/x.html,Hồ Chí Minh
134,Diamond,"34 Lê Duẩn, Phường Bến Nghé, Quận 1, Hồ Chí Minh, Việt Nam",(028) 3822.0068,,Wifi Miễn Phí Thanh toán bằng thẻ,https://www.highlandscoffee.com.vn/vnt_upload/dealer/05_2018/thumbs/2000_crop_1-05.jpg,https://www.highlandscoffee.com.vn/vn/he-thong-cua-hang/134/x.html,Hồ Chí Minh
138,Garden Plaza,"SB-01, Garden Plaza, 22 Tôn Dật Tiên, Phường Tân Phong, Quận 7, Tp. Hồ Chí Minh",(028) 7109.4949,,Wifi Miễn Phí Thanh toán bằng thẻ,https://www.highlandscoffee.com.vn/vnt_upload/dealer/02_2018/thumbs/2000_crop_Highlands-Coffee-anh1.jpg,https://www.highlandscoffee.com.vn/vn/he-thong-cua-hang/138/x.html,Hồ Chí Minh
133,IMG 1005,"Shop house P1.09 Vinhomes Central Park, Phường 22, Quận Bình Thạnh, Tp. Hồ Chí Minh",(028) 3620.9045,,Wifi Miễn Phí Thanh toán bằng thẻ,https://www.highlandscoffee.com.vn/vnt_upload/dealer/06_2018/thumbs/2000_crop_IMG_1005.jpg,https://www.highlandscoffee.com.vn/vn/he-thong-cua-hang/133/x.html,Hồ Chí Minh
139,IMG 1676,"Tầng trệt, TTTM LOTTE Mart, 469 Nguyễn Hữu Thọ, Phường Tân Hưng, Quận 7, Tp. Hồ Chí Minh",028 7108 0469,,Wifi Miễn Phí Thanh toán bằng thẻ,https://www.highlandscoffee.com.vn/vnt_upload/dealer/06_2018/thumbs/2000_crop_IMG_1676.jpg,https://www.highlandscoffee.com.vn/vn/he-thong-cua-hang/139/x.html,Hồ Chí Minh
140,RMIT,"702 Nguyễn Văn Linh, Phường Tân Phong, Quận 7, Tp. Hồ Chí Minh",088 6068 345,,Thanh toán bằng thẻ,https://www.highlandscoffee.com.vn/vnt_upload/dealer/02_2018/thumbs/2000_crop_Highlands-Coffee-anh1.jpg,https://www.highlandscoffee.com.vn/vn/he-thong-cua-hang/140/x.html,Hồ Chí Minh
141,Saigon South,"152 Nguyễn Lương Bằng, Phường Tân Phong, Quận 7, Tp. Hồ Chí Minh",(028) 5413.5100,,Wifi Miễn Phí Thanh toán bằng thẻ,https://www.highlandscoffee.com.vn/vnt_upload/dealer/02_2018/thumbs/2000_crop_Highlands-Coffee-anh1.jpg,https://www.highlandscoffee.com.vn/vn/he-thong-cua-hang/141/x.html,Hồ Chí Minh
142,Vivo City,"1058 Nguyễn Văn Linh, Phường Tân Phong, Quận 7, Tp. Hồ Chí Minh",(028) 3775.5489,,Wifi Miễn Phí Thanh toán bằng thẻ,https://www.highlandscoffee.com.vn/vnt_upload/dealer/02_2018/thumbs/2000_crop_Highlands-Coffee-anh1.jpg,https://www.highlandscoffee.com.vn/vn/he-thong-cua-hang/142/x.html,Hồ Chí Minh
143,Big C Cityland,"10 Nguyễn Thị Thập, Phường Tân Phú, Quận 7, Tp. Hồ Chí Minh",(028) 2253.0327,,Wifi Miễn Phí Thanh toán bằng thẻ,https://www.highlandscoffee.com.vn/vnt_upload/dealer/02_2018/thumbs/2000_crop_Highlands-Coffee-anh1.jpg,https://www.highlandscoffee.com.vn/vn/he-thong-cua-hang/143/x.html,Hồ Chí Minh
144,Crescent Mall,"Tầng Trệt, Crescent Mall, 101 Tôn Dật Tiên, Phường Tân Phú, Quận 7, Tp. Hồ Chí Minh",(028) 5414.1132,,Wifi Miễn Phí Thanh toán bằng thẻ,https://www.highlandscoffee.com.vn/vnt_upload/dealer/02_2018/thumbs/2000_crop_Highlands-Coffee-anh1.jpg,https://www.highlandscoffee.com.vn/vn/he-thong-cua-hang/144/x.html,Hồ Chí Minh
145,Vincom Nam Long,"73 Trần Trọng Cung, Phường Tân Thuận Đông, Quận 7, Tp. Hồ Chí Minh",(028) 3620.5091,,Wifi Miễn Phí Thanh toán bằng thẻ,https://www.highlandscoffee.com.vn/vnt_upload/dealer/02_2018/thumbs/2000_crop_Highlands-Coffee-anh1.jpg,https://www.highlandscoffee.com.vn/vn/he-thong-cua-hang/145/x.html,Hồ Chí Minh
146,Riverside D7,"Shop House ST-01 Khối E, Tầng 1 tòa nhà Riverside Resident, Số 182 Nguyễn Lương Bằng, P. Tân Phú, Quận 7, Tp. Hồ Chí Minh",(028) 7109 7989,,Wifi Miễn Phí Thanh toán bằng thẻ,https://www.highlandscoffee.com.vn/vnt_upload/dealer/02_2018/thumbs/2000_crop_Highlands-Coffee-anh1.jpg,https://www.highlandscoffee.com.vn/vn/he-thong-cua-hang/146/x.html,Hồ Chí Minh
147,L16 Him Lam,"139 Nguyễn Thị Thập, Phường Tân Hưng, Quận 7, Tp. Hồ Chí Minh",(028) 7106.9797,,Wifi Miễn Phí Thanh toán bằng thẻ,https://www.highlandscoffee.com.vn/vnt_upload/dealer/02_2018/thumbs/2000_crop_Highlands-Coffee-anh1.jpg,https://www.highlandscoffee.com.vn/vn/he-thong-cua-hang/147/x.html,Hồ Chí Minh
148,Maxi 3/2,"3C Đường 3/2, Phường 11, Quận 10, Tp. Hồ Chí Minh",(028) 3832.9611,,Wifi Miễn Phí Thanh toán bằng thẻ,https://www.highlandscoffee.com.vn/vnt_upload/dealer/02_2018/thumbs/2000_crop_Highlands-Coffee-anh1.jpg,https://www.highlandscoffee.com.vn/vn/he-thong-cua-hang/148/x.html,Hồ Chí Minh
149,Lakai,"98 - 126 Nguyễn Tri Phương, Phường 7, Quận 5, Tp. Hồ Chí Minh",(028) 3838.0333,,Wifi Miễn Phí Thanh toán bằng thẻ,https://www.highlandscoffee.com.vn/vnt_upload/dealer/02_2018/thumbs/2000_crop_Highlands-Coffee-anh1.jpg,https://www.highlandscoffee.com.vn/vn/he-thong-cua-hang/149/x.html,Hồ Chí Minh
151,IMG 1165,"61-63-65 Binh Phu, Phường 10, Quận 6, Tp. Hồ Chí Minh",(028) 3620.9276,,Wifi Miễn Phí Thanh toán bằng thẻ,https://www.highlandscoffee.com.vn/vnt_upload/dealer/06_2018/thumbs/2000_crop_IMG_1165.jpg,https://www.highlandscoffee.com.vn/vn/he-thong-cua-hang/151/x.html,Hồ Chí Minh
150,Viettel CMT8,"285 Cách Mạng Tháng 8, Phường 12, Quận 10, Tp. Hồ Chí Minh",(028) 2253.5454,,Wifi Miễn Phí Thanh toán bằng thẻ,https://www.highlandscoffee.com.vn/vnt_upload/dealer/02_2018/thumbs/2000_crop_Highlands-Coffee-anh1.jpg,https://www.highlandscoffee.com.vn/vn/he-thong-cua-hang/150/x.html,Hồ Chí Minh
152,IMG 1067,"634 Bis Phạm Văn Chí, Phường 8, Quận 6, Tp. Hồ Chí Minh",(028) 7106.8989,,Wifi Miễn Phí Thanh toán bằng thẻ,https://www.highlandscoffee.com.vn/vnt_upload/dealer/06_2018/thumbs/2000_crop_IMG_1067.jpg,https://www.highlandscoffee.com.vn/vn/he-thong-cua-hang/152/x.html,Hồ Chí Minh
153,Highlands Coffee Số 7 Bình Tân,"142-144, Số 7 , Phường Bình Trị Đông, Quận Bình Tân, Tp. Hồ Chí Minh",(028) 7109 9628,,Wifi Miễn Phí Thanh toán bằng thẻ,https://www.highlandscoffee.com.vn/vnt_upload/dealer/02_2018/thumbs/2000_crop_Highlands-Coffee-anh1.jpg,https://www.highlandscoffee.com.vn/vn/he-thong-cua-hang/153/x.html,Hồ Chí Minh
155,Lũy Bán Bích,"462 Lũy Bán Bích, Phường Hòa Thạnh, Quận Tân Phú, Tp. Hồ Chí Minh",(028) 3978.5179,,Wifi Miễn Phí Thanh toán bằng thẻ,https://www.highlandscoffee.com.vn/vnt_upload/dealer/02_2018/thumbs/2000_crop_Highlands-Coffee-anh1.jpg,https://www.highlandscoffee.com.vn/vn/he-thong-cua-hang/155/x.html,Hồ Chí Minh
154,Tân Sơn Nhì,"370 -372 Tân Sơn Nhì, Phường Tân Sơn Nhì, Quận Tân Phú, Tp. Hồ Chí Minh",(028) 3812.2569,,Wifi Miễn Phí Thanh toán bằng thẻ,https://www.highlandscoffee.com.vn/vnt_upload/dealer/02_2018/thumbs/2000_crop_Highlands-Coffee-anh1.jpg,https://www.highlandscoffee.com.vn/vn/he-thong-cua-hang/154/x.html,Hồ Chí Minh
158,Mạc Đĩnh Chi,"39 Mạc Đĩnh Chi, Phường Đa Kao, Quận 1, Tp. Hồ Chí Minh",(028) 3827.3649,,Wifi Miễn Phí Thanh toán bằng thẻ,https://www.highlandscoffee.com.vn/vnt_upload/dealer/02_2018/thumbs/2000_crop_Highlands-Coffee-anh1.jpg,https://www.highlandscoffee.com.vn/vn/he-thong-cua-hang/158/x.html,Hồ Chí Minh
156,SG Tower,"29 Lê Duẩn, Phường Bến Nghé, Quận 1, Tp. Hồ Chí Minh",(028) 3824.1380,,Thanh toán bằng thẻ,https://www.highlandscoffee.com.vn/vnt_upload/dealer/02_2018/thumbs/2000_crop_Highlands-Coffee-anh1.jpg,https://www.highlandscoffee.com.vn/vn/he-thong-cua-hang/156/x.html,Hồ Chí Minh
157,Nguyễn Đình Chiểu,"27 Nguyễn Đình Chiểu, Phường Da Kao, Quận 1, Tp. Hồ Chí Minh",(028) 3910.2020,,Wifi Miễn Phí Thanh toán bằng thẻ,https://www.highlandscoffee.com.vn/vnt_upload/dealer/02_2018/thumbs/2000_crop_Highlands-Coffee-anh1.jpg,https://www.highlandscoffee.com.vn/vn/he-thong-cua-hang/157/x.html,Hồ Chí Minh
159,Trần Hưng Đạo,"683 Trần Hưng Đạo, Phường 1, Quận 5, Tp. Hồ Chí Minh",(028) 3838.3262,,Wifi Miễn Phí Thanh toán bằng thẻ,https://www.highlandscoffee.com.vn/vnt_upload/dealer/02_2018/thumbs/2000_crop_Highlands-Coffee-anh1.jpg,https://www.highlandscoffee.com.vn/vn/he-thong-cua-hang/159/x.html,Hồ Chí Minh
161,90 CMT8,"90 Cách Mạng Tháng 8, Phường 6, Quận 3, Tp. Hồ Chí Minh",(028) 3930.1888,,Wifi Miễn Phí Thanh toán bằng thẻ,https://www.highlandscoffee.com.vn/vnt_upload/dealer/02_2018/thumbs/2000_crop_Highlands-Coffee-anh1.jpg,https://www.highlandscoffee.com.vn/vn/he-thong-cua-hang/161/x.html,Hồ Chí Minh
160,Trần Quang Khải,"135A Trần Quang Khải, Phường Tân Định, Quận 1, Tp. Hồ Chí Minh",(028) 71091452,,Wifi Miễn Phí Thanh toán bằng thẻ,https://www.highlandscoffee.com.vn/vnt_upload/dealer/02_2018/thumbs/2000_crop_Highlands-Coffee-anh1.jpg,https://www.highlandscoffee.com.vn/vn/he-thong-cua-hang/160/x.html,Hồ Chí Minh
163,Saigon Pavillon,"53-55 Bà Huyện Thanh Quan, Quận 3, Tp. Hồ Chí Minh",(028) 71082324,7:00 - 23:00,Wifi Miễn Phí Thanh toán bằng thẻ,https://www.highlandscoffee.com.vn/vnt_upload/dealer/02_2018/thumbs/2000_crop_Highlands-Coffee-anh1.jpg,https://www.highlandscoffee.com.vn/vn/he-thong-cua-hang/163/x.html,Hồ Chí Minh
162,Saigon Trade,"37 Tôn Đức Thắng, Phường Bến Nghé, Quận 1, Tp. Hồ Chí Minh",(028) 7106 6465,,Wifi Miễn Phí Thanh toán bằng thẻ,https://www.highlandscoffee.com.vn/vnt_upload/dealer/02_2018/thumbs/2000_crop_Highlands-Coffee-anh1.jpg,https://www.highlandscoffee.com.vn/vn/he-thong-cua-hang/162/x.html,Hồ Chí Minh
164,City Museum,"65 Lý Tự Trọng , Phường Bến Nghé, Quận 1, Tp. Hồ Chí Minh",(028) 3823.3557,,Wifi Miễn Phí Thanh toán bằng thẻ,https://www.highlandscoffee.com.vn/vnt_upload/dealer/02_2018/thumbs/2000_crop_Highlands-Coffee-anh1.jpg,https://www.highlandscoffee.com.vn/vn/he-thong-cua-hang/164/x.html,Hồ Chí Minh
165,Opera House,"7 Công Trường Lam Sơn, Phường Bến Nghé, Quận 1, Tp. Hồ Chí Minh",(028) 3822.5017,,Wifi Miễn Phí Thanh toán bằng thẻ,https://www.highlandscoffee.com.vn/vnt_upload/dealer/02_2018/thumbs/2000_crop_Highlands-Coffee-anh1.jpg,https://www.highlandscoffee.com.vn/vn/he-thong-cua-hang/165/x.html,Hồ Chí Minh
167,Bitexco,"2 Hải Triều, Phường Bến Nghé, Quận 1, Tp. Hồ Chí Minh",(028) 3821.3555,,Wifi Miễn Phí,https://www.highlandscoffee.com.vn/vnt_upload/dealer/02_2018/thumbs/2000_crop_Highlands-Coffee-anh1.jpg,https://www.highlandscoffee.com.vn/vn/he-thong-cua-hang/167/x.html,Hồ Chí Minh
168,SG Centre,"65 Lê Lợi, Phường Bến Nghé, Quận 1, Tp. Hồ Chí Minh",(028) 3915.1666,,Wifi Miễn Phí Thanh toán bằng thẻ,https://www.highlandscoffee.com.vn/vnt_upload/dealer/02_2018/thumbs/2000_crop_Highlands-Coffee-anh1.jpg,https://www.highlandscoffee.com.vn/vn/he-thong-cua-hang/168/x.html,Hồ Chí Minh
170,NKKN,"92 Nam Kỳ Khởi Nghĩa, Phường Bến Nghé, Quận 1, Tp. Hồ Chí Minh",(028) 3914.7676,,Wifi Miễn Phí,https://www.highlandscoffee.com.vn/vnt_upload/dealer/02_2018/thumbs/2000_crop_Highlands-Coffee-anh1.jpg,https://www.highlandscoffee.com.vn/vn/he-thong-cua-hang/170/x.html,Hồ Chí Minh
169,Liberty,"187 Phạm Ngũ Lão, Phường Phạm Ngũ Lão, Quận 1, Tp. Hồ Chí Minh",(028) 3838.9523,,Wifi Miễn Phí Thanh toán bằng thẻ,https://www.highlandscoffee.com.vn/vnt_upload/dealer/02_2018/thumbs/2000_crop_Highlands-Coffee-anh1.jpg,https://www.highlandscoffee.com.vn/vn/he-thong-cua-hang/169/x.html,Hồ Chí Minh
171,IMG 1196,"161-163 Calmette, Phường Nguyễn Thái Bình, Quận 1 , Tp. Hồ Chí Minh",(028) 3821.1071,,Wifi Miễn Phí Thanh toán bằng thẻ,https://www.highlandscoffee.com.vn/vnt_upload/dealer/06_2018/thumbs/2000_crop_IMG_1196.jpg,https://www.highlandscoffee.com.vn/vn/he-thong-cua-hang/171/x.html,Hồ Chí Minh
173,Hùng Vương Food Court,"Lầu 3, Tòa nhà Hùng Vương Plaza, 126 Hùng Vương, Phường 12, Quận 5, Tp. Hồ Chí Minh",,,,https://www.highlandscoffee.com.vn/vnt_upload/dealer/02_2018/thumbs/2000_crop_Highlands-Coffee-anh1.jpg,https://www.highlandscoffee.com.vn/vn/he-thong-cua-hang/173/x.html,Hồ Chí Minh
172,Aeon Bình Tân,"532A Kinh Dương Vương, Phường Bình Trị Đông B, Quận Bình Tân, Tp. Hồ Chí Minh",(028) 3620.2383,,Wifi Miễn Phí,https://www.highlandscoffee.com.vn/vnt_upload/dealer/02_2018/thumbs/2000_crop_Highlands-Coffee-anh1.jpg,https://www.highlandscoffee.com.vn/vn/he-thong-cua-hang/172/x.html,Hồ Chí Minh
174,Hùng Vương trệt,"126 Hùng Vương, Phường 12, Quận 5, Tp. Hồ Chí Minh",(028) 2222.0264,,Wifi Miễn Phí,https://www.highlandscoffee.com.vn/vnt_upload/dealer/02_2018/thumbs/2000_crop_Highlands-Coffee-anh1.jpg,https://www.highlandscoffee.com.vn/vn/he-thong-cua-hang/174/x.html,Hồ Chí Minh
175,Big C An Lạc,"1231 1A Cao Tốc, Phường Bình Trị Đông B, Quận Bình Tân, Tp. Hồ Chí Minh",(028) 7107 6667,,Wifi Miễn Phí Thanh toán bằng thẻ,https://www.highlandscoffee.com.vn/vnt_upload/dealer/02_2018/thumbs/2000_crop_Highlands-Coffee-anh1.jpg,https://www.highlandscoffee.com.vn/vn/he-thong-cua-hang/175/x.html,Hồ Chí Minh
176,Parkson Lê Thánh Tôn,"Tầng 3, 35 - 45 Bis Lê Thánh Tôn, Phường Bến Nghé, Quận 1, Tp. Hồ Chí Minh",(028) 3827.1010,,,https://www.highlandscoffee.com.vn/vnt_upload/dealer/02_2018/thumbs/2000_crop_Highlands-Coffee-anh1.jpg,https://www.highlandscoffee.com.vn/vn/he-thong-cua-hang/176/x.html,Hồ Chí Minh
177,Nguyễn Du,"75 Nguyễn Du, Phường Bến Nghé, quận 1, Tp. Hồ Chí Minh",(028) 3822.7110,,Wifi Miễn Phí Thanh toán bằng thẻ,https://www.highlandscoffee.com.vn/vnt_upload/dealer/02_2018/thumbs/2000_crop_Highlands-Coffee-anh1.jpg,https://www.highlandscoffee.com.vn/vn/he-thong-cua-hang/177/x.html,Hồ Chí Minh
178,Vincom B3,"70 - 72 Lê Thánh Tôn, Phường Bến Nghé, quận 1, Tp. Hồ Chí Minh",(028) 3827.2981,,Wifi Miễn Phí Thanh toán bằng thẻ,https://www.highlandscoffee.com.vn/vnt_upload/dealer/02_2018/thumbs/2000_crop_Highlands-Coffee-anh1.jpg,https://www.highlandscoffee.com.vn/vn/he-thong-cua-hang/178/x.html,Hồ Chí Minh
179,Ba Tháng Hai,"1213 Ba Tháng Hai, Phường 6, quận 11, Tp. Hồ Chí Minh",(028) 3620.1117,,Wifi Miễn Phí Thanh toán bằng thẻ,https://www.highlandscoffee.com.vn/vnt_upload/dealer/02_2018/thumbs/2000_crop_Highlands-Coffee-anh1.jpg,https://www.highlandscoffee.com.vn/vn/he-thong-cua-hang/179/x.html,Hồ Chí Minh
180,Tùng Thiện Vương,"312 - 314 Tùng Thiện Vương, Phường 13, quận 8, Tp. Hồ Chí Minh",(028) 3857.9888,,Wifi Miễn Phí Thanh toán bằng thẻ,https://www.highlandscoffee.com.vn/vnt_upload/dealer/02_2018/thumbs/2000_crop_Highlands-Coffee-anh1.jpg,https://www.highlandscoffee.com.vn/vn/he-thong-cua-hang/180/x.html,Hồ Chí Minh
182,IMG 7392,"2 Bis Công Trường Quốc Tế, Phường 6, Quận 3, Tp. Hồ Chí Minh",(028) 3822.9971,,Wifi Miễn Phí Thanh toán bằng thẻ,https://www.highlandscoffee.com.vn/vnt_upload/dealer/06_2018/thumbs/2000_crop_IMG_7392.jpg,https://www.highlandscoffee.com.vn/vn/he-thong-cua-hang/182/x.html,Hồ Chí Minh
181,Satra 3/2,"460 3 Tháng 2, Phường 12, quận 10, Tp. Hồ Chí Minh",028 71080460,,Wifi Miễn Phí Thanh toán bằng thẻ,https://www.highlandscoffee.com.vn/vnt_upload/dealer/02_2018/thumbs/2000_crop_Highlands-Coffee-anh1.jpg,https://www.highlandscoffee.com.vn/vn/he-thong-cua-hang/181/x.html,Hồ Chí Minh
183,IMG 2306,"135 Nam Kỳ Khởi Nghĩa, Phường Bến Thành, Quận 1, Tp. Hồ Chí Minh",(028) 3620.9980,,Wifi Miễn Phí,https://www.highlandscoffee.com.vn/vnt_upload/dealer/06_2018/thumbs/2000_crop_IMG_2306.jpg,https://www.highlandscoffee.com.vn/vn/he-thong-cua-hang/183/x.html,Hồ Chí Minh
184,Highlands Coffee Trade Center D10,"11 Sư Vạn Hạnh, Phường 12, Quận 10, Tp. Hồ Chí Minh",(028) 7106 4949,7:00 – 23:00 * 7 ngày/ tuần,Wifi Miễn Phí Thanh toán bằng thẻ,https://www.highlandscoffee.com.vn/vnt_upload/dealer/02_2018/thumbs/2000_crop_Highlands-Coffee-anh1.jpg,https://www.highlandscoffee.com.vn/vn/he-thong-cua-hang/184/x.html,Hồ Chí Minh
187,Citi Ground,"60A Trường Sơn, Phường 2, quận Tân Bình, Tp. Hồ Chí Minh",(028) 6681.5601,,Wifi Miễn Phí Thanh toán bằng thẻ,https://www.highlandscoffee.com.vn/vnt_upload/dealer/02_2018/thumbs/2000_crop_Highlands-Coffee-anh1.jpg,https://www.highlandscoffee.com.vn/vn/he-thong-cua-hang/187/x.html,Hồ Chí Minh
186,CT Lầu 4,"60A Trường Sơn, Phường 2, Quận Tân Bình, Tp. Hồ Chí Minh",(028) 3827.2981,,,https://www.highlandscoffee.com.vn/vnt_upload/dealer/02_2018/thumbs/2000_crop_Highlands-Coffee-anh1.jpg,https://www.highlandscoffee.com.vn/vn/he-thong-cua-hang/186/x.html,Hồ Chí Minh
188,Sân Bay Tân Sơn Nhất,"Domestic Terminal, Sân bay Tân Sơn Nhất, Tp. Hồ Chí Minh",(028) 3620 8106,5:00 - 23:00,Wifi Miễn Phí Thanh toán bằng thẻ,https://www.highlandscoffee.com.vn/vnt_upload/dealer/02_2018/thumbs/2000_crop_Highlands-Coffee-anh1.jpg,https://www.highlandscoffee.com.vn/vn/he-thong-cua-hang/188/x.html,Hồ Chí Minh
189,Vincom Saigonres,"79/81 Nguyễn Xí, Phường 26, Quận Bình Thạnh, Tp. Hồ Chí Minh",(028) 3620.7748,,Wifi Miễn Phí Thanh toán bằng thẻ,https://www.highlandscoffee.com.vn/vnt_upload/dealer/02_2018/thumbs/2000_crop_Highlands-Coffee-anh1.jpg,https://www.highlandscoffee.com.vn/vn/he-thong-cua-hang/189/x.html,Hồ Chí Minh
190,Lotte Mart Gò Vấp,"18 Phan Văn Trị, Phường 10, quận Gò Vấp, Tp. Hồ Chí Minh",(028) 3620.0062,,Wifi Miễn Phí Thanh toán bằng thẻ,https://www.highlandscoffee.com.vn/vnt_upload/dealer/02_2018/thumbs/2000_crop_Highlands-Coffee-anh1.jpg,https://www.highlandscoffee.com.vn/vn/he-thong-cua-hang/190/x.html,Hồ Chí Minh
191,58E Bach Dang,"58E Bạch Đằng, Phường 2, quận Tân Bình, Tp. Hồ Chí Minh",(028) 3848 6119,,Wifi Miễn Phí Thanh toán bằng thẻ,https://www.highlandscoffee.com.vn/vnt_upload/dealer/02_2018/thumbs/2000_crop_Highlands-Coffee-anh1.jpg,https://www.highlandscoffee.com.vn/vn/he-thong-cua-hang/191/x.html,Hồ Chí Minh
192,Vincom Quang Trung,"190 Quang Trung, Phường 10, quận Gò Vấp, Tp. Hồ Chí Minh",028 71016566,,Wifi Miễn Phí Thanh toán bằng thẻ,https://www.highlandscoffee.com.vn/vnt_upload/dealer/02_2018/thumbs/2000_crop_Highlands-Coffee-anh1.jpg,https://www.highlandscoffee.com.vn/vn/he-thong-cua-hang/192/x.html,Hồ Chí Minh
193,Vincom Gò Vấp,"12 Phan Văn Trị, Phường 7, quận Gò Vấp, Tp. Hồ Chí Minh",(028) 3989.7999,,Wifi Miễn Phí Thanh toán bằng thẻ,https://www.highlandscoffee.com.vn/vnt_upload/dealer/02_2018/thumbs/2000_crop_Highlands-Coffee-anh1.jpg,https://www.highlandscoffee.com.vn/vn/he-thong-cua-hang/193/x.html,Hồ Chí Minh
194,SG Mall,"2A Phan Văn Trị, Phường 10, quận Gò Vấp, Tp. Hồ Chí Minh",028 71099676,7:00 – 23:00 * 7 ngày/ tuần,Wifi Miễn Phí Thanh toán bằng thẻ,https://www.highlandscoffee.com.vn/vnt_upload/dealer/02_2018/thumbs/2000_crop_Highlands-Coffee-anh1.jpg,https://www.highlandscoffee.com.vn/vn/he-thong-cua-hang/194/x.html,Hồ Chí Minh
195,Phổ Quang,"7 Phổ Quang, Phường 2, quận Tân Bình, Tp. Hồ Chí Minh",(028) 3842.2777,,Wifi Miễn Phí Thanh toán bằng thẻ,https://www.highlandscoffee.com.vn/vnt_upload/dealer/02_2018/thumbs/2000_crop_Highlands-Coffee-anh1.jpg,https://www.highlandscoffee.com.vn/vn/he-thong-cua-hang/195/x.html,Hồ Chí Minh
197,Maxi Cộng Hòa,"15 - 17 Cộng Hòa, Phường 4, quận Tân Bình, Tp. Hồ Chí Minh",(028) 3811.6225,,Wifi Miễn Phí Thanh toán bằng thẻ,https://www.highlandscoffee.com.vn/vnt_upload/dealer/02_2018/thumbs/2000_crop_Highlands-Coffee-anh1.jpg,https://www.highlandscoffee.com.vn/vn/he-thong-cua-hang/197/x.html,Hồ Chí Minh
196,Lê Văn Sỹ,"188A Lê Văn Sỹ, Phường 10, quận Phú Nhuận, Tp. Hồ Chí Minh",(028) 3991.1567,,Wifi Miễn Phí Thanh toán bằng thẻ,https://www.highlandscoffee.com.vn/vnt_upload/dealer/02_2018/thumbs/2000_crop_Highlands-Coffee-anh1.jpg,https://www.highlandscoffee.com.vn/vn/he-thong-cua-hang/196/x.html,Hồ Chí Minh
198,Central Point,"106 Nguyễn Văn Trỗi, Phường 6, quận Phú Nhuận, Tp. Hồ Chí Minh",(028) 3997.5757,,,https://www.highlandscoffee.com.vn/vnt_upload/dealer/02_2018/thumbs/2000_crop_Highlands-Coffee-anh1.jpg,https://www.highlandscoffee.com.vn/vn/he-thong-cua-hang/198/x.html,Hồ Chí Minh
200,Phan Xích Long,"193 Phan Xích Long, Phường 2, quận Phú Nhuận, Tp. Hồ Chí Minh",(028) 3517.1777,,Wifi Miễn Phí Thanh toán bằng thẻ,https://www.highlandscoffee.com.vn/vnt_upload/dealer/02_2018/thumbs/2000_crop_Highlands-Coffee-anh1.jpg,https://www.highlandscoffee.com.vn/vn/he-thong-cua-hang/200/x.html,Hồ Chí Minh
201,Pico,"20 Cộng Hòa, Phường 12, quận Tân Bình, Tp. Hồ Chí Minh",(028) 3620.0888,,Wifi Miễn Phí Thanh toán bằng thẻ,https://www.highlandscoffee.com.vn/vnt_upload/dealer/02_2018/thumbs/2000_crop_Highlands-Coffee-anh1.jpg,https://www.highlandscoffee.com.vn/vn/he-thong-cua-hang/201/x.html,Hồ Chí Minh
202,Highlands Coffee Bao Minh Tower HCM,"217 Nam Kỳ Khởi Nghĩa, Phường 7, quận 3, Tp. Hồ Chí Minh",028 7123 9785,,Wifi Miễn Phí Thanh toán bằng thẻ,https://www.highlandscoffee.com.vn/vnt_upload/dealer/02_2018/thumbs/2000_crop_Highlands-Coffee-anh1.jpg,https://www.highlandscoffee.com.vn/vn/he-thong-cua-hang/202/x.html,Hồ Chí Minh
204,Vincom Lê Văn Việt,"50 Lê Văn Việt, Phường Hiệp Phú, quận 9, Tp. Hồ Chí Minh",(028) 3730.5888,,Wifi Miễn Phí Thanh toán bằng thẻ,https://www.highlandscoffee.com.vn/vnt_upload/dealer/02_2018/thumbs/2000_crop_Highlands-Coffee-anh1.jpg,https://www.highlandscoffee.com.vn/vn/he-thong-cua-hang/204/x.html,Hồ Chí Minh
203,Botanica,"104 Phổ Quang, Phường 2, Quận Tân Bình, Tp. Hồ Chí Minh",(028) 7108 9797,,Wifi Miễn Phí Thanh toán bằng thẻ,https://www.highlandscoffee.com.vn/vnt_upload/dealer/02_2018/thumbs/2000_crop_Highlands-Coffee-anh1.jpg,https://www.highlandscoffee.com.vn/vn/he-thong-cua-hang/203/x.html,Hồ Chí Minh
205,Cantavil,"Xa Lộ Hà Nội, An Phu Phường, quận 2, Tp. Hồ Chí Minh",028 7107 9008,,Wifi Miễn Phí Thanh toán bằng thẻ,https://www.highlandscoffee.com.vn/vnt_upload/dealer/02_2018/thumbs/2000_crop_Highlands-Coffee-anh1.jpg,https://www.highlandscoffee.com.vn/vn/he-thong-cua-hang/205/x.html,Hồ Chí Minh
206,Vincom Thủ Đức,"216 Võ Văn Ngân,Phường Bình Thọ, quận Thủ Đức, Tp. Hồ Chí Minh",(028) 3722.5333,,Wifi Miễn Phí Thanh toán bằng thẻ,https://www.highlandscoffee.com.vn/vnt_upload/dealer/02_2018/thumbs/2000_crop_Highlands-Coffee-anh1.jpg,https://www.highlandscoffee.com.vn/vn/he-thong-cua-hang/206/x.html,Hồ Chí Minh
207,Hoàng Diệu 2,"142 Hoàng Diệu 2, Phường Linh Chiểu, Quận Thủ Đức, Tp. Hồ Chí Minh",(028) 3897.3678,,Wifi Miễn Phí Thanh toán bằng thẻ,https://www.highlandscoffee.com.vn/vnt_upload/dealer/02_2018/thumbs/2000_crop_Highlands-Coffee-anh1.jpg,https://www.highlandscoffee.com.vn/vn/he-thong-cua-hang/207/x.html,Hồ Chí Minh
208,Vincom Thảo Điền,"159 Xa Lộ Hà Nội, Phường Thảo Điền, quận 2, Tp. Hồ Chí Minh",(028) 3519.1999,,Wifi Miễn Phí Thanh toán bằng thẻ,https://www.highlandscoffee.com.vn/vnt_upload/dealer/02_2018/thumbs/2000_crop_Highlands-Coffee-anh1.jpg,https://www.highlandscoffee.com.vn/vn/he-thong-cua-hang/208/x.html,Hồ Chí Minh
209,Sala,"125 Nguyễn Cơ Thạch,Phường An Lợi Đông, quận 2, Tp. Hồ Chí Minh",(028) 7107 6465,7:00 - 23:00,Wifi Miễn Phí Thanh toán bằng thẻ,https://www.highlandscoffee.com.vn/vnt_upload/dealer/02_2018/thumbs/2000_crop_Highlands-Coffee-anh1.jpg,https://www.highlandscoffee.com.vn/vn/he-thong-cua-hang/209/x.html,Hồ Chí Minh
210,Joy Citypoint,"Linh Trung 1, Quốc Lộ 1A, Phường Linh Trung , quận Thủ Đức, Tp. Hồ Chí Minh",(028) 3620.5270,,Wifi Miễn Phí Thanh toán bằng thẻ,https://www.highlandscoffee.com.vn/vnt_upload/dealer/02_2018/thumbs/2000_crop_Highlands-Coffee-anh1.jpg,https://www.highlandscoffee.com.vn/vn/he-thong-cua-hang/210/x.html,Hồ Chí Minh
211,Vincom Nguyễn Duy Trinh,"307 Nguyễn Duy Trinh, Phường Bình Trưng Tây, quận 2, Tp. Hồ Chí Minh",(028) 3743 8448,,Wifi Miễn Phí Thanh toán bằng thẻ,https://www.highlandscoffee.com.vn/vnt_upload/dealer/02_2018/thumbs/2000_crop_Highlands-Coffee-anh1.jpg,https://www.highlandscoffee.com.vn/vn/he-thong-cua-hang/211/x.html,Hồ Chí Minh
213,New City,"17 Mai Chí Thọ, Phường Bình Khánh, Quận 2, Tp. Hồ Chí Minh",(028) 7107.4949,,Wifi Miễn Phí Thanh toán bằng thẻ,https://www.highlandscoffee.com.vn/vnt_upload/dealer/02_2018/thumbs/2000_crop_Highlands-Coffee-anh1.jpg,https://www.highlandscoffee.com.vn/vn/he-thong-cua-hang/213/x.html,Hồ Chí Minh
212,Xuân Thủy,"64 Xuân Thủy, Phường Thảo Điền, quận 2, Tp. Hồ Chí Minh",(‎028) 3898.9994,,Wifi Miễn Phí Thanh toán bằng thẻ,https://www.highlandscoffee.com.vn/vnt_upload/dealer/02_2018/thumbs/2000_crop_Highlands-Coffee-anh1.jpg,https://www.highlandscoffee.com.vn/vn/he-thong-cua-hang/212/x.html,Hồ Chí Minh
214,Highlands Coffee 331 Le Van Viet,"331 Lê Văn Việt, Tăng Nhơn Phú B, Quận 9, Tp. Hồ Chí Minh",(028) 7108 4949,7:00 – 23:00 * 7 ngày/ tuần,Wifi Miễn Phí Thanh toán bằng thẻ,https://www.highlandscoffee.com.vn/vnt_upload/dealer/02_2018/thumbs/2000_crop_Highlands-Coffee-anh1.jpg,https://www.highlandscoffee.com.vn/vn/he-thong-cua-hang/214/x.html,Hồ Chí Minh
215,Bàu Cát,"1-3-5 Bàu Cát, Phường 14, Quận Tân Bình, Tp. Hồ Chí Minh",(028) 3812.2568,,Wifi Miễn Phí Thanh toán bằng thẻ,https://www.highlandscoffee.com.vn/vnt_upload/dealer/02_2018/thumbs/2000_crop_Highlands-Coffee-anh1.jpg,https://www.highlandscoffee.com.vn/vn/he-thong-cua-hang/215/x.html,Hồ Chí Minh
217,Kim Minh Vũng Tàu,"54 Trần Hưng Đạo, Phường 1, Tp. Vũng Tàu, Bà Rịa Vũng Tàu",(0254) 381.0988,,Wifi Miễn Phí Thanh toán bằng thẻ,https://www.highlandscoffee.com.vn/vnt_upload/dealer/02_2018/thumbs/2000_crop_Highlands-Coffee-anh1.jpg,https://www.highlandscoffee.com.vn/vn/he-thong-cua-hang/217/x.html,Bà Rịa - Vũng Tàu
216,Etown,"364 Cộng Hòa, Phường 13, quận Tân Bình, HCMC",(028) 3812.5631,,Wifi Miễn Phí Thanh toán bằng thẻ,https://www.highlandscoffee.com.vn/vnt_upload/dealer/02_2018/thumbs/2000_crop_Highlands-Coffee-anh1.jpg,https://www.highlandscoffee.com.vn/vn/he-thong-cua-hang/216/x.html,Hồ Chí Minh
218,Nguyễn Thái Học Vũng Tàu,"6 Nguyễn Thái Học, Phường 7, Tp. Vũng Tàu, Bà Rịa Vũng Tàu",(0254) 381.0989,,Wifi Miễn Phí Thanh toán bằng thẻ,https://www.highlandscoffee.com.vn/vnt_upload/dealer/02_2018/thumbs/2000_crop_Highlands-Coffee-anh1.jpg,https://www.highlandscoffee.com.vn/vn/he-thong-cua-hang/218/x.html,Bà Rịa - Vũng Tàu
219,Hoàng Hoa Thám,"148 Hoàng Hoa Thám, Phường 2, Tp. Vũng Tàu, Bà Rịa Vũng Tàu",(0254) 381.0898,,Wifi Miễn Phí Thanh toán bằng thẻ,https://www.highlandscoffee.com.vn/vnt_upload/dealer/02_2018/thumbs/2000_crop_Highlands-Coffee-anh1.jpg,https://www.highlandscoffee.com.vn/vn/he-thong-cua-hang/219/x.html,Bà Rịa - Vũng Tàu
220,Tân Hoàng Mão,"1215C - 1215D Bạch Đằng, Phường Phước Trung, TX. Bà Rịa , Bà Rịa Vũng Tàu",(0254) 371 7678,7:00 - 23:00,Wifi Miễn Phí Thanh toán bằng thẻ,https://www.highlandscoffee.com.vn/vnt_upload/dealer/02_2018/thumbs/2000_crop_Highlands-Coffee-anh1.jpg,https://www.highlandscoffee.com.vn/vn/he-thong-cua-hang/220/x.html,Bà Rịa - Vũng Tàu
221,304 Le Hong Phong,"304 Lê Hồng Phong, P.4, Tp..Vũng Tàu, Bà Rịa Vũng Tàu",(0254)7301217,,Wifi Miễn Phí Thanh toán bằng thẻ,https://www.highlandscoffee.com.vn/vnt_upload/dealer/02_2018/thumbs/2000_crop_Highlands-Coffee-anh1.jpg,https://www.highlandscoffee.com.vn/vn/he-thong-cua-hang/221/x.html,Bà Rịa - Vũng Tàu
226,Vincom Tân An,"Hùng Vương, Phường 2, Tp. Tân An, Long An",(0272) 3986 939,,Wifi Miễn Phí Thanh toán bằng thẻ,https://www.highlandscoffee.com.vn/vnt_upload/dealer/06_2018/thumbs/2000_crop_DSC_0014.jpg,https://www.highlandscoffee.com.vn/vn/he-thong-cua-hang/226/x.html,Long An
227,Highlands Coffee No.01 3/2 Can Tho,"1 3/2, phường Xuân Khánh, quận Ninh Kiều, Tp. Cần Thơ",(0292) 391.4444,,Wifi Miễn Phí Thanh toán bằng thẻ,https://www.highlandscoffee.com.vn/vnt_upload/dealer/02_2018/thumbs/2000_crop_Highlands-Coffee-anh1.jpg,https://www.highlandscoffee.com.vn/vn/he-thong-cua-hang/227/x.html,Cần Thơ
228,Highlands Coffee 210 Số 5 Biên Hòa,"210/5 Đường số 5, Phường Tân Tiến, Biên Hòa, Đồng Nai",(0251) 3680 870,,Wifi Miễn Phí Thanh toán bằng thẻ,https://www.highlandscoffee.com.vn/vnt_upload/dealer/07_2018/thumbs/2000_crop_210-no-5.jpg,https://www.highlandscoffee.com.vn/vn/he-thong-cua-hang/228/x.html,Đồng Nai
229,Highlands Coffee LOTTE Mart Đồng Nai,"Tầng B3 Khu Thương Mại Amata, Quốc Lộ 1A, Phường Long Bình, Biên Hòa, Đồng Nai",(0251) 3682 839,,Wifi Miễn Phí Thanh toán bằng thẻ,https://www.highlandscoffee.com.vn/vnt_upload/dealer/07_2018/thumbs/2000_crop_lotte-dong-nai.jpg,https://www.highlandscoffee.com.vn/vn/he-thong-cua-hang/229/x.html,Đồng Nai
232,IMG 1010,"208 Nguyễn Hữu Cảnh, Phường 22, Quận Bình Thạnh, Tp. Hồ Chí Minh",(028) 710 76566,,Wifi Miễn Phí Thanh toán bằng thẻ,https://www.highlandscoffee.com.vn/vnt_upload/dealer/07_2018/thumbs/2000_crop_IMG_1010.jpg,https://www.highlandscoffee.com.vn/vn/he-thong-cua-hang/232/x.html,Hồ Chí Minh
230,134 Tạ Uyên,"134 Tạ Uyên, Phường 4, Quận 11, Tp. Hồ Chí Minh",(028) 7108 1929,,Wifi Miễn Phí Thanh toán bằng thẻ,https://www.highlandscoffee.com.vn/vnt_upload/dealer/02_2018/thumbs/2000_crop_Highlands-Coffee-anh1.jpg,https://www.highlandscoffee.com.vn/vn/he-thong-cua-hang/230/x.html,Hồ Chí Minh
233,225 Nguyễn Đình Chiểu,"225 Nguyễn Đình Chiểu, Phường 5, Quận 3, Tp. Hồ Chí Minh",(028) 7109 6566,,Wifi Miễn Phí Thanh toán bằng thẻ,https://www.highlandscoffee.com.vn/vnt_upload/dealer/02_2018/thumbs/2000_crop_Highlands-Coffee-anh1.jpg,https://www.highlandscoffee.com.vn/vn/he-thong-cua-hang/233/x.html,Hồ Chí Minh
231,Highlands Coffee Nguyễn Văn Tiết,"80 Nguyễn Văn Tiết, P. Lái Thiêu, Thuận An, Bình Dương",(0274) 730 1414,,,https://www.highlandscoffee.com.vn/vnt_upload/dealer/02_2018/thumbs/2000_crop_Highlands-Coffee-anh1.jpg,https://www.highlandscoffee.com.vn/vn/he-thong-cua-hang/231/x.html,Bình Dương
234,Highlands Coffee 540 Đại Lộ Bình Dương,"540 Đại Lộ Bình Dương, P. Hiệp Thành, Tp. Thủ Dầu Một, Bình Dương",(0274) 730 2868,,Wifi Miễn Phí Thanh toán bằng thẻ,https://www.highlandscoffee.com.vn/vnt_upload/dealer/02_2018/thumbs/2000_crop_Highlands-Coffee-anh1.jpg,https://www.highlandscoffee.com.vn/vn/he-thong-cua-hang/234/x.html,Bình Dương
235,180 Thạch Lam,"180 Thạch Lam, Phường Phú Thạnh, Quận Tân Phú, Tp. Hồ Chí Minh",(028) 7100.6465,7:00-23:00,Wifi Miễn Phí Thanh toán bằng thẻ,https://www.highlandscoffee.com.vn/vnt_upload/dealer/02_2018/thumbs/2000_crop_Highlands-Coffee-anh1.jpg,https://www.highlandscoffee.com.vn/vn/he-thong-cua-hang/235/x.html,Hồ Chí Minh
237,721 Huỳnh Tấn Phát,"721 Huỳnh Tấn Phát, Phường Phú Thuận, Quận 7, Tp. Hồ Chí Minh",(028) 7100 6667,,Wifi Miễn Phí Thanh toán bằng thẻ,https://www.highlandscoffee.com.vn/vnt_upload/dealer/02_2018/thumbs/2000_crop_Highlands-Coffee-anh1.jpg,https://www.highlandscoffee.com.vn/vn/he-thong-cua-hang/237/x.html,Hồ Chí Minh
238,162A Nguyễn Huệ,"162A Nguyễn Huệ, P. Trần Phú, , Tp. Quy Nhơn, Tỉnh Bình Định",(0256) 3810 979,7:00-23:00,Wifi Miễn Phí Thanh toán bằng thẻ,https://www.highlandscoffee.com.vn/vnt_upload/dealer/02_2018/thumbs/2000_crop_Highlands-Coffee-anh1.jpg,https://www.highlandscoffee.com.vn/vn/he-thong-cua-hang/238/x.html,Bình Định
239,184 Lâm Văn Bền,"184 Lâm Văn Bền, Phường Tân Quy, Quận 7, Tp. Hồ Chí Minh",(028) 7101 6667,,Wifi Miễn Phí Thanh toán bằng thẻ,https://www.highlandscoffee.com.vn/vnt_upload/dealer/11_2018/thumbs/2000_crop_lam-van-ben.jpg,https://www.highlandscoffee.com.vn/vn/he-thong-cua-hang/239/x.html,Hồ Chí Minh
240,VietSky Hotel Nha Trang,"80 Lê Đại Hành, Phường Tân Lập, Tp. Nha Trang, Khánh Hòa",(0258) 3515 568,6:30-23:00,Wifi Miễn Phí Thanh toán bằng thẻ,https://www.highlandscoffee.com.vn/vnt_upload/dealer/02_2018/thumbs/2000_crop_Highlands-Coffee-anh1.jpg,https://www.highlandscoffee.com.vn/vn/he-thong-cua-hang/240/x.html,Khánh Hòa
241,Mường Thanh Nha Trang,"04 Trần Phú, Nha Trang, Khánh Hòa",(0258) 3 568 006,7:00-23:00,Wifi Miễn Phí Thanh toán bằng thẻ,https://www.highlandscoffee.com.vn/vnt_upload/dealer/02_2018/thumbs/2000_crop_Highlands-Coffee-anh1.jpg,https://www.highlandscoffee.com.vn/vn/he-thong-cua-hang/241/x.html,Khánh Hòa
242,Luxury Nha Trang,"24 Trần Phú, Phường Lộc Thọ, Tp. Nha Trang, Khánh Hòa",(0258) 3527 168,6:30-23:00,Wifi Miễn Phí Thanh toán bằng thẻ,https://www.highlandscoffee.com.vn/vnt_upload/dealer/02_2018/thumbs/2000_crop_Highlands-Coffee-anh1.jpg,https://www.highlandscoffee.com.vn/vn/he-thong-cua-hang/242/x.html,Khánh Hòa
244,Highlands Coffee 179 Núi Thành,"179 Núi Thành,Phường Hòa Cương Bắc , Quận Hải Châu, Đà Nẵng",(0236) 3530 005,7:00 - 23:00,Wifi Miễn Phí Thanh toán bằng thẻ,https://www.highlandscoffee.com.vn/vnt_upload/dealer/02_2018/thumbs/2000_crop_Highlands-Coffee-anh1.jpg,https://www.highlandscoffee.com.vn/vn/he-thong-cua-hang/244/x.html,Đà Nẵng
245,57 Lê Đức Thọ,"57 Lê Đức Thọ, Phường 7, Quận Gò Vấp, Tp. Hồ Chí Minh",(028) 7107 7575,7:00 - 23:00,Wifi Miễn Phí Thanh toán bằng thẻ,https://www.highlandscoffee.com.vn/vnt_upload/dealer/02_2018/thumbs/2000_crop_Highlands-Coffee-anh1.jpg,https://www.highlandscoffee.com.vn/vn/he-thong-cua-hang/245/x.html,Hồ Chí Minh
243,Sense City Thủ Đức,"240- 242 Kha Vạn Cân, Phường Hiệp Bình Chánh, Quận Thủ Đức, Tp. Hồ Chí Minh",(028) 7106 7575,7:00 - 23:00,Wifi Miễn Phí Thanh toán bằng thẻ,https://www.highlandscoffee.com.vn/vnt_upload/dealer/02_2018/thumbs/2000_crop_Highlands-Coffee-anh1.jpg,https://www.highlandscoffee.com.vn/vn/he-thong-cua-hang/243/x.html,Hồ Chí Minh
246,"240 Nguyễn Văn Luông, Quận 6","240 Nguyễn Văn Luông, Phường 11, Quận 6, Thành phố Hồ Chí Minh",(028) 7109 6676,7:00 - 23:00,Wifi Miễn Phí Thanh toán bằng thẻ,https://www.highlandscoffee.com.vn/vnt_upload/dealer/02_2018/thumbs/2000_crop_Highlands-Coffee-anh1.jpg,https://www.highlandscoffee.com.vn/vn/he-thong-cua-hang/246/x.html,Hồ Chí Minh
247,Highlands Coffee 9 Đặng Thùy Trâm,"09 Đặng Thùy Trâm, P. Hòa Thuận Tây, Q. Hải Châu , TP. Đà Nẵng",(0236) 3530 157,07:00 - 23:00,Wifi Miễn Phí Thanh toán bằng thẻ,https://www.highlandscoffee.com.vn/vnt_upload/dealer/02_2018/thumbs/2000_crop_Highlands-Coffee-anh1.jpg,https://www.highlandscoffee.com.vn/vn/he-thong-cua-hang/247/x.html,Đà Nẵng
248,Highlands Coffee 214 Trần Phú,"214-216 Trần Phú, Phường Phước Ninh, Quận Hải Châu, Tp. Đà Nẵng",(0236) 3530 136,07:00 - 23:00,Wifi Miễn Phí Thanh toán bằng thẻ,https://www.highlandscoffee.com.vn/vnt_upload/dealer/02_2018/thumbs/2000_crop_Highlands-Coffee-anh1.jpg,https://www.highlandscoffee.com.vn/vn/he-thong-cua-hang/248/x.html,Đà Nẵng
250,Highlands Coffee 76 Duy Tân,"76 Duy Tân, Phường Hòa Thuận Đông, Quận Hải Châu, Tp. Đà Nẵng",(0236) 3530 104,7:00 - 23:00,Wifi Miễn Phí Thanh toán bằng thẻ,https://www.highlandscoffee.com.vn/vnt_upload/dealer/02_2018/thumbs/2000_crop_Highlands-Coffee-anh1.jpg,https://www.highlandscoffee.com.vn/vn/he-thong-cua-hang/250/x.html,Đà Nẵng
249,Highlands Coffee 145 Quang Trung,"145 Quang Trung , Phường Thạch Thang , Quận Hải Châu , Tp. Đà Nẵng",(0236) 3530 100,7:00 - 23:00,Wifi Miễn Phí Thanh toán bằng thẻ,https://www.highlandscoffee.com.vn/vnt_upload/dealer/02_2018/thumbs/2000_crop_Highlands-Coffee-anh1.jpg,https://www.highlandscoffee.com.vn/vn/he-thong-cua-hang/249/x.html,Đà Nẵng
251,Lê Lợi - Danapearl,"Tòa 10 B1.2 Lê Lợi, phường Hải Châu, Quận Hải Châu, Tp. Đà Nẵng",(0236)352 22 22,7:00 - 23:00,Wifi Miễn Phí Thanh toán bằng thẻ,https://www.highlandscoffee.com.vn/vnt_upload/dealer/02_2018/thumbs/2000_crop_Highlands-Coffee-anh1.jpg,https://www.highlandscoffee.com.vn/vn/he-thong-cua-hang/251/x.html,Đà Nẵng
252,Lê Thành Phương - Nha Trang,"53 Lê Thành Phương, Phường Vạn Thắng, Tp. Nha Trang, Khánh Hòa",(0258) 3562566,7:00 - 23:00,Wifi Miễn Phí Thanh toán bằng thẻ,https://www.highlandscoffee.com.vn/vnt_upload/dealer/02_2018/thumbs/2000_crop_Highlands-Coffee-anh1.jpg,https://www.highlandscoffee.com.vn/vn/he-thong-cua-hang/252/x.html,Khánh Hòa
254,Central Mall  Bình Chánh,"C6/27 Phạm Hùng, Phường Bình Hưng, Huyện Bình Chánh, Thành phố Hồ Chí Minh",(028) 7102 5666,7:00 - 23:00,Wifi Miễn Phí Thanh toán bằng thẻ,https://www.highlandscoffee.com.vn/vnt_upload/dealer/02_2018/thumbs/2000_crop_Highlands-Coffee-anh1.jpg,https://www.highlandscoffee.com.vn/vn/he-thong-cua-hang/254/x.html,Hồ Chí Minh
253,Phạm Hùng - Quy Nhon,"100 Phạm Hùng, Phương Lý Thường Kiệt, Thanh Phố Quy Nhơn, Tỉnh Bình Định",(0256) 3819 988,7:00 - 23:00,Wifi Miễn Phí Thanh toán bằng thẻ,https://www.highlandscoffee.com.vn/vnt_upload/dealer/02_2018/thumbs/2000_crop_Highlands-Coffee-anh1.jpg,https://www.highlandscoffee.com.vn/vn/he-thong-cua-hang/253/x.html,Bình Định
256,TTTM Mỹ Tho,"545 Lê Văn Phẩm, Phường 5, Thành Phố Mỹ Tho, Tiền Giang",(0273) 3978 798,8:00 - 22:00,Wifi Miễn Phí Thanh toán bằng thẻ,https://www.highlandscoffee.com.vn/vnt_upload/dealer/02_2018/thumbs/2000_crop_Highlands-Coffee-anh1.jpg,https://www.highlandscoffee.com.vn/vn/he-thong-cua-hang/256/x.html,Tiền Giang
255,Vincom Plaza Thanh Hóa,"Khu đô thị mới Phường Điện Biên, 27 Trần Phú, Phường Điện Biên, Tp. Thanh Hóa",(0237) 8696 368,7:00 - 23:00,Wifi Miễn Phí Thanh toán bằng thẻ,https://www.highlandscoffee.com.vn/vnt_upload/dealer/02_2018/thumbs/2000_crop_Highlands-Coffee-anh1.jpg,https://www.highlandscoffee.com.vn/vn/he-thong-cua-hang/255/x.html,Điện Biên
257,Vincom Plaza Việt Trì,"Vincom Plaza, 1606A Hùng Vương, Phường Tiên Cát, Thành phố Việt Trì, Phú Thọ",(0210) 7308 668,7:00 - 23:00,Wifi Miễn Phí Thanh toán bằng thẻ,https://www.highlandscoffee.com.vn/vnt_upload/dealer/02_2018/thumbs/2000_crop_Highlands-Coffee-anh1.jpg,https://www.highlandscoffee.com.vn/vn/he-thong-cua-hang/257/x.html,Phú Thọ
258,Khách Sạn Vĩnh Hưng - Hội An,"121 Bà Triệu, Phường Cẩm Phổ, Thành Phố Hội An, Tỉnh Quảng Nam",(0235) 392 9296,6:30 - 22:30,Wifi Miễn Phí Thanh toán bằng thẻ,https://www.highlandscoffee.com.vn/vnt_upload/dealer/02_2018/thumbs/2000_crop_Highlands-Coffee-anh1.jpg,https://www.highlandscoffee.com.vn/vn/he-thong-cua-hang/258/x.html,Quảng Nam
259,Highlands Coffee Hạ Long Marina,"Lô 06 Tầng 1 Nhà Ga Cảng tàu khách quốc tế Hạ Long, Phường Bãi Cháy, Tp. Hạ Long, Quảng Ninh",(0203) 7300 019,7:00 - 23:00,Wifi Miễn Phí Thanh toán bằng thẻ,https://www.highlandscoffee.com.vn/vnt_upload/dealer/02_2018/thumbs/2000_crop_Highlands-Coffee-anh1.jpg,https://www.highlandscoffee.com.vn/vn/he-thong-cua-hang/259/x.html,Quảng Ninh
261,Highlands Coffee 05 Lý Thường Kiệt,"Số 5 Lý Thường Kiệt, Thị Xã Dĩ An, Bình Dương",(0274) 730 4868,7:00 - 23:00,Wifi Miễn Phí Thanh toán bằng thẻ,https://www.highlandscoffee.com.vn/vnt_upload/dealer/02_2018/thumbs/2000_crop_Highlands-Coffee-anh1.jpg,https://www.highlandscoffee.com.vn/vn/he-thong-cua-hang/261/x.html,Bình Dương
260,Highlands Coffee 43 Phan Đình Phùng,"43 Phan Đình Phùng, TT. Lái Thiêu, Thuận An , Tỉnh Bình Dương",(0274) 730 3868,7:00 - 23:00,Wifi Miễn Phí Thanh toán bằng thẻ,https://www.highlandscoffee.com.vn/vnt_upload/dealer/02_2018/thumbs/2000_crop_Highlands-Coffee-anh1.jpg,https://www.highlandscoffee.com.vn/vn/he-thong-cua-hang/260/x.html,Bình Dương
264,Vincom Plaza Huế,"50A Hùng Vương, Phường Phú Nhuận, Tp. Huế , Thừa Thiên Huế",(0234) 395 9799,7:00 - 23:00,Wifi Miễn Phí Thanh toán bằng thẻ,https://www.highlandscoffee.com.vn/vnt_upload/dealer/02_2018/thumbs/2000_crop_Highlands-Coffee-anh1.jpg,https://www.highlandscoffee.com.vn/vn/he-thong-cua-hang/264/x.html,Thừa Thiên - Huế
265,Highlands Coffee Vincom Bắc Ninh,"Tầng 1, TTTM Vincom Plaza Bắc Ninh, Ngã 6 Lý Thái Tổ - Trần Hưng Đạo, Phường Suối Hoa, Tp. Bắc Ninh, Tỉnh Bắc Ninh",(‎0222) 730 5538,8:00 - 22:00,Wifi Miễn Phí Thanh toán bằng thẻ,https://www.highlandscoffee.com.vn/vnt_upload/dealer/02_2018/thumbs/2000_crop_Highlands-Coffee-anh1.jpg,https://www.highlandscoffee.com.vn/vn/he-thong-cua-hang/265/x.html,Bắc Ninh
263,Park View Huế,"09 Ngo Quyen, Vinh Ninh, Hue City , Thua Thien Hue",(0234) 367 6667,7:00 - 23:00,Wifi Miễn Phí Thanh toán bằng thẻ,https://www.highlandscoffee.com.vn/vnt_upload/dealer/02_2018/thumbs/2000_crop_Highlands-Coffee-anh1.jpg,https://www.highlandscoffee.com.vn/vn/he-thong-cua-hang/263/x.html,Thừa Thiên - Huế
266,Highlands Coffee Nguyễn Cao - Bắc Ninh,"33 Nguyễn Cao, Phường Ninh Xá, Tp. Bắc Ninh, Tỉnh Bắc Ninh",(0222) 389 5868,7:00 - 23:00,Wifi Miễn Phí Thanh toán bằng thẻ,https://www.highlandscoffee.com.vn/vnt_upload/dealer/02_2018/thumbs/2000_crop_Highlands-Coffee-anh1.jpg,https://www.highlandscoffee.com.vn/vn/he-thong-cua-hang/266/x.html,Bắc Ninh
262,Imperial Hotel Huế,"8 Hung Vuong, Phu Hoi Ward, Hue City, Thua Thien Hue",(0234) 398 9897,7:00 - 23:00,Wifi Miễn Phí Thanh toán bằng thẻ,https://www.highlandscoffee.com.vn/vnt_upload/dealer/02_2018/thumbs/2000_crop_Highlands-Coffee-anh1.jpg,https://www.highlandscoffee.com.vn/vn/he-thong-cua-hang/262/x.html,Thừa Thiên - Huế
269,Highlands Coffee Shophouse Imperial Hải Phòng,"BH02-08 Vinhomes Imperial Hải Phòng, Phường Thượng Lý, Quận Hồng Bàng, Hải Phòng",(0225) 7302 386,7:00 - 23:00,Wifi Miễn Phí Thanh toán bằng thẻ,https://www.highlandscoffee.com.vn/vnt_upload/dealer/02_2018/thumbs/2000_crop_Highlands-Coffee-anh1.jpg,https://www.highlandscoffee.com.vn/vn/he-thong-cua-hang/269/x.html,Hải Phòng
267,Vinfast Hải Phòng,"Khu kinh tế Đình Vũ - Cát Hải, Đảo Cát Hải, Thị trấn Cát Hải, Huyện Cát Hải, Hải Phòng",(0225) 730 55 38,7:00 - 18:00,Wifi Miễn Phí Thanh toán bằng thẻ,https://www.highlandscoffee.com.vn/vnt_upload/dealer/02_2018/thumbs/2000_crop_Highlands-Coffee-anh1.jpg,https://www.highlandscoffee.com.vn/vn/he-thong-cua-hang/267/x.html,Hải Phòng
268,Highlands Coffee 178 Văn Cao,"178 Văn Cao, Quận Ngô Quyền, Hải Phòng",(0225) 7105 868,7:00 - 23:00,Wifi Miễn Phí Thanh toán bằng thẻ,https://www.highlandscoffee.com.vn/vnt_upload/dealer/02_2018/thumbs/2000_crop_Highlands-Coffee-anh1.jpg,https://www.highlandscoffee.com.vn/vn/he-thong-cua-hang/268/x.html,Hải Phòng
271,41 Trần Não,"41 Trần Não, Phường Bình An, Quận 2 , Tp. Hồ Chí Minh",(028) 7106 5669,7:00 - 23:00,Wifi Miễn Phí Thanh toán bằng thẻ,https://www.highlandscoffee.com.vn/vnt_upload/dealer/02_2018/thumbs/2000_crop_Highlands-Coffee-anh1.jpg,https://www.highlandscoffee.com.vn/vn/he-thong-cua-hang/271/x.html,Hồ Chí Minh
270,Vincom Imperia Hải Phòng,"Vinhomes Imperia Hải Phòng, Phường Thượng Lý, Quận Hồng Bàng, Hải Phòng",(0225) 7302 388,7:00 - 23:00,Wifi Miễn Phí Thanh toán bằng thẻ,https://www.highlandscoffee.com.vn/vnt_upload/dealer/02_2018/thumbs/2000_crop_Highlands-Coffee-anh1.jpg,https://www.highlandscoffee.com.vn/vn/he-thong-cua-hang/270/x.html,Hải Phòng
273,Hàn Hải Nguyên,"278 Hàn Hải Nguyên, Phường 2, Quận 11, Tp. Hồ Chí Minh",(028) 7102 6667,7:00 - 23:00,Wifi Miễn Phí Thanh toán bằng thẻ,https://www.highlandscoffee.com.vn/vnt_upload/dealer/02_2018/thumbs/2000_crop_Highlands-Coffee-anh1.jpg,https://www.highlandscoffee.com.vn/vn/he-thong-cua-hang/273/x.html,Hồ Chí Minh
272,601 CMT8,"601 Cách Mạng Tháng 8, Phường 15, Quận 10, Tp. Hồ Chí Minh",(028) 7105 6465,7:00 - 23:00,Wifi Miễn Phí Thanh toán bằng thẻ,https://www.highlandscoffee.com.vn/vnt_upload/dealer/02_2018/thumbs/2000_crop_Highlands-Coffee-anh1.jpg,https://www.highlandscoffee.com.vn/vn/he-thong-cua-hang/272/x.html,Hồ Chí Minh
274,TTC Ung Văn Khiêm,"26 Ung Văn Khiêm, Phường 25, Quận Bình Thạnh, Tp. Hồ Chí Minh",(028) 7108 7575,7:00 - 23:00,Wifi Miễn Phí Thanh toán bằng thẻ,https://www.highlandscoffee.com.vn/vnt_upload/dealer/02_2018/thumbs/2000_crop_Highlands-Coffee-anh1.jpg,https://www.highlandscoffee.com.vn/vn/he-thong-cua-hang/274/x.html,Hồ Chí Minh
275,Central Mall Củ Chi,"Tỉnh lộ 8, Xã Tân Thạnh Đông, Huyện Củ Chi, Tp. Hồ Chí Minh",(028) 7108 6465,7:00 - 23:00,Wifi Miễn Phí Thanh toán bằng thẻ,https://www.highlandscoffee.com.vn/vnt_upload/dealer/02_2018/thumbs/2000_crop_Highlands-Coffee-anh1.jpg,https://www.highlandscoffee.com.vn/vn/he-thong-cua-hang/275/x.html,Hồ Chí Minh
276,506 Trường Chinh,"506 Trường Chinh, Phường 13, Quận Tân Bình, TP. Hồ Chí Minh",(028) 7105 6768,7:00 - 23:00,Wifi Miễn Phí Thanh toán bằng thẻ,https://www.highlandscoffee.com.vn/vnt_upload/dealer/02_2018/thumbs/2000_crop_Highlands-Coffee-anh1.jpg,https://www.highlandscoffee.com.vn/vn/he-thong-cua-hang/276/x.html,Hồ Chí Minh
277,Aeon Tân Phú,"Lô G15 Tầng trệt, Trung tâm thương mại Aeon Tân Phú, 30 Bờ Bao Tân Thắng, Phường Sơn Kỳ, Quận Tân Phú, TP. Hồ Chí Minh",(028) 7101 6768,8:00 - 22:00,Wifi Miễn Phí Thanh toán bằng thẻ,https://www.highlandscoffee.com.vn/vnt_upload/dealer/02_2018/thumbs/2000_crop_Highlands-Coffee-anh1.jpg,https://www.highlandscoffee.com.vn/vn/he-thong-cua-hang/277/x.html,Hồ Chí Minh
278,Trung Mỹ Tây,"371 Nguyễn Ảnh Thủ, Phường Trung Mỹ Tây, Quận 12",(028) 7106 6465,7:00 - 23:00,Wifi Miễn Phí Thanh toán bằng thẻ,https://www.highlandscoffee.com.vn/vnt_upload/dealer/02_2018/thumbs/2000_crop_Highlands-Coffee-anh1.jpg,https://www.highlandscoffee.com.vn/vn/he-thong-cua-hang/278/x.html,Hồ Chí Minh
279,Nguyễn Ảnh Thủ,"23A Nguyễn Ảnh Thủ, Phường Hiệp Thành, Quận 12, Tp. Hồ Chí Minh",(028) 7108 6676,7:00 - 23:00,Wifi Miễn Phí Thanh toán bằng thẻ,https://www.highlandscoffee.com.vn/vnt_upload/dealer/02_2018/thumbs/2000_crop_Highlands-Coffee-anh1.jpg,https://www.highlandscoffee.com.vn/vn/he-thong-cua-hang/279/x.html,Hồ Chí Minh
281,45 Lý Chính Thắng,"45 Lý Chính Thắng , Phường 8, Quận 3 , Tp. Hồ Chí Minh",(028) 7108 6566,7:00 - 23:00,Wifi Miễn Phí Thanh toán bằng thẻ,https://www.highlandscoffee.com.vn/vnt_upload/dealer/02_2018/thumbs/2000_crop_Highlands-Coffee-anh1.jpg,https://www.highlandscoffee.com.vn/vn/he-thong-cua-hang/281/x.html,Hồ Chí Minh
280,Nguyễn Trọng Tuyển,"129 Nguyễn Trọng Tuyển, Phường 15, Quận Phú Nhuận, Tp. Hồ Chí Minh",(028) 7106 1929,7:00 - 23:00,Wifi Miễn Phí Thanh toán bằng thẻ,https://www.highlandscoffee.com.vn/vnt_upload/dealer/02_2018/thumbs/2000_crop_Highlands-Coffee-anh1.jpg,https://www.highlandscoffee.com.vn/vn/he-thong-cua-hang/280/x.html,Hồ Chí Minh
282,399 Phan Huy Ích,"399 Phan Huy Ích, Phường 14, Quận Gò Vấp, Tp. Hồ Chí Minh",(028) 7101 5465,7:00 - 23:00,Wifi Miễn Phí Thanh toán bằng thẻ,https://www.highlandscoffee.com.vn/vnt_upload/dealer/02_2018/thumbs/2000_crop_Highlands-Coffee-anh1.jpg,https://www.highlandscoffee.com.vn/vn/he-thong-cua-hang/282/x.html,Hồ Chí Minh
283,310 Cây Trâm,"310 Cây Trâm, Phường 9, Quận Gò Vấp, Tp. Hồ Chí Minh",(028) 7102 6768,7:00 - 23:00,Wifi Miễn Phí Thanh toán bằng thẻ,https://www.highlandscoffee.com.vn/vnt_upload/dealer/02_2018/thumbs/2000_crop_Highlands-Coffee-anh1.jpg,https://www.highlandscoffee.com.vn/vn/he-thong-cua-hang/283/x.html,Hồ Chí Minh
284,1180 Quang Trung,"68/5 Quang Trung, Phường 11, Quận Gò Vấp, Tp. Hồ Chí Minh",(028) 7105 6667,7:00 - 23:00,Wifi Miễn Phí Thanh toán bằng thẻ,https://www.highlandscoffee.com.vn/vnt_upload/dealer/02_2018/thumbs/2000_crop_Highlands-Coffee-anh1.jpg,https://www.highlandscoffee.com.vn/vn/he-thong-cua-hang/284/x.html,Hồ Chí Minh
285,Hoàng Thành Tower,"Hoàng Thành Tower, 114 Mai Hắc Đế, Phường Lê Đại Hành, Quận Hai Bà Trưng, Hà Nội",(024) 7108 5353,7:00 - 23:00,Wifi Miễn Phí Thanh toán bằng thẻ,https://www.highlandscoffee.com.vn/vnt_upload/dealer/02_2018/thumbs/2000_crop_Highlands-Coffee-anh1.jpg,https://www.highlandscoffee.com.vn/vn/he-thong-cua-hang/285/x.html,Hà Nội
286,Gelex Tower,"Gelex Tower, 52 Lê Đại Hành, Phường Lê Đại Hành, Quận Hai Bà Trưng, Hà Nội",(024) 7106 5969,7:30 - 18:00,Wifi Miễn Phí Thanh toán bằng thẻ,https://www.highlandscoffee.com.vn/vnt_upload/dealer/02_2018/thumbs/2000_crop_Highlands-Coffee-anh1.jpg,https://www.highlandscoffee.com.vn/vn/he-thong-cua-hang/286/x.html,Hà Nội
287,Đại Học Bách Khoa,"91 Trần Đại Nghĩa, Phường Bách Khoa, Quận Hai Bà Trưng, Hà Nội",(024) 7300 1558,7:00 - 23:00,Wifi Miễn Phí Thanh toán bằng thẻ,https://www.highlandscoffee.com.vn/vnt_upload/dealer/02_2018/thumbs/2000_crop_Highlands-Coffee-anh1.jpg,https://www.highlandscoffee.com.vn/vn/he-thong-cua-hang/287/x.html,Hà Nội
288,48 Trần Nhân Tông,"48 Trần Nhân Tông, Phường Nguyễn Du, Quận Hai Bà Trưng, Hà Nội",(024) 7105 5969,7:00 - 23:00,Wifi Miễn Phí Thanh toán bằng thẻ,https://www.highlandscoffee.com.vn/vnt_upload/dealer/02_2018/thumbs/2000_crop_Highlands-Coffee-anh1.jpg,https://www.highlandscoffee.com.vn/vn/he-thong-cua-hang/288/x.html,Hà Nội
289,Vinhomes Green Bay,"Vinhome Green Bay, đường Lương Thế Vinh, Phường Mễ Trì, Quận Nam Từ Liêm, Hà Nội",(024) 3200 0382,7:00 - 23:00,Wifi Miễn Phí Thanh toán bằng thẻ,https://www.highlandscoffee.com.vn/vnt_upload/dealer/02_2018/thumbs/2000_crop_Highlands-Coffee-anh1.jpg,https://www.highlandscoffee.com.vn/vn/he-thong-cua-hang/289/x.html,Hà Nội
290,HPC Landmark,"105 Tố Hữu, Phường La Khê, Quận Hà Đông, Hà Nội",(024) 5678 0188,7:00 - 23:00,Wifi Miễn Phí Thanh toán bằng thẻ,https://www.highlandscoffee.com.vn/vnt_upload/dealer/02_2018/thumbs/2000_crop_Highlands-Coffee-anh1.jpg,https://www.highlandscoffee.com.vn/vn/he-thong-cua-hang/290/x.html,Quảng Trị
292,Kiosk Công Viên Nước Hồ Tây,"Cổng chính, Công viên nước Hồ Tây, ngõ 614 Lạc Long Quân, Phường Nhật Tân, Quận Tây Hồ, Hà Nội",(024) 3716 8234,7:00 - 23:00,Wifi Miễn Phí Thanh toán bằng thẻ,https://www.highlandscoffee.com.vn/vnt_upload/dealer/02_2018/thumbs/2000_crop_Highlands-Coffee-anh1.jpg,https://www.highlandscoffee.com.vn/vn/he-thong-cua-hang/292/x.html,Hà Nội
291,The K Park,"Lê Trọng Tấn, Quận Hà Đông, Hà Nội",(024) 5678 0188,7:00 - 23:00,Wifi Miễn Phí Thanh toán bằng thẻ,https://www.highlandscoffee.com.vn/vnt_upload/dealer/02_2018/thumbs/2000_crop_Highlands-Coffee-anh1.jpg,https://www.highlandscoffee.com.vn/vn/he-thong-cua-hang/291/x.html,Quảng Trị
293,Công Viên Nước Hồ Tây,"Cổng phụ Công viên nước Hồ Tây, đường Nhật Chiêu, quận Tây Hồ, Hà Nội",(024) 7300 2558,7:00 - 23:00,Wifi Miễn Phí Thanh toán bằng thẻ,https://www.highlandscoffee.com.vn/vnt_upload/dealer/02_2018/thumbs/2000_crop_Highlands-Coffee-anh1.jpg,https://www.highlandscoffee.com.vn/vn/he-thong-cua-hang/293/x.html,Hà Nội
294,Vincom Liễu Giai B3,"Tầng 3, Vincom Liễu Giai, 29 Liễu Giai, Phường Ngọc Khánh, Quận Ba Đình, Hà Nội",(024) ‎3201 2173,9:30 - 22:00,Wifi Miễn Phí Thanh toán bằng thẻ,https://www.highlandscoffee.com.vn/vnt_upload/dealer/02_2018/thumbs/2000_crop_Highlands-Coffee-anh1.jpg,https://www.highlandscoffee.com.vn/vn/he-thong-cua-hang/294/x.html,Hà Nội
295,Vincom Liễu Giai B1,"Tầng hầm B1, Vincom Liễu Giai, 29 Liễu Giai, Phường Ngọc Khánh, Quận Ba Đình, Hà Nội",(024) 7306 5558,9:30 - 22:00,Wifi Miễn Phí Thanh toán bằng thẻ,https://www.highlandscoffee.com.vn/vnt_upload/dealer/02_2018/thumbs/2000_crop_Highlands-Coffee-anh1.jpg,https://www.highlandscoffee.com.vn/vn/he-thong-cua-hang/295/x.html,Hà Nội
296,Lương Ngọc Quyến,"54 Lương Ngọc Quyến, Phường Hàng Buồm, Quận Hoàn Kiếm, Hà Nội",(024) 7108 5161,7:00 - 23:00,Wifi Miễn Phí Thanh toán bằng thẻ,https://www.highlandscoffee.com.vn/vnt_upload/dealer/02_2018/thumbs/2000_crop_Highlands-Coffee-anh1.jpg,https://www.highlandscoffee.com.vn/vn/he-thong-cua-hang/296/x.html,Hà Nội
297,Ciputra Club,"Khu đô thị Ciputra, đường Phạm Văn Đồng, Quận Bắc Từ Liêm, Hà Nội",(024) 3200 3830,7:00 - 23:00,Wifi Miễn Phí Thanh toán bằng thẻ,https://www.highlandscoffee.com.vn/vnt_upload/dealer/02_2018/thumbs/2000_crop_Highlands-Coffee-anh1.jpg,https://www.highlandscoffee.com.vn/vn/he-thong-cua-hang/297/x.html,Hà Nội
298,Rivera Park,"Rivera Park, 69 Vũ Trọng Phụng, Phường Thanh Xuân Trung, Quận Thanh Xuân, Hà Nội",(024) 7308 5538,7:00 - 23:00,Wifi Miễn Phí Thanh toán bằng thẻ,https://www.highlandscoffee.com.vn/vnt_upload/dealer/02_2018/thumbs/2000_crop_Highlands-Coffee-anh1.jpg,https://www.highlandscoffee.com.vn/vn/he-thong-cua-hang/298/x.html,Hà Nội
299,495 Nguyễn Trãi,"495 Nguyễn Trãi, Phường Thanh Xuân Nam, Quận Thanh Xuân, Hà Nội",(024) 7106 5151,7:00 - 23:00,Wifi Miễn Phí Thanh toán bằng thẻ,https://www.highlandscoffee.com.vn/vnt_upload/dealer/02_2018/thumbs/2000_crop_Highlands-Coffee-anh1.jpg,https://www.highlandscoffee.com.vn/vn/he-thong-cua-hang/299/x.html,Hà Nội
300,Machinco,"10 Trần Phú, Phường Mộ Lao, Quận Hà Đông, Hà Nội",(024) 3200 6935,7:00 - 23:00,Wifi Miễn Phí Thanh toán bằng thẻ,https://www.highlandscoffee.com.vn/vnt_upload/dealer/02_2018/thumbs/2000_crop_Highlands-Coffee-anh1.jpg,https://www.highlandscoffee.com.vn/vn/he-thong-cua-hang/300/x.html,Quảng Trị
301,Trung Hòa,"119 Trung Hòa, Phường Yên Hòa, Quận Cầu Giấy, Hà Nội",(024) 7306 5586,7:00 - 23:00,Wifi Miễn Phí Thanh toán bằng thẻ,https://www.highlandscoffee.com.vn/vnt_upload/dealer/02_2018/thumbs/2000_crop_Highlands-Coffee-anh1.jpg,https://www.highlandscoffee.com.vn/vn/he-thong-cua-hang/301/x.html,Hà Nội
302,Highlands Coffee T1 Sân Bay Nội Bài,"Tầng 1, Ga Quốc Nội T1, Sân bay Quốc Tế Nội Bài, Xã Phú Minh, Huyện Sóc Sơn, Hà Nội",02473055386,6:00 – 24:00 * 7 ngày/ tuần,Wifi Miễn Phí Thanh toán bằng thẻ,https://www.highlandscoffee.com.vn/vnt_upload/dealer/02_2018/thumbs/2000_crop_Highlands-Coffee-anh1.jpg,https://www.highlandscoffee.com.vn/vn/he-thong-cua-hang/302/x.html,Hà Nội
303,115 Quán Thánh,"115 Quán Thánh, Phường Quán Thánh, Quận Ba Đình, Hà Nội",(024) 7300 6558,7:00 - 23:00,Wifi Miễn Phí Thanh toán bằng thẻ,https://www.highlandscoffee.com.vn/vnt_upload/dealer/02_2018/thumbs/2000_crop_Highlands-Coffee-anh1.jpg,https://www.highlandscoffee.com.vn/vn/he-thong-cua-hang/303/x.html,Hà Nội
304,Lâm Viên Complex,"107 Nguyễn Phong Sắc, Phường Dịch Vọng Hậu, Quận Cầu Giấy, Hà Nội",(024) 7100 5969,7:00 - 23:00,Wifi Miễn Phí Thanh toán bằng thẻ,https://www.highlandscoffee.com.vn/vnt_upload/dealer/02_2018/thumbs/2000_crop_Highlands-Coffee-anh1.jpg,https://www.highlandscoffee.com.vn/vn/he-thong-cua-hang/304/x.html,Hà Nội
307,Trương Định Plaza,"Trương Định Plaza, 461 Trương Định, Phường Tương Mai, Quận Hoàng Mai, Hà Nội",(024) 7108 5252,7:00 - 23:00,Wifi Miễn Phí Thanh toán bằng thẻ,https://www.highlandscoffee.com.vn/vnt_upload/dealer/02_2018/thumbs/2000_crop_Highlands-Coffee-anh1.jpg,https://www.highlandscoffee.com.vn/vn/he-thong-cua-hang/307/x.html,Hà Nội
308,117 Nguyễn Văn Quá,"117 Nguyễn Văn Quá, Phường Tân Hưng Thuận, Quận 12, TP.HCM (bên phải SatraFoods Nguyễn Văn Quá)",(028) 7102 3324,7:00 – 23:00 (7 ngày/ tuần),Wifi Miễn Phí Thanh toán bằng thẻ,https://www.highlandscoffee.com.vn/vnt_upload/dealer/02_2018/thumbs/2000_crop_Highlands-Coffee-anh1.jpg,https://www.highlandscoffee.com.vn/vn/he-thong-cua-hang/308/x.html,Hồ Chí Minh
305,Star City,"Tầng 1, Chung cư Star City, 81 Lê Văn Lương, Phường Nhân Chính, Quận Thanh Xuân, Hà Nội",(024) 7105 5868,7:00 - 23:00,Wifi Miễn Phí Thanh toán bằng thẻ,https://www.highlandscoffee.com.vn/vnt_upload/dealer/02_2018/thumbs/2000_crop_Highlands-Coffee-anh1.jpg,https://www.highlandscoffee.com.vn/vn/he-thong-cua-hang/305/x.html,Hà Nội
306,Vincom Skylake,"Đường Phạm Hùng, Phường Mễ Trì, Quận Nam Từ Liêm, Hà Nội",(024) 3200 0572,7:00 - 23:00,Wifi Miễn Phí Thanh toán bằng thẻ,https://www.highlandscoffee.com.vn/vnt_upload/dealer/02_2018/thumbs/2000_crop_Highlands-Coffee-anh1.jpg,https://www.highlandscoffee.com.vn/vn/he-thong-cua-hang/306/x.html,Hà Nội
309,01 Hai Bà Trưng – Đà Lạt,"01 Hai Bà Trưng, Phường 6, TP. Đà Lạt, Tỉnh Lâm Đồng",(026) 3358 2777,7:00 – 23:00 (7 ngày/ tuần),Wifi Miễn Phí Thanh toán bằng thẻ,https://www.highlandscoffee.com.vn/vnt_upload/dealer/02_2018/thumbs/2000_crop_Highlands-Coffee-anh1.jpg,https://www.highlandscoffee.com.vn/vn/he-thong-cua-hang/309/x.html,Hà Nội
310,Highlands Coffee Đông Xuyên Hotel,"9A Lương Văn Cù, phường Mỹ Long, thành phố Long Xuyên, tỉnh An Giang",02963959909,7:00 – 23:00 * 7 ngày/ tuần,Wifi Miễn Phí Thanh toán bằng thẻ,https://www.highlandscoffee.com.vn/vnt_upload/dealer/02_2018/thumbs/2000_crop_Highlands-Coffee-anh1.jpg,https://www.highlandscoffee.com.vn/vn/he-thong-cua-hang/310/x.html,An Giang
311,SUNRISE CITY VIEW D7,"B1.19 Sunrise City View, Quận 7, Tp. Hồ Chí Minh",(028) 7105 2021,7:00 – 23:00 * 7 ngày/ tuần,Wifi Miễn Phí Thanh toán bằng thẻ,https://www.highlandscoffee.com.vn/vnt_upload/dealer/02_2018/thumbs/2000_crop_Highlands-Coffee-anh1.jpg,https://www.highlandscoffee.com.vn/vn/he-thong-cua-hang/311/x.html,Hồ Chí Minh
312,Highlands Coffee 2B Lê Duẩn,"2B Lê Duẩn, Phường Bến Nghé, Quận 1, Tp. Hồ Chí Minh",(028) 7102 2021,7:00 – 23:00 * 7 ngày/ tuần,Wifi Miễn Phí Thanh toán bằng thẻ,https://www.highlandscoffee.com.vn/vnt_upload/dealer/02_2018/thumbs/2000_crop_Highlands-Coffee-anh1.jpg,https://www.highlandscoffee.com.vn/vn/he-thong-cua-hang/312/x.html,Hồ Chí Minh
314,359A Lê Quang Định,"359A Lê Quang Đinh, Phường 5, Quận Bình Thạnh, Tp. Hồ Chí Minh",028 7106 2021,07:00 – 23:00 (7 ngày trong tuần),Wifi Miễn Phí Thanh toán bằng thẻ,https://www.highlandscoffee.com.vn/vnt_upload/dealer/02_2018/thumbs/2000_crop_Highlands-Coffee-anh1.jpg,https://www.highlandscoffee.com.vn/vn/he-thong-cua-hang/314/x.html,Hồ Chí Minh
313,Highlands Coffee Midori Park BD,"Block 2, Khu thương mại Midori Park Square, Lô H8, Tạo Lực 5, Phường Hòa Phú, Tp. Thủ Dầu Một, Bình Dương",0274 730 2021,07:00 – 23:00 (7 ngày trong tuần),Wifi Miễn Phí Thanh toán bằng thẻ,https://www.highlandscoffee.com.vn/vnt_upload/dealer/02_2018/thumbs/2000_crop_Highlands-Coffee-anh1.jpg,https://www.highlandscoffee.com.vn/vn/he-thong-cua-hang/313/x.html,Bình Dương
315,CoopMart Mỹ Tho,"35 Ấp Bắc, Phường 5, Thành Phố Mỹ Tho, Tiền Giang",(0273) 3888 191,08:00 – 22:00 (7 ngày trong tuần),Wifi Miễn Phí Thanh toán bằng thẻ,https://www.highlandscoffee.com.vn/vnt_upload/dealer/02_2018/thumbs/2000_crop_Highlands-Coffee-anh1.jpg,https://www.highlandscoffee.com.vn/vn/he-thong-cua-hang/315/x.html,Tiền Giang
316,"86 Nam Kỳ Khởi Nghĩa, Mỹ Tho","86 Nam Kỳ Khởi Nghĩa, Thành Phố Mỹ Tho, Tiền Giang",0273 3888 113,07:00 – 23:00 (7 ngày trong tuần),Wifi Miễn Phí Thanh toán bằng thẻ,https://www.highlandscoffee.com.vn/vnt_upload/dealer/02_2018/thumbs/2000_crop_Highlands-Coffee-anh1.jpg,https://www.highlandscoffee.com.vn/vn/he-thong-cua-hang/316/x.html,Tiền Giang
317,287 Âu Cơ,"287 Âu Cơ, Phường Phú Trung, Quận Tân Phú, TP.HCM.",028.71002324,07:00 – 23:00 (7 ngày trong tuần),Wifi Miễn Phí Thanh toán bằng thẻ,https://www.highlandscoffee.com.vn/vnt_upload/dealer/02_2018/thumbs/2000_crop_Highlands-Coffee-anh1.jpg,https://www.highlandscoffee.com.vn/vn/he-thong-cua-hang/317/x.html,Hồ Chí Minh
319,Lotte Vũng Tàu,"Góc đường 3/2 và Thi Sách, Phường 8, Tp. Vũng Tàu, Bà Rịa Vũng Tàu",(0254) 3523 633,8:00 - 22:00 (7 ngày trong tuần),Wifi Miễn Phí Thanh toán bằng thẻ,https://www.highlandscoffee.com.vn/vnt_upload/dealer/02_2018/thumbs/2000_crop_Highlands-Coffee-anh1.jpg,https://www.highlandscoffee.com.vn/vn/he-thong-cua-hang/319/x.html,Bà Rịa - Vũng Tàu
318,Nguyễn Xí,"154 Nguyễn Xí, Phường 26, Quận Bình Thạnh, TPHCM",028 7108 2021,07:00 – 23:00 (7 ngày trong tuần),Wifi Miễn Phí Thanh toán bằng thẻ,https://www.highlandscoffee.com.vn/vnt_upload/dealer/02_2018/thumbs/2000_crop_Highlands-Coffee-anh1.jpg,https://www.highlandscoffee.com.vn/vn/he-thong-cua-hang/318/x.html,Hồ Chí Minh
320,Hoa Hồng,"46 Hoa Hồng, Phường 7, quận Phú Nhuận, Tp.HCM",,07:00 – 23:00 (7 ngày trong tuần),Wifi Miễn Phí Thanh toán bằng thẻ,https://www.highlandscoffee.com.vn/vnt_upload/dealer/02_2018/thumbs/2000_crop_Highlands-Coffee-anh1.jpg,https://www.highlandscoffee.com.vn/vn/he-thong-cua-hang/320/x.html,Hồ Chí Minh
321,Highlands Coffee Tòa nhà Sài Gòn Giải Phóng,"436 Nguyễn Thị Minh Khai, Quận 3, Thành Phố Hồ Chí Mình",028 7100 0010,Thứ 2 - Thứ 6: 7:00- 20:00 | Thứ 7: 7:00- 15:00 | Chủ nhật: Đóng cửa,Wifi Miễn Phí Thanh toán bằng thẻ,https://www.highlandscoffee.com.vn/vnt_upload/dealer/02_2018/thumbs/2000_crop_Highlands-Coffee-anh1.jpg,https://www.highlandscoffee.com.vn/vn/he-thong-cua-hang/321/x.html,Hồ Chí Minh
322,Lexington,"67 Đường Mai Chí Thọ, Phường An Phú, Quận 2, Tp. Hồ Chí Minh",(028) 71022324,7:00 – 23:00 (7 ngày/ tuần),Wifi Miễn Phí Thanh toán bằng thẻ,https://www.highlandscoffee.com.vn/vnt_upload/dealer/02_2018/thumbs/2000_crop_Highlands-Coffee-anh1.jpg,https://www.highlandscoffee.com.vn/vn/he-thong-cua-hang/322/x.html,Hồ Chí Minh
323,Tòa nhà CIENCO 4,"180 Nguyễn Thị Minh Khai, Phường 6, Quận 3, Tp. Hồ Chí Minh",028 7101 0708,07:00 - 23:00,Wifi Miễn Phí Thanh toán bằng thẻ,https://www.highlandscoffee.com.vn/vnt_upload/dealer/02_2018/thumbs/2000_crop_Highlands-Coffee-anh1.jpg,https://www.highlandscoffee.com.vn/vn/he-thong-cua-hang/323/x.html,Hồ Chí Minh
324,132A Nguyễn Thái Học,"132A Nguyễn Thái Học, Phường Phạm Ngũ Lão, Quận 1, Tp. Hồ Chí Minh",(028) 7108 7171,07:00 - 23:00,Wifi Miễn Phí Thanh toán bằng thẻ,https://www.highlandscoffee.com.vn/vnt_upload/dealer/02_2018/thumbs/2000_crop_Highlands-Coffee-anh1.jpg,https://www.highlandscoffee.com.vn/vn/he-thong-cua-hang/324/x.html,Hồ Chí Minh
325,Ocean Park,"1 Đào Duy Anh, Phường Kim Liên, Quận Đống Đa, Hà Nội",(024) 71006989,7:00 - 18:00,Wifi Miễn Phí Thanh toán bằng thẻ,https://www.highlandscoffee.com.vn/vnt_upload/dealer/02_2018/thumbs/2000_crop_Highlands-Coffee-anh1.jpg,https://www.highlandscoffee.com.vn/vn/he-thong-cua-hang/325/x.html,Hà Nội
326,FLC 36 Phạm Hùng,"FLC Complex, 36 Phạm Hùng, Phường Mỹ Đình 2, Quận Nam Từ Liêm, Hà Nội",(024) 5678 0199,7:00 - 23:00,Wifi Miễn Phí Thanh toán bằng thẻ,https://www.highlandscoffee.com.vn/vnt_upload/dealer/02_2018/thumbs/2000_crop_Highlands-Coffee-anh1.jpg,https://www.highlandscoffee.com.vn/vn/he-thong-cua-hang/326/x.html,Hà Nội
327,AEON Mall Hà Đông,"AEON Mall Hà Đông, Dương Nội, Quận Hà Đông, Hà Nội",(024) 73065885,8:00 - 22:00,Wifi Miễn Phí Thanh toán bằng thẻ,https://www.highlandscoffee.com.vn/vnt_upload/dealer/02_2018/thumbs/2000_crop_Highlands-Coffee-anh1.jpg,https://www.highlandscoffee.com.vn/vn/he-thong-cua-hang/327/x.html,Quảng Trị
328,Làng Việt Kiều,"16B5.01, Nguyễn Văn Lộc, Hà Đông, Hà Nội",(024) 56780118,7:00 - 23:00,Wifi Miễn Phí Thanh toán bằng thẻ,https://www.highlandscoffee.com.vn/vnt_upload/dealer/02_2018/thumbs/2000_crop_Highlands-Coffee-anh1.jpg,https://www.highlandscoffee.com.vn/vn/he-thong-cua-hang/328/x.html,Quảng Trị
329,Vinhomes Star City,"Đường Trần Duy Hưng, Phường Trung Hòa, Quận Cầu Giấy, Hà Nội",(024) 7101 5969,7:00 - 23:00,Wifi Miễn Phí Thanh toán bằng thẻ,https://www.highlandscoffee.com.vn/vnt_upload/dealer/02_2018/thumbs/2000_crop_Highlands-Coffee-anh1.jpg,https://www.highlandscoffee.com.vn/vn/he-thong-cua-hang/329/x.html,Hà Nội
330,01 Hàng Bạc,"1 Hàng Bạc, Phường Hàng Bạc, Quận Hoàn Kiếm, Hà Nội",(024) 7108 5262,7:00 - 23:00,Wifi Miễn Phí Thanh toán bằng thẻ,https://www.highlandscoffee.com.vn/vnt_upload/dealer/02_2018/thumbs/2000_crop_Highlands-Coffee-anh1.jpg,https://www.highlandscoffee.com.vn/vn/he-thong-cua-hang/330/x.html,Hà Nội
331,The Manor 2,"Khu Dân cư The Manor, Phường Mễ Trì, Quận Nam Từ Liêm, Hà Nội",(024) ‎7102 3868,7:00 - 23:00,Wifi Miễn Phí Thanh toán bằng thẻ,https://www.highlandscoffee.com.vn/vnt_upload/dealer/02_2018/thumbs/2000_crop_Highlands-Coffee-anh1.jpg,https://www.highlandscoffee.com.vn/vn/he-thong-cua-hang/331/x.html,Hà Nội
332,Golden Heart,"Khu đô thị Kim Văn Kim Lũ, Nguyễn Xiển, Phường Kim Văn, Quận Hoàng Mai, Hà Nội",(024) 7303 5886,7:00 - 23:00,Wifi Miễn Phí Thanh toán bằng thẻ,https://www.highlandscoffee.com.vn/vnt_upload/dealer/02_2018/thumbs/2000_crop_Highlands-Coffee-anh1.jpg,https://www.highlandscoffee.com.vn/vn/he-thong-cua-hang/332/x.html,Hà Nội
333,129 Thái Thịnh,"129 Thái Thịnh, Quận Đống Đa, Hà Nội",(024) 7306 5889,7:00 - 23:00,Wifi Miễn Phí Thanh toán bằng thẻ,https://www.highlandscoffee.com.vn/vnt_upload/dealer/02_2018/thumbs/2000_crop_Highlands-Coffee-anh1.jpg,https://www.highlandscoffee.com.vn/vn/he-thong-cua-hang/333/x.html,Hà Nội
334,PVI Tower,"1 Phạm Văn Bạch, phường Yên Hòa, quận Cầu Giấy, Hà Nội",(024) 71016989,7:00 - 23:00,Wifi Miễn Phí Thanh toán bằng thẻ,https://www.highlandscoffee.com.vn/vnt_upload/dealer/02_2018/thumbs/2000_crop_Highlands-Coffee-anh1.jpg,https://www.highlandscoffee.com.vn/vn/he-thong-cua-hang/334/x.html,Hà Nội
335,Kosmo Tây Hồ,"Xuân La, Phường Xuân Đỉnh, Quận Bắc Từ Liêm, Hà Nội",(024) 5678 0189,7:00 - 23:00,Wifi Miễn Phí Thanh toán bằng thẻ,https://www.highlandscoffee.com.vn/vnt_upload/dealer/02_2018/thumbs/2000_crop_Highlands-Coffee-anh1.jpg,https://www.highlandscoffee.com.vn/vn/he-thong-cua-hang/335/x.html,Hà Nội
336,Vincom Phạm Ngọc Thạch,"2 Phạm Ngọc Thạch, quận Đống Đa, Hà Nội",(024) 56780019,7:00 - 23:00,Wifi Miễn Phí Thanh toán bằng thẻ,https://www.highlandscoffee.com.vn/vnt_upload/dealer/02_2018/thumbs/2000_crop_Highlands-Coffee-anh1.jpg,https://www.highlandscoffee.com.vn/vn/he-thong-cua-hang/336/x.html,Hà Nội
338,Bán Đảo Linh Đàm,"Số 23BT2 Bán Đảo Linh Đàm, Phường Hoàng Liệt, Quận Hoàng Mai, Hà Nội",(024) 7306 5335,7:00 - 23:00,Wifi Miễn Phí Thanh toán bằng thẻ,https://www.highlandscoffee.com.vn/vnt_upload/dealer/02_2018/thumbs/2000_crop_Highlands-Coffee-anh1.jpg,https://www.highlandscoffee.com.vn/vn/he-thong-cua-hang/338/x.html,Hà Nội
337,Lotte Tây Sơn,"Lotte Mipec, 229 Tây Sơn, Phường Ngã Tư Sở, Quận Đống Đa, Hà Nội",(024) 7108 5565,7:00 - 23:00,Wifi Miễn Phí Thanh toán bằng thẻ,https://www.highlandscoffee.com.vn/vnt_upload/dealer/02_2018/thumbs/2000_crop_Highlands-Coffee-anh1.jpg,https://www.highlandscoffee.com.vn/vn/he-thong-cua-hang/337/x.html,Hà Nội
339,South Building,"Ô đất HH.III.12.2 khu đô thị mới Pháp Vân - Tứ Hiệp, Phường Hoàng Liệt, Quận Hoàng Mai, Hà Nội",(024) 5678 0218,7:00 - 23:00,Wifi Miễn Phí Thanh toán bằng thẻ,https://www.highlandscoffee.com.vn/vnt_upload/dealer/02_2018/thumbs/2000_crop_Highlands-Coffee-anh1.jpg,https://www.highlandscoffee.com.vn/vn/he-thong-cua-hang/339/x.html,Hà Nội
340,98 Ngô Gia Tự,"98 Ngô Gia Tự, Quận Ngô Quyền, Tp. Bắc Giang, Tỉnh Bắc Giang",(0204) 730 6668,7:00 - 23:00,Wifi Miễn Phí Thanh toán bằng thẻ,https://www.highlandscoffee.com.vn/vnt_upload/dealer/02_2018/thumbs/2000_crop_Highlands-Coffee-anh1.jpg,https://www.highlandscoffee.com.vn/vn/he-thong-cua-hang/340/x.html,Bắc Giang
342,Mường Thanh Quảng Ninh,"Phường Bãi Cháy, Tp. Hạ Long, Quảng Ninh",(0203) 3646 619,7:00 - 23:00,Wifi Miễn Phí Thanh toán bằng thẻ,https://www.highlandscoffee.com.vn/vnt_upload/dealer/02_2018/thumbs/2000_crop_Highlands-Coffee-anh1.jpg,https://www.highlandscoffee.com.vn/vn/he-thong-cua-hang/342/x.html,Quảng Ninh
343,Bạch Đằng HP,"01 Bạch Đằng, Huyện Thủy Nguyên, Hải Phòng",(0225) 7305 885,7:00 - 23:00,Wifi Miễn Phí Thanh toán bằng thẻ,https://www.highlandscoffee.com.vn/vnt_upload/dealer/02_2018/thumbs/2000_crop_Highlands-Coffee-anh1.jpg,https://www.highlandscoffee.com.vn/vn/he-thong-cua-hang/343/x.html,Hải Phòng
344,Ecopark 2,"189 Marina Residences, Khu Đô Thị Ecopark, Văn Giang, Hưng Yên",(022) 1730 5885,7:00 - 23:00,Wifi Miễn Phí Thanh toán bằng thẻ,https://www.highlandscoffee.com.vn/vnt_upload/dealer/02_2018/thumbs/2000_crop_Highlands-Coffee-anh1.jpg,https://www.highlandscoffee.com.vn/vn/he-thong-cua-hang/344/x.html,Hưng Yên
345,Nguyễn Du Nam Định,"151 Nguyễn Du, Tp. Nam Định",(0228) 730 8886,7:00 - 23:00,Wifi Miễn Phí Thanh toán bằng thẻ,https://www.highlandscoffee.com.vn/vnt_upload/dealer/02_2018/thumbs/2000_crop_Highlands-Coffee-anh1.jpg,https://www.highlandscoffee.com.vn/vn/he-thong-cua-hang/345/x.html,Nam Định
346,Vincom Thái Bình,"460 Lý Bôn, Phường Đề Thám, Thái Bình",(0227) 730 5885,7:00 - 23:00,Wifi Miễn Phí Thanh toán bằng thẻ,https://www.highlandscoffee.com.vn/vnt_upload/dealer/02_2018/thumbs/2000_crop_Highlands-Coffee-anh1.jpg,https://www.highlandscoffee.com.vn/vn/he-thong-cua-hang/346/x.html,Thái Bình
347,City Hub Vinh,"Tầng 1 Tòa nhà City Hub, 1 Lê Hồng Phong, Phường Hưng Bình, Tp. Vinh, Tỉnh Nghệ An",(0238) 7305 885,7:00 - 23:00,Wifi Miễn Phí Thanh toán bằng thẻ,https://www.highlandscoffee.com.vn/vnt_upload/dealer/02_2018/thumbs/2000_crop_Highlands-Coffee-anh1.jpg,https://www.highlandscoffee.com.vn/vn/he-thong-cua-hang/347/x.html,Nghệ An
348,Vinh Centre,"69 Hồ Tùng Mậu, Phường Trường Thi, Tp. Vinh, Tỉnh Nghệ An",(0238) 7305 688,7:30 - 23:00,Wifi Miễn Phí Thanh toán bằng thẻ,https://www.highlandscoffee.com.vn/vnt_upload/dealer/02_2018/thumbs/2000_crop_Highlands-Coffee-anh1.jpg,https://www.highlandscoffee.com.vn/vn/he-thong-cua-hang/348/x.html,Nghệ An
349,Công Viên Vinh,"2 Lê Mao, Phường Lê Mao, Tp. Vinh, Tỉnh Nghệ An",(0238) 7303 553,7:30 - 23:00,Wifi Miễn Phí Thanh toán bằng thẻ,https://www.highlandscoffee.com.vn/vnt_upload/dealer/02_2018/thumbs/2000_crop_Highlands-Coffee-anh1.jpg,https://www.highlandscoffee.com.vn/vn/he-thong-cua-hang/349/x.html,Nghệ An
350,Highlands Coffee 543 Kim Mã,"543 – 545 Kim Mã, Ngọc Khánh, Bà Đình, Hà Nội.",(024) 5678 0004,7:00 – 23:00 * 7 ngày/ tuần,Wifi Miễn Phí Thanh toán bằng thẻ,https://www.highlandscoffee.com.vn/vnt_upload/dealer/02_2018/thumbs/2000_crop_Highlands-Coffee-anh1.jpg,https://www.highlandscoffee.com.vn/vn/he-thong-cua-hang/350/x.html,Hà Nội
351,Highlands Coffee 195 Trung Sơn,"195 đường số 9A, Khu Trung Sơn, Bình Hưng, Huyện Bình Chánh",028 7109 1195,7:00 – 22:00 * 7 ngày/ tuần,Wifi Miễn Phí Thanh toán bằng thẻ,https://www.highlandscoffee.com.vn/vnt_upload/dealer/02_2018/thumbs/2000_crop_Highlands-Coffee-anh1.jpg,https://www.highlandscoffee.com.vn/vn/he-thong-cua-hang/351/x.html,Hồ Chí Minh
352,Highlands Coffee FCC Tower Thái Nguyên,"64 Hoàng Văn Thụ, phường Hoàng Văn Thụ, Tp. Thái Nguyên",020 87309998,7:00 – 23:00 * 7 ngày/ tuần,Wifi Miễn Phí Thanh toán bằng thẻ,https://www.highlandscoffee.com.vn/vnt_upload/dealer/02_2018/thumbs/2000_crop_Highlands-Coffee-anh1.jpg,https://www.highlandscoffee.com.vn/vn/he-thong-cua-hang/352/x.html,Thái Nguyên
354,Highlands Coffee Hutech D9,"Trường Đại học Hutech, khu công nghệ cao, xa lộ Hà Nội, P. Hiệp Phú, Q. 9, Tp. Hồ Chí Minh",02871097082,6:30 – 20:00 * 7 ngày/ tuần,Wifi Miễn Phí Thanh toán bằng thẻ,https://www.highlandscoffee.com.vn/vnt_upload/dealer/02_2018/thumbs/2000_crop_Highlands-Coffee-anh1.jpg,https://www.highlandscoffee.com.vn/vn/he-thong-cua-hang/354/x.html,Hồ Chí Minh
355,Highlands Coffee VNG Campus D7,"Lô Z.06 Đường số 13, khu chế xuất Tân Thuận, P. Tân Thuận Đông, Q. 7, Tp. Hồ Chí Minh",02871097007,7:00 – 19:00 * 6 ngày/ tuần,Wifi Miễn Phí Thanh toán bằng thẻ,https://www.highlandscoffee.com.vn/vnt_upload/dealer/02_2018/thumbs/2000_crop_Highlands-Coffee-anh1.jpg,https://www.highlandscoffee.com.vn/vn/he-thong-cua-hang/355/x.html,Hồ Chí Minh
353,Highlands Coffee Vincom Plaza Vĩnh Long,"Tầng Trệt - Vincom Plaza Vĩnh Long, số 55 Phạm Thái Bường, Phường 4, Tp. Vĩnh Long, Tỉnh Vĩnh Long",(0235) 730 2021,7:00 – 22:00 * 7 ngày/ tuần,Wifi Miễn Phí Thanh toán bằng thẻ,https://www.highlandscoffee.com.vn/vnt_upload/dealer/02_2018/thumbs/2000_crop_Highlands-Coffee-anh1.jpg,https://www.highlandscoffee.com.vn/vn/he-thong-cua-hang/353/x.html,Vĩnh Long
356,Highlands Coffee Charmvit Tower,"117 Trần Duy Hưng, Trung Hòa, Cầu Giấy, Hà Nội",(024) 5678 0020,7:00 – 23:00 * 7 ngày/ tuần,Wifi Miễn Phí Thanh toán bằng thẻ,https://www.highlandscoffee.com.vn/vnt_upload/dealer/02_2018/thumbs/2000_crop_Highlands-Coffee-anh1.jpg,https://www.highlandscoffee.com.vn/vn/he-thong-cua-hang/356/x.html,Hà Nội
357,Highlands Coffee Big C Di An,"Quốc lộ 1k, Phường Đông Hòa, TP. Dĩ An, tỉnh Bình Dương",(0274) 7302425,"T2 đến T5 là 8:00-22:00, T6 đến Chủ nhật là 8:00-22:30",Wifi Miễn Phí Thanh toán bằng thẻ,https://www.highlandscoffee.com.vn/vnt_upload/dealer/02_2018/thumbs/2000_crop_Highlands-Coffee-anh1.jpg,https://www.highlandscoffee.com.vn/vn/he-thong-cua-hang/357/x.html,Bình Dương
358,Highlands Coffee UrBan Hill D7,"Lô SH-R02, Tòa nhà Urban Hill, đường Nguyễn Văn Linh, Phường Tân Phong, Quận 7, Tp. Hồ Chí Minh",(028) 71097070,7:00 – 22:00 - 7 ngày/tuần,Wifi Miễn Phí Thanh toán bằng thẻ,https://www.highlandscoffee.com.vn/vnt_upload/dealer/02_2018/thumbs/2000_crop_Highlands-Coffee-anh1.jpg,https://www.highlandscoffee.com.vn/vn/he-thong-cua-hang/358/x.html,Hồ Chí Minh
359,Highlands Coffee 402 Trần Hưng Đạo B,"402 – 404 Trần Hưng Đạo B, Phường 11, Quận 5, Tp. Hồ Chí Minh",(028) 7100 0402,7:00 – 23:00 * 7 ngày/ tuần,Wifi Miễn Phí Thanh toán bằng thẻ,https://www.highlandscoffee.com.vn/vnt_upload/dealer/02_2018/thumbs/2000_crop_Highlands-Coffee-anh1.jpg,https://www.highlandscoffee.com.vn/vn/he-thong-cua-hang/359/x.html,Hồ Chí Minh
361,Highlands Coffee 78 Nguyễn Huệ - Huế,"78 Nguyện Huệ, P. Vĩnh Ninh, Tp. Huế",0234 3888897,7:00 – 23:00 * 7 ngày/ tuần,Wifi Miễn Phí Thanh toán bằng thẻ,https://www.highlandscoffee.com.vn/vnt_upload/dealer/02_2018/thumbs/2000_crop_Highlands-Coffee-anh1.jpg,https://www.highlandscoffee.com.vn/vn/he-thong-cua-hang/361/x.html,Thừa Thiên - Huế
362,Highlands Coffee TTC Hotel Cần Thơ,"02 Hai Bà Trưng, Phường Tân An, Quận Ninh Kiều, Tp. Cần Thơ",(0292) 7302 728,7:00 – 23:00 * 7 ngày/ tuần,Wifi Miễn Phí Thanh toán bằng thẻ,https://www.highlandscoffee.com.vn/vnt_upload/dealer/02_2018/thumbs/2000_crop_Highlands-Coffee-anh1.jpg,https://www.highlandscoffee.com.vn/vn/he-thong-cua-hang/362/x.html,Hà Nội
363,Highlands Coffee TNL Plaza,"06 Trần Hưng Đạo, P. Phú Hòa, Tp. Huế",0234 3555 097,7:00 – 23:00 * 7 ngày/ tuần,Wifi Miễn Phí Thanh toán bằng thẻ,https://www.highlandscoffee.com.vn/vnt_upload/dealer/02_2018/thumbs/2000_crop_Highlands-Coffee-anh1.jpg,https://www.highlandscoffee.com.vn/vn/he-thong-cua-hang/363/x.html,Thừa Thiên - Huế
364,Highlands Coffee Gold Tower,"275 Nguyễn Trãi, Thanh Xuân, Hà Nội",(024) 5678 0029,7:00 – 23:00 * 7 ngày/ tuần,Wifi Miễn Phí Thanh toán bằng thẻ,https://www.highlandscoffee.com.vn/vnt_upload/dealer/02_2018/thumbs/2000_crop_Highlands-Coffee-anh1.jpg,https://www.highlandscoffee.com.vn/vn/he-thong-cua-hang/364/x.html,Hà Nội
360,Highlands Coffee The Light Hà Nội,"Tầng 1, Tòa nhà The Light, Đường Tố Hữu, Phường Trung Văn, Quận Nam Từ Liêm, Hà Nội",(024) 56780021,7:00 – 23:00 * 7 ngày/ tuần,Wifi Miễn Phí Thanh toán bằng thẻ,https://www.highlandscoffee.com.vn/vnt_upload/dealer/02_2018/thumbs/2000_crop_Highlands-Coffee-anh1.jpg,https://www.highlandscoffee.com.vn/vn/he-thong-cua-hang/360/x.html,Hà Nội
365,Highlands Coffee Flora Thủ Đức,"Tòa nhà Flora Novia, Phạm Văn Đồng, Phường Linh Tây, Quận Thủ Đức, Tp. Hồ Chí Minh",(028) 7109 1135,7:00 – 23:00 * 7 ngày/ tuần,Wifi Miễn Phí Thanh toán bằng thẻ,https://www.highlandscoffee.com.vn/vnt_upload/dealer/02_2018/thumbs/2000_crop_Highlands-Coffee-anh1.jpg,https://www.highlandscoffee.com.vn/vn/he-thong-cua-hang/365/x.html,Hồ Chí Minh
366,Highlands Coffee An Phú Thịnh – Quy Nhơn,"78 Phan Bội Châu, phường Lê Lợi, Quy Nhơn",0256 730 2021,7:00 – 23:00 * 7 ngày/ tuần,,https://www.highlandscoffee.com.vn/vnt_upload/dealer/02_2018/thumbs/2000_crop_Highlands-Coffee-anh1.jpg,https://www.highlandscoffee.com.vn/vn/he-thong-cua-hang/366/x.html,Bình Định
368,Highlands Coffee Eco City HN,"Lô CT – 21B,Khu đô thị mới Việt Hưng, Phường Giang Biên, Quận Long Biên, Hà Nội",(024) 5678 0003,7:00 – 23:00 * 7 ngày/ tuần,Wifi Miễn Phí Thanh toán bằng thẻ,https://www.highlandscoffee.com.vn/vnt_upload/dealer/02_2018/thumbs/2000_crop_Highlands-Coffee-anh1.jpg,https://www.highlandscoffee.com.vn/vn/he-thong-cua-hang/368/x.html,Hà Nội
367,Highlands Coffee Dai Hoc FPT HN,"Hòa Lạc Hi-tech, xã Thạch Hòa, huyện Thạch Thất, Hà Nội",(024) 56780014,7:00 – 23:00 * 7 ngày/ tuần,Wifi Miễn Phí Thanh toán bằng thẻ,https://www.highlandscoffee.com.vn/vnt_upload/dealer/02_2018/thumbs/2000_crop_Highlands-Coffee-anh1.jpg,https://www.highlandscoffee.com.vn/vn/he-thong-cua-hang/367/x.html,Hà Nội
369,Highlands Coffee CTM Cau Giay Ha Noi,"299 Cầu Giấy, Phường Dịch Vọng, Quận Cầu Giấy, Hà Nội",(024) 5678 0005,7:00 – 23:00 * 7 ngày/ tuần,Wifi Miễn Phí Thanh toán bằng thẻ,https://www.highlandscoffee.com.vn/vnt_upload/dealer/02_2018/thumbs/2000_crop_Highlands-Coffee-anh1.jpg,https://www.highlandscoffee.com.vn/vn/he-thong-cua-hang/369/x.html,Hà Nội
371,Highlands Coffee Vinhomes Ocean Park,"Nhà số SB22 – 32, Đường Sao Biển, Vinhomes Ocean Park, Thị Trấn Trâu Quỳ, Xã Dương Xá, Huyện Gia Lâm, Hà Nội",024 5678 0007,7:00 – 23:00 * 7 ngày/ tuần,Wifi Miễn Phí Thanh toán bằng thẻ,https://www.highlandscoffee.com.vn/vnt_upload/dealer/02_2018/thumbs/2000_crop_Highlands-Coffee-anh1.jpg,https://www.highlandscoffee.com.vn/vn/he-thong-cua-hang/371/x.html,Hà Nội
372,Highlands Coffee Imperia Garden,"203 Nguyễn Huy Tưởng, Phường Thanh Xuân Trung, Quận Thanh Xuân, Hà Nội",(024)5678 0006,7:00 – 23:00 * 7 ngày/ tuần,Wifi Miễn Phí Thanh toán bằng thẻ,https://www.highlandscoffee.com.vn/vnt_upload/dealer/02_2018/thumbs/2000_crop_Highlands-Coffee-anh1.jpg,https://www.highlandscoffee.com.vn/vn/he-thong-cua-hang/372/x.html,Hà Nội
373,Highlands Coffee TNR Tower Ha Noi,"54A Nguyễn Chí Thanh, phường Láng Thượng, quận Đống Đa, Hà Nội",(024) 71024868,7:00 – 23:00 * 7 ngày/ tuần,Wifi Miễn Phí Thanh toán bằng thẻ,https://www.highlandscoffee.com.vn/vnt_upload/dealer/02_2018/thumbs/2000_crop_Highlands-Coffee-anh1.jpg,https://www.highlandscoffee.com.vn/vn/he-thong-cua-hang/373/x.html,Hà Nội
374,Highlands Coffee D8 T1 Noi Bai Ha Noi,"Tầng 2, Sảnh D, Nhà Ga T1, Cảng Hàng Không Quốc Tế Nội Bài",(024) 5678 0008,6:00 – 24:00 * 7 ngày/ tuần,Wifi Miễn Phí Thanh toán bằng thẻ,https://www.highlandscoffee.com.vn/vnt_upload/dealer/02_2018/thumbs/2000_crop_Highlands-Coffee-anh1.jpg,https://www.highlandscoffee.com.vn/vn/he-thong-cua-hang/374/x.html,Hà Nội
375,Highlands Coffee 17T4 Hoang Dao Thuy,"17T4 Hoàng Đạo Thúy, phường Trung Hòa, quận Cầu Giấy, Hà Nội",(024) 5678 0002,7:00 – 23:00 * 7 ngày/ tuần,Wifi Miễn Phí Thanh toán bằng thẻ,https://www.highlandscoffee.com.vn/vnt_upload/dealer/02_2018/thumbs/2000_crop_Highlands-Coffee-anh1.jpg,https://www.highlandscoffee.com.vn/vn/he-thong-cua-hang/375/x.html,Hà Nội
376,Highlands Coffee Gamuda Gardens,"29 Gamuda Gardens 2 -2, Phường Trần Phú, Quận Hoàng Mai, Hà Nội",(024) 5678 0018,7:00 – 23:00 * 7 ngày/ tuần,Wifi Miễn Phí Thanh toán bằng thẻ,https://www.highlandscoffee.com.vn/vnt_upload/dealer/02_2018/thumbs/2000_crop_Highlands-Coffee-anh1.jpg,https://www.highlandscoffee.com.vn/vn/he-thong-cua-hang/376/x.html,Hà Nội
377,Highlands Coffee Tran Hung Dao LX,"1224 Trần Hưng Đạo, phường Mỹ Bình, Long Xuyên, An Giang",(0296) 730 3031,7:00 – 23:00 * 7 ngày/ tuần,Wifi Miễn Phí Thanh toán bằng thẻ,https://www.highlandscoffee.com.vn/vnt_upload/dealer/02_2018/thumbs/2000_crop_Highlands-Coffee-anh1.jpg,https://www.highlandscoffee.com.vn/vn/he-thong-cua-hang/377/x.html,An Giang
378,Highlands Coffee Mandala Bac Ninh,"Tầng 1, Mandala Hotel, đường Kinh Dương Vương, Phường Vũ Ninh, Tp. Bắc Ninh, Tỉnh Bắc Ninh",(0222) 7309 998,7:00 – 23:00 * 7 ngày/ tuần,Wifi Miễn Phí Thanh toán bằng thẻ,https://www.highlandscoffee.com.vn/vnt_upload/dealer/02_2018/thumbs/2000_crop_Highlands-Coffee-anh1.jpg,https://www.highlandscoffee.com.vn/vn/he-thong-cua-hang/378/x.html,Bắc Ninh
379,Highlands Coffee Vincom Di An,"Corner DT743-DT743B, Tp. Dĩ An, Tỉnh Bình Dương",(0274) 7308 887,7:00 – 23:00 * 7 ngày/ tuần,Wifi Miễn Phí Thanh toán bằng thẻ,https://www.highlandscoffee.com.vn/vnt_upload/dealer/02_2018/thumbs/2000_crop_Highlands-Coffee-anh1.jpg,https://www.highlandscoffee.com.vn/vn/he-thong-cua-hang/379/x.html,Bình Dương
380,Highlands Coffee 232 Ng An Ninh BDG,"232 Nguyễn An Ninh, Tp. Di An, Tỉnh Bình Dương",(0274) 730 3031,7:00 – 23:00 * 7 ngày/ tuần,Wifi Miễn Phí Thanh toán bằng thẻ,https://www.highlandscoffee.com.vn/vnt_upload/dealer/02_2018/thumbs/2000_crop_Highlands-Coffee-anh1.jpg,https://www.highlandscoffee.com.vn/vn/he-thong-cua-hang/380/x.html,Bình Dương
382,Highlands Coffee 398R Ng Van Cu CT,"398R Nguyễn Văn Cừ, Phường Xuân Khánh, Quận Ninh Kiều, Tp. Cần Thơ",(0292) 730 2021,7:00 – 23:00 * 7 ngày/ tuần,Wifi Miễn Phí Thanh toán bằng thẻ,https://www.highlandscoffee.com.vn/vnt_upload/dealer/02_2018/thumbs/2000_crop_Highlands-Coffee-anh1.jpg,https://www.highlandscoffee.com.vn/vn/he-thong-cua-hang/382/x.html,Cần Thơ
381,Highlands Coffee Vincom Cam Pha,"Lê Thanh Nghị, Phường Cẩm Bình, Tp. Cẩm Phả, Quảng Ninh",(0203) 730 5885,7:30 – 22:00 * 7 ngày/ tuần,Wifi Miễn Phí Thanh toán bằng thẻ,https://www.highlandscoffee.com.vn/vnt_upload/dealer/02_2018/thumbs/2000_crop_Highlands-Coffee-anh1.jpg,https://www.highlandscoffee.com.vn/vn/he-thong-cua-hang/381/x.html,Quảng Ninh
383,Highlands Coffee Vincom Da Nang,"Tòa nhà Vincom, Ngô Quyền, phường An Bắc Hải, Quận Sơn Trà, Tp. Đà Nẵng",(0236) 3925 087,8:00 – 22:00 * 7 ngày/ tuần,Wifi Miễn Phí Thanh toán bằng thẻ,https://www.highlandscoffee.com.vn/vnt_upload/dealer/02_2018/thumbs/2000_crop_Highlands-Coffee-anh1.jpg,https://www.highlandscoffee.com.vn/vn/he-thong-cua-hang/383/x.html,Đà Nẵng
384,Highlands Coffee Đại học Sư Phạm DNG,"459 Tôn Đức Thắng, Q. Liên Chiểu, Tp. Đà Nẵng",(0236) 3712001,7:00 – 23:00 * 7 ngày/ tuần,Wifi Miễn Phí Thanh toán bằng thẻ,https://www.highlandscoffee.com.vn/vnt_upload/dealer/02_2018/thumbs/2000_crop_Highlands-Coffee-anh1.jpg,https://www.highlandscoffee.com.vn/vn/he-thong-cua-hang/384/x.html,Đà Nẵng
386,Highlands Coffee Azura Đà Nẵng,"339 Trần Hưng Đạo, P. An Hải Bắc, Q. Sơn Trà, Tp. Đà Nẵng",2363519118,7:00 – 23:00 * 7 ngày/ tuần,Wifi Miễn Phí Thanh toán bằng thẻ,https://www.highlandscoffee.com.vn/vnt_upload/dealer/02_2018/thumbs/2000_crop_Highlands-Coffee-anh1.jpg,https://www.highlandscoffee.com.vn/vn/he-thong-cua-hang/386/x.html,Đà Nẵng
385,Highlands Coffee 95 Nguyễn Văn Thoại,"95 Nguyễn Văn Thoại, Q. Ngũ Hành Sơn, Tp. Đà  Nẵng",(0236) 3522012,7:00 – 23:00 * 7 ngày/ tuần,Wifi Miễn Phí Thanh toán bằng thẻ,https://www.highlandscoffee.com.vn/vnt_upload/dealer/02_2018/thumbs/2000_crop_Highlands-Coffee-anh1.jpg,https://www.highlandscoffee.com.vn/vn/he-thong-cua-hang/385/x.html,Đà Nẵng
387,Highlands Coffee VTV8 Da Nang,"258 Bạch Đăng, P. Phước Ninh, Q.Hải Châu, Tp. Đà Nẵng",(0236) 710 9778,7:00 – 23:00 * 7 ngày/ tuần,Wifi Miễn Phí Thanh toán bằng thẻ,https://www.highlandscoffee.com.vn/vnt_upload/dealer/02_2018/thumbs/2000_crop_Highlands-Coffee-anh1.jpg,https://www.highlandscoffee.com.vn/vn/he-thong-cua-hang/387/x.html,Đà Nẵng
388,Highlands Coffee 203 Ong Ich Khiem DN,"223 Ông Ích Khiêm, P. Thạch Thang, Q. Hải Châu, Đà Nẵng",(0236) 3666 203,7:00 – 23:00 * 7 ngày/ tuần,Wifi Miễn Phí Thanh toán bằng thẻ,https://www.highlandscoffee.com.vn/vnt_upload/dealer/02_2018/thumbs/2000_crop_Highlands-Coffee-anh1.jpg,https://www.highlandscoffee.com.vn/vn/he-thong-cua-hang/388/x.html,Đà Nẵng
389,Highlands Coffee Phan Chau Trinh DNG,"185a Phan Châu Trinh, Q. Hải Châu, Đà Nẵng",(0236) 3832 001,7:00 – 23:00 * 7 ngày/ tuần,Wifi Miễn Phí Thanh toán bằng thẻ,https://www.highlandscoffee.com.vn/vnt_upload/dealer/02_2018/thumbs/2000_crop_Highlands-Coffee-anh1.jpg,https://www.highlandscoffee.com.vn/vn/he-thong-cua-hang/389/x.html,Đà Nẵng
390,Highlands Coffee 338 Ng Van Linh DNG,"338 Nguyễn Văn Linh, Phương Thạc Gián, Quận Hải Châu, Tp. Đà Nẵng",0236 3832003,7:00 – 23:00 * 7 ngày/ tuần,Wifi Miễn Phí Thanh toán bằng thẻ,https://www.highlandscoffee.com.vn/vnt_upload/dealer/02_2018/thumbs/2000_crop_Highlands-Coffee-anh1.jpg,https://www.highlandscoffee.com.vn/vn/he-thong-cua-hang/390/x.html,Đà Nẵng
391,Highlands Coffee Ngo Van So DNG,"68-70 Ngô Văn Sở, phường Hòa Khánh Nam, Quận Liên Chiểu, Đà Nẵng",(0236) 3680 002,7:00 – 23:00 * 7 ngày/ tuần,Wifi Miễn Phí Thanh toán bằng thẻ,https://www.highlandscoffee.com.vn/vnt_upload/dealer/02_2018/thumbs/2000_crop_Highlands-Coffee-anh1.jpg,https://www.highlandscoffee.com.vn/vn/he-thong-cua-hang/391/x.html,Đà Nẵng
392,Highlands Coffee 277 Ton Duc Thang DNG,"277 Tôn Đức Thắng, Phường Hòa Minh, Quận Liên Chiểu, Đà Nẵng",(0236) 3714 014,7:00 – 23:00 * 7 ngày/ tuần,Wifi Miễn Phí Thanh toán bằng thẻ,https://www.highlandscoffee.com.vn/vnt_upload/dealer/02_2018/thumbs/2000_crop_Highlands-Coffee-anh1.jpg,https://www.highlandscoffee.com.vn/vn/he-thong-cua-hang/392/x.html,Đà Nẵng
393,Highlands Coffee DNG Airport Arrivals,"Khu vực sảnh chờ ga đến Quốc Nội, Sân bay Đà Nẵng, 62 Trần Quốc Toản, Quận Hải Châu, Tp. Đà Nẵng",(0236) 7109 553,6:30 – 02:00 * 7 ngày/ tuần,Wifi Miễn Phí Thanh toán bằng thẻ,https://www.highlandscoffee.com.vn/vnt_upload/dealer/02_2018/thumbs/2000_crop_Highlands-Coffee-anh1.jpg,https://www.highlandscoffee.com.vn/vn/he-thong-cua-hang/393/x.html,Đà Nẵng
395,Highlands Coffee 299 Le Duan LT,"299 Lê Duẩn, Huyện Long Thành, Tỉnh Đồng Nai",(0251) 3682535,7:00 – 23:00 * 7 ngày/ tuần,Wifi Miễn Phí Thanh toán bằng thẻ,https://www.highlandscoffee.com.vn/vnt_upload/dealer/02_2018/thumbs/2000_crop_Highlands-Coffee-anh1.jpg,https://www.highlandscoffee.com.vn/vn/he-thong-cua-hang/395/x.html,Đồng Nai
394,Highlands Coffee 707 Pham Van Thuan DN,"707 Phạm Văn Thuận, Phường Tam Hiệp, Tp. Biên Hòa, Đồng Nai",(0251) 730 2021,7:00 – 23:00 * 7 ngày/ tuần,Wifi Miễn Phí Thanh toán bằng thẻ,https://www.highlandscoffee.com.vn/vnt_upload/dealer/02_2018/thumbs/2000_crop_Highlands-Coffee-anh1.jpg,https://www.highlandscoffee.com.vn/vn/he-thong-cua-hang/394/x.html,Đồng Nai
396,Highlands Coffee 8C1 Dong Khoi BH,"8C1 Đồng Khởi, Phương Tân Hiệp, Biên Hòa, Đồng Nai",(0251) 3682 434,7:00 – 23:00 * 7 ngày/ tuần,Wifi Miễn Phí Thanh toán bằng thẻ,https://www.highlandscoffee.com.vn/vnt_upload/dealer/02_2018/thumbs/2000_crop_Highlands-Coffee-anh1.jpg,https://www.highlandscoffee.com.vn/vn/he-thong-cua-hang/396/x.html,Đồng Nai
398,Highlands Coffee VH Dragon Ha Long,"HG 01-01, Khu dịch vụ cao cấp Bến Đoan, Phường Hồng Gai, Tp. Hạ Long, Quảng Ninh",(0203) 3909 259,7:00 – 23:00 * 7 ngày/ tuần,Wifi Miễn Phí Thanh toán bằng thẻ,https://www.highlandscoffee.com.vn/vnt_upload/dealer/02_2018/thumbs/2000_crop_Highlands-Coffee-anh1.jpg,https://www.highlandscoffee.com.vn/vn/he-thong-cua-hang/398/x.html,Quảng Ninh
397,Highlands Coffee 10 Ba Thang Hai DN,"10 đường 3 tháng 2, Thị Trấn Trảng Bom, Đồng Nai",0251 730 2324,7:00 – 23:00 * 7 ngày/ tuần,Wifi Miễn Phí Thanh toán bằng thẻ,https://www.highlandscoffee.com.vn/vnt_upload/dealer/02_2018/thumbs/2000_crop_Highlands-Coffee-anh1.jpg,https://www.highlandscoffee.com.vn/vn/he-thong-cua-hang/397/x.html,Đồng Nai
399,Highlands Coffee Vincom Ha Tinh,"Đường Hà Huy Tập, Phường Hà Huy Tập, TP. Hà Tĩnh, tỉnh Hà Tĩnh",(0239) 7308 886,7:00 – 23:00 * 7 ngày/ tuần,Wifi Miễn Phí Thanh toán bằng thẻ,https://www.highlandscoffee.com.vn/vnt_upload/dealer/02_2018/thumbs/2000_crop_Highlands-Coffee-anh1.jpg,https://www.highlandscoffee.com.vn/vn/he-thong-cua-hang/399/x.html,Hà Tĩnh
401,Highlands Coffee 2A Le Hong Phong HP,"2A Lê Hồng Phong, Phường Đông Khê, Quận Ngô Quyền, Hải Phòng",(022) 5730 8998,7:00 – 23:00 * 7 ngày/ tuần,Wifi Miễn Phí Thanh toán bằng thẻ,https://www.highlandscoffee.com.vn/vnt_upload/dealer/02_2018/thumbs/2000_crop_Highlands-Coffee-anh1.jpg,https://www.highlandscoffee.com.vn/vn/he-thong-cua-hang/401/x.html,Hải Phòng
402,Highlands Coffee Aeon Mall Hai Phong,"Cầu Rào 2, Phường Vĩnh Niệm, Quận Lê Chân, Hải Phòng",(0225) 7308 882,7:00 – 23:00 * 7 ngày/ tuần,Wifi Miễn Phí Thanh toán bằng thẻ,https://www.highlandscoffee.com.vn/vnt_upload/dealer/02_2018/thumbs/2000_crop_Highlands-Coffee-anh1.jpg,https://www.highlandscoffee.com.vn/vn/he-thong-cua-hang/402/x.html,Hải Phòng
403,Highlands Coffee 210 Nguyen Trai HCM,"210 Nguyễn Trãi, Phường Phạm Ngũ Lão, Quận 1, Tp. Hồ Chí Minh",(028) 7109 6465,7:00 – 23:00 * 7 ngày/ tuần,Wifi Miễn Phí Thanh toán bằng thẻ,https://www.highlandscoffee.com.vn/vnt_upload/dealer/02_2018/thumbs/2000_crop_Highlands-Coffee-anh1.jpg,https://www.highlandscoffee.com.vn/vn/he-thong-cua-hang/403/x.html,Hồ Chí Minh
405,Highlands Coffee 119 Ham Nghi,"119 Hàm Nghi, Phường Nguyễn Thái Bình, Quận 1, Thành Phố Hồ Chí Minh",(028) 7102 3320,7:00 – 23:00 * 7 ngày/ tuần,Wifi Miễn Phí Thanh toán bằng thẻ,https://www.highlandscoffee.com.vn/vnt_upload/dealer/02_2018/thumbs/2000_crop_Highlands-Coffee-anh1.jpg,https://www.highlandscoffee.com.vn/vn/he-thong-cua-hang/405/x.html,Hồ Chí Minh
406,Highlands Coffee Vinhomes Ba Son,"SH02, AQUA 4, Vinhomes Ba Son, phường Bến Nghé, Quận 1, Tp. Hồ Chí Minh",(028) 7101 2324,7:00 – 23:00 * 7 ngày/ tuần,Wifi Miễn Phí Thanh toán bằng thẻ,https://www.highlandscoffee.com.vn/vnt_upload/dealer/02_2018/thumbs/2000_crop_Highlands-Coffee-anh1.jpg,https://www.highlandscoffee.com.vn/vn/he-thong-cua-hang/406/x.html,Hồ Chí Minh
404,Highlands Coffee Dinh Doc Lap 2,"Bên trong Dinh Độc Lập, 135 Nam Kỳ Khởi Nghĩa, Phường Bến Thành, Quận 1, Tp. Hồ Chí Minh",028 7109 9676,7:00 – 23:00 * 7 ngày/ tuần,Wifi Miễn Phí Thanh toán bằng thẻ,https://www.highlandscoffee.com.vn/vnt_upload/dealer/02_2018/thumbs/2000_crop_Highlands-Coffee-anh1.jpg,https://www.highlandscoffee.com.vn/vn/he-thong-cua-hang/404/x.html,Hồ Chí Minh
407,Highlands Coffee Lexington D2,"67 Mai Chi Thọ, Phường An Phú, Quận 2, Tp. Hồ Chí Minh",(028) 7102 2324,7:00 – 23:00 * 7 ngày/ tuần,Wifi Miễn Phí Thanh toán bằng thẻ,https://www.highlandscoffee.com.vn/vnt_upload/dealer/02_2018/thumbs/2000_crop_Highlands-Coffee-anh1.jpg,https://www.highlandscoffee.com.vn/vn/he-thong-cua-hang/407/x.html,Hồ Chí Minh
409,Highlands Coffee 45 Ly Chinh Thang,"45 Lý Chính Thắng , Phường 8, Quận 3 , Tp. Hồ Chí Minh",(028) 7108 6566,7:00 – 23:00 * 7 ngày/ tuần,Wifi Miễn Phí Thanh toán bằng thẻ,https://www.highlandscoffee.com.vn/vnt_upload/dealer/02_2018/thumbs/2000_crop_Highlands-Coffee-anh1.jpg,https://www.highlandscoffee.com.vn/vn/he-thong-cua-hang/409/x.html,Hồ Chí Minh
408,Highlands Coffee The Sun Avenue,"28 Mai Chi Thọ, Phường An Phú, Quận 2, Tp. Hồ Chí Minh",(028) 7109 8401,7:00 – 23:00 * 7 ngày/ tuần,Wifi Miễn Phí Thanh toán bằng thẻ,https://www.highlandscoffee.com.vn/vnt_upload/dealer/02_2018/thumbs/2000_crop_Highlands-Coffee-anh1.jpg,https://www.highlandscoffee.com.vn/vn/he-thong-cua-hang/408/x.html,Hồ Chí Minh
410,Highlands Coffee Saigon Royal,"34 Bến Vân Đồn, Quận 4, Tp. Hồ Chí Minh",028 7100 0034,7:00 – 23:00 * 7 ngày/ tuần,Wifi Miễn Phí Thanh toán bằng thẻ,https://www.highlandscoffee.com.vn/vnt_upload/dealer/02_2018/thumbs/2000_crop_Highlands-Coffee-anh1.jpg,https://www.highlandscoffee.com.vn/vn/he-thong-cua-hang/410/x.html,Hồ Chí Minh
411,Highlands Coffee Riviera Point D7,"Gian hàng 0.37, Tầng trệt Tòa nhà Riviera Point, 584 Huỳnh Tấn Phát, Phường Tân Phú, Quận 7, Tp. Hồ Chí Minh",(028) 7105 8586,7:00 – 22:00 * 7 ngày/ tuần,Wifi Miễn Phí Thanh toán bằng thẻ,https://www.highlandscoffee.com.vn/vnt_upload/dealer/02_2018/thumbs/2000_crop_Highlands-Coffee-anh1.jpg,https://www.highlandscoffee.com.vn/vn/he-thong-cua-hang/411/x.html,Hồ Chí Minh
413,Highlands Coffee G4-G8 Truong Son,"G4-G8 Trương Sơn, Phường 15, Quận 10, Tp. Hồ Chí Minh",(028) 7106 2324,7:00 – 23:00 * 7 ngày/ tuần,Wifi Miễn Phí Thanh toán bằng thẻ,https://www.highlandscoffee.com.vn/vnt_upload/dealer/02_2018/thumbs/2000_crop_Highlands-Coffee-anh1.jpg,https://www.highlandscoffee.com.vn/vn/he-thong-cua-hang/413/x.html,Hồ Chí Minh
412,Highlands Coffee 323 Do Xuan Hop,"323 Đỗ Xuân Hợp, Phường Phước Long B, Quận 9, TP. Hồ Chí Minh",(028) 7109 2021,7:00 – 23:00 * 7 ngày/ tuần,Wifi Miễn Phí Thanh toán bằng thẻ,https://www.highlandscoffee.com.vn/vnt_upload/dealer/02_2018/thumbs/2000_crop_Highlands-Coffee-anh1.jpg,https://www.highlandscoffee.com.vn/vn/he-thong-cua-hang/412/x.html,Hồ Chí Minh
414,Highlands Coffee 82 Ng Chi Thanh D10,"82 Nguyễn Chí Thanh, Phường 3, Quận 10, Tp. Hồ Chí Minh",(028) 7109 7009,7:00 – 23:00 * 7 ngày/ tuần,Wifi Miễn Phí Thanh toán bằng thẻ,https://www.highlandscoffee.com.vn/vnt_upload/dealer/02_2018/thumbs/2000_crop_Highlands-Coffee-anh1.jpg,https://www.highlandscoffee.com.vn/vn/he-thong-cua-hang/414/x.html,Hồ Chí Minh
415,Highlands Coffee Lanh Binh Thang D11,"281A Lãnh Bình Thăng, Quận 11, Tp. Hồ Chí Minh",028 7102 3323,7:00 – 23:00 * 7 ngày/ tuần,Wifi Miễn Phí Thanh toán bằng thẻ,https://www.highlandscoffee.com.vn/vnt_upload/dealer/02_2018/thumbs/2000_crop_Highlands-Coffee-anh1.jpg,https://www.highlandscoffee.com.vn/vn/he-thong-cua-hang/415/x.html,Hồ Chí Minh
417,Highlands Coffee Sun Village,"31-33 Nguyễn Văn Đậu, Phường 6, Quận Bình Thạnh, Tp. Hồ Chí Minh",(028) 7105 6566,7:00 – 23:00 * 7 ngày/ tuần,Wifi Miễn Phí Thanh toán bằng thẻ,https://www.highlandscoffee.com.vn/vnt_upload/dealer/02_2018/thumbs/2000_crop_Highlands-Coffee-anh1.jpg,https://www.highlandscoffee.com.vn/vn/he-thong-cua-hang/417/x.html,Hồ Chí Minh
418,Highlands Coffee Dai Hoc Hutech,"475A Điện Biên Phủ, Phường 25, Quận Bình Thạnh, Tp. Hồ Chí Minh",(028) 7109 9071,6:30 – 20:00 * 7 ngày/ tuần,Wifi Miễn Phí Thanh toán bằng thẻ,https://www.highlandscoffee.com.vn/vnt_upload/dealer/02_2018/thumbs/2000_crop_Highlands-Coffee-anh1.jpg,https://www.highlandscoffee.com.vn/vn/he-thong-cua-hang/418/x.html,Hồ Chí Minh
419,Highlands Coffee 127C Dinh Tien Hoang,"127C Đinh Tiên Hoàng, Phường 3, Quận Bình Thạnh, Tp. Hồ Chí Minh",(028) 7109 9127,7:00 – 23:00 * 7 ngày/ tuần,Wifi Miễn Phí Thanh toán bằng thẻ,https://www.highlandscoffee.com.vn/vnt_upload/dealer/02_2018/thumbs/2000_crop_Highlands-Coffee-anh1.jpg,https://www.highlandscoffee.com.vn/vn/he-thong-cua-hang/419/x.html,Hồ Chí Minh
416,Highlands Coffee Ly Thuong Kiet D11,"A1 319 Ly Thuong Kiet, phường 15, Quận 11, Tp. Hồ Chí Minh",(028) 7102 0708,7:00 – 23:00 * 7 ngày/ tuần,Wifi Miễn Phí Thanh toán bằng thẻ,https://www.highlandscoffee.com.vn/vnt_upload/dealer/02_2018/thumbs/2000_crop_Highlands-Coffee-anh1.jpg,https://www.highlandscoffee.com.vn/vn/he-thong-cua-hang/416/x.html,Hồ Chí Minh
420,Highlands Coffee 158 Pham Van Chieu,"158 Phạm Văn Chiêu, Phường 9, Quận Gò Vấp, Tp. Hồ Chí Minh",(028) 7102 3321,7:00 – 23:00 * 7 ngày/ tuần,Wifi Miễn Phí Thanh toán bằng thẻ,https://www.highlandscoffee.com.vn/vnt_upload/dealer/02_2018/thumbs/2000_crop_Highlands-Coffee-anh1.jpg,https://www.highlandscoffee.com.vn/vn/he-thong-cua-hang/420/x.html,Hồ Chí Minh
422,Highlands Coffee 26A Hoang Viet HCM,"26A Hoàng Việt, Phường 4, Quận Tân Bình, Tp. Hồ Chí Minh",(028) 7109 8626,7:00 – 23:00 * 7 ngày/ tuần,Wifi Miễn Phí Thanh toán bằng thẻ,https://www.highlandscoffee.com.vn/vnt_upload/dealer/02_2018/thumbs/2000_crop_Highlands-Coffee-anh1.jpg,https://www.highlandscoffee.com.vn/vn/he-thong-cua-hang/422/x.html,Hồ Chí Minh
423,Highlands Coffee 173 Dang Van Bi,"173 Đặng Văn Bi, Phương Trường Thọ, Quận Thủ Đức, Tp. Hồ Chí Minh",(028) 7109 7171,7:00 – 23:00 * 7 ngày/ tuần,Wifi Miễn Phí Thanh toán bằng thẻ,https://www.highlandscoffee.com.vn/vnt_upload/dealer/02_2018/thumbs/2000_crop_Highlands-Coffee-anh1.jpg,https://www.highlandscoffee.com.vn/vn/he-thong-cua-hang/423/x.html,Hồ Chí Minh
421,Highlands Coffee Ly Thuong Kiet HM,"27/5A Lý Thường Kiệt, Thị Trấn Hóc Môn, Huyện Hóc Môn, Tp. Hồ Chí Minh",(028) 7102 3322,7:00 – 23:00 * 7 ngày/ tuần,Wifi Miễn Phí Thanh toán bằng thẻ,https://www.highlandscoffee.com.vn/vnt_upload/dealer/02_2018/thumbs/2000_crop_Highlands-Coffee-anh1.jpg,https://www.highlandscoffee.com.vn/vn/he-thong-cua-hang/421/x.html,Hồ Chí Minh
424,Highlands Coffee 45 QL62 Tan An,"45 Quốc Lộ 62, Phường 2, Tp. Tân An, Long An",0272 730 2021,7:00 – 23:00 * 7 ngày/ tuần,Wifi Miễn Phí Thanh toán bằng thẻ,https://www.highlandscoffee.com.vn/vnt_upload/dealer/02_2018/thumbs/2000_crop_Highlands-Coffee-anh1.jpg,https://www.highlandscoffee.com.vn/vn/he-thong-cua-hang/424/x.html,Long An
425,Highlands Coffee Star City NT,"74 Trần Phú, Phường Trường Thọ, Tp. Nha Trang, Khánh Hòa",(0258) 352 2885,7:00 – 23:00 * 7 ngày/ tuần,Wifi Miễn Phí Thanh toán bằng thẻ,https://www.highlandscoffee.com.vn/vnt_upload/dealer/02_2018/thumbs/2000_crop_Highlands-Coffee-anh1.jpg,https://www.highlandscoffee.com.vn/vn/he-thong-cua-hang/425/x.html,Khánh Hòa
426,Highlands Coffee Florida Hotel NT,"66 Quang Trung, Phường Vạn Thắng, Tp. Nha Trang, Khánh Hòa",(0258) 390 0389,7:00 – 23:00 * 7 ngày/ tuần,Wifi Miễn Phí Thanh toán bằng thẻ,https://www.highlandscoffee.com.vn/vnt_upload/dealer/02_2018/thumbs/2000_crop_Highlands-Coffee-anh1.jpg,https://www.highlandscoffee.com.vn/vn/he-thong-cua-hang/426/x.html,Khánh Hòa
427,Highlands Coffee 105 Da Tuong NT,"105 Dã Tượng, Phường Vinh Nguyen, Tp. Nha Trang, Khánh Hòa",(0258) 730 9091,7:00 – 23:00 * 7 ngày/ tuần,Wifi Miễn Phí Thanh toán bằng thẻ,https://www.highlandscoffee.com.vn/vnt_upload/dealer/02_2018/thumbs/2000_crop_Highlands-Coffee-anh1.jpg,https://www.highlandscoffee.com.vn/vn/he-thong-cua-hang/427/x.html,Khánh Hòa
428,Highlands Coffee 108 Le Hong Phong NT,"108 Lê Hồng Phong, Phường Phước Hải, Tp. Nha Trang, Khánh Hòa",(0258) 730 0020,7:00 – 23:00 * 7 ngày/ tuần,Wifi Miễn Phí Thanh toán bằng thẻ,https://www.highlandscoffee.com.vn/vnt_upload/dealer/02_2018/thumbs/2000_crop_Highlands-Coffee-anh1.jpg,https://www.highlandscoffee.com.vn/vn/he-thong-cua-hang/428/x.html,Khánh Hòa
429,Highlands Coffee 112 Hai Thang Tu NT,"112 Hai Tháng Tư, Phường Vĩnh Phước, Tp. Nha Trang, Khánh Hòa",(0258) 730 3141,7:00 – 23:00 * 7 ngày/ tuần,Wifi Miễn Phí Thanh toán bằng thẻ,https://www.highlandscoffee.com.vn/vnt_upload/dealer/02_2018/thumbs/2000_crop_Highlands-Coffee-anh1.jpg,https://www.highlandscoffee.com.vn/vn/he-thong-cua-hang/429/x.html,Khánh Hòa
430,Highlands Coffee Vinh Diem Trung NT,"Lô 95, A1 Vĩnh Điềm Trung, Phường Vĩnh Phước, Tp. Nha Trang, Khánh Hòa",(0258) 730 2324,7:00 – 23:00 * 7 ngày/ tuần,Wifi Miễn Phí Thanh toán bằng thẻ,https://www.highlandscoffee.com.vn/vnt_upload/dealer/02_2018/thumbs/2000_crop_Highlands-Coffee-anh1.jpg,https://www.highlandscoffee.com.vn/vn/he-thong-cua-hang/430/x.html,Khánh Hòa
431,Highlands Coffee 153 Tran Hung Dao PT,"153 Trần Hưng Đạo, P. Phú Thủy, Tp. Phan Thiết, Tỉnh Bình Thuận",0252 730 2021,7:00 – 23:00 * 7 ngày/ tuần,Wifi Miễn Phí Thanh toán bằng thẻ,https://www.highlandscoffee.com.vn/vnt_upload/dealer/02_2018/thumbs/2000_crop_Highlands-Coffee-anh1.jpg,https://www.highlandscoffee.com.vn/vn/he-thong-cua-hang/431/x.html,Bình Thuận
432,Highlands Coffee 10A Hung Vuong PQ,"10A Hùng Vương, Thị Trấn Dương Đông, Phú Quốc, Kiên Giang",(029) 7399 9189,7:00 – 23:00 * 7 ngày/ tuần,Wifi Miễn Phí Thanh toán bằng thẻ,https://www.highlandscoffee.com.vn/vnt_upload/dealer/02_2018/thumbs/2000_crop_Highlands-Coffee-anh1.jpg,https://www.highlandscoffee.com.vn/vn/he-thong-cua-hang/432/x.html,Kiên Giang
433,Highlands Coffee VINWONDERS PHU QUOC,"Khu vui chơi giải trí VinWonders, Xã Gành Dầu, Huyện Phú Quốc, Tỉnh Kiên Giang",(029) 7730 2021,9:00 – 21:00 * 7 ngày/ tuần,Wifi Miễn Phí Thanh toán bằng thẻ,https://www.highlandscoffee.com.vn/vnt_upload/dealer/02_2018/thumbs/2000_crop_Highlands-Coffee-anh1.jpg,https://www.highlandscoffee.com.vn/vn/he-thong-cua-hang/433/x.html,Kiên Giang
434,Highlands Coffee Hung Vuong Viet Tri,"1606A Hùng Vương; Gia Cẩm, Việt Trì, Phú Thọ",(0210) 7308886,7:00 – 23:00 * 7 ngày/ tuần,Wifi Miễn Phí Thanh toán bằng thẻ,https://www.highlandscoffee.com.vn/vnt_upload/dealer/02_2018/thumbs/2000_crop_Highlands-Coffee-anh1.jpg,https://www.highlandscoffee.com.vn/vn/he-thong-cua-hang/434/x.html,Phú Thọ
435,Highlands Coffee Coopmart Tam Ky,"07 Phan Châu trinh, Phường Phước Hòa, Tam Kỳ, Quảng Nam",(0235) 730 2021,7:00 – 23:00 * 7 ngày/ tuần,Wifi Miễn Phí Thanh toán bằng thẻ,https://www.highlandscoffee.com.vn/vnt_upload/dealer/02_2018/thumbs/2000_crop_Highlands-Coffee-anh1.jpg,https://www.highlandscoffee.com.vn/vn/he-thong-cua-hang/435/x.html,Quảng Nam
436,Highlands Coffee Coopmart Vinh Long,"26, đường 3/2, Phường 1, Vĩnh Long",0270 7303 031,7:00 – 22:00 * 7 ngày/ tuần,Wifi Miễn Phí Thanh toán bằng thẻ,https://www.highlandscoffee.com.vn/vnt_upload/dealer/02_2018/thumbs/2000_crop_Highlands-Coffee-anh1.jpg,https://www.highlandscoffee.com.vn/vn/he-thong-cua-hang/436/x.html,Vĩnh Long
437,Highlands Coffee Tran Phu Vinh Yen,"Đường Trần Phú, Phường Liên Bảo, Tp. Vĩnh Yên, Tỉnh Vĩnh Phúc",(0211) 730 6668,7:00 – 23:00 * 7 ngày/ tuần,Wifi Miễn Phí Thanh toán bằng thẻ,https://www.highlandscoffee.com.vn/vnt_upload/dealer/02_2018/thumbs/2000_crop_Highlands-Coffee-anh1.jpg,https://www.highlandscoffee.com.vn/vn/he-thong-cua-hang/437/x.html,Vĩnh Phúc
438,Highlands Coffee KNG Phu My,"2439 Độc Lập Khu phố, Đường Tôn Thất Tùng, TT. Phú Mỹ, Tân Thành, Bà Rịa - Vũng Tàu",(0254) 367 9968,7:00 – 23:00 * 7 ngày/ tuần,Wifi Miễn Phí Thanh toán bằng thẻ,https://www.highlandscoffee.com.vn/vnt_upload/dealer/02_2018/thumbs/2000_crop_Highlands-Coffee-anh1.jpg,https://www.highlandscoffee.com.vn/vn/he-thong-cua-hang/438/x.html,Bà Rịa - Vũng Tàu
440,Highlands Coffee 377 Tân Kỳ Tân Quý,"377 Tân Kỳ Tân Quý, Phường Tân Quý, Quận Tân Phú, Tp. Hồ Chí Minh",(028) 7108 8377,7:00 – 23:00 * 7 ngày/ tuần,Wifi Miễn Phí Thanh toán bằng thẻ,https://www.highlandscoffee.com.vn/vnt_upload/dealer/02_2018/thumbs/2000_crop_Highlands-Coffee-anh1.jpg,https://www.highlandscoffee.com.vn/vn/he-thong-cua-hang/440/x.html,Hồ Chí Minh
439,Highlands Coffee 150 Ha Long VT,"150 đường Hạ Long, P. 2, Tp. Vũng Tàu, Bà Rịa Vũng Tàu",(0254) 730 2021,7:00 – 23:00 * 7 ngày/ tuần,Wifi Miễn Phí Thanh toán bằng thẻ,https://www.highlandscoffee.com.vn/vnt_upload/dealer/02_2018/thumbs/2000_crop_Highlands-Coffee-anh1.jpg,https://www.highlandscoffee.com.vn/vn/he-thong-cua-hang/439/x.html,Bà Rịa - Vũng Tàu
441,"Highlands Coffee Phú Lợi, Bình Dương","265 Phú Lợi, Phường Phú Lợi, Tp. Thủ Dầu Một, Bình Dương",0274 730 4142,7:00 – 23:00 * 7 ngày/ tuần,Wifi Miễn Phí Thanh toán bằng thẻ,https://www.highlandscoffee.com.vn/vnt_upload/dealer/02_2018/thumbs/2000_crop_Highlands-Coffee-anh1.jpg,https://www.highlandscoffee.com.vn/vn/he-thong-cua-hang/441/x.html,Bình Dương
442,Highlands Coffee 33 LE QUY DON D3,"220 Điện Biên Phủ, P.Võ Thị Sáu, Quận 3, Tp. Hồ Chí Minh",028.7109.6633,7:00 – 23:00 * 7 ngày/ tuần,Wifi Miễn Phí Thanh toán bằng thẻ,https://www.highlandscoffee.com.vn/vnt_upload/dealer/02_2018/thumbs/2000_crop_Highlands-Coffee-anh1.jpg,https://www.highlandscoffee.com.vn/vn/he-thong-cua-hang/442/x.html,Hồ Chí Minh
443,Highlands Coffee 16 Phan Chu Trinh,"16 Phan Chu Trinh, phường Phan Chu Trinh, quận Hoàn Kiếm, Hà Nội",(024) 5678 0023,"T2 đến T6 là 7:00-18:00, T7 là 7:00-12:00",Wifi Miễn Phí Thanh toán bằng thẻ,https://www.highlandscoffee.com.vn/vnt_upload/dealer/02_2018/thumbs/2000_crop_Highlands-Coffee-anh1.jpg,https://www.highlandscoffee.com.vn/vn/he-thong-cua-hang/443/x.html,Hà Nội
444,Highlands Coffee Cung Thiếu Nhi Hải Dương,"Nhà Thiếu Nhi tỉnh Hải Dương, số 2 Hoàng Hoa Thám, phường Nguyễn Trãi, Tp. Hải Dương, tỉnh Hải Dương",(0220) 730 8883,7:00 – 23:00 * 7 ngày/ tuần,Wifi Miễn Phí Thanh toán bằng thẻ,https://www.highlandscoffee.com.vn/vnt_upload/dealer/02_2018/thumbs/2000_crop_Highlands-Coffee-anh1.jpg,https://www.highlandscoffee.com.vn/vn/he-thong-cua-hang/444/x.html,Hải Dương
445,Highlands Coffee Vincom Quảng Ngãi,"26 Lê Thánh Tôn, Nghĩa Chánh Nam, Quảng Ngãi",0255 730 4142,7:00 – 23:00 * 7 ngày/ tuần,Wifi Miễn Phí Thanh toán bằng thẻ,https://www.highlandscoffee.com.vn/vnt_upload/dealer/02_2018/thumbs/2000_crop_Highlands-Coffee-anh1.jpg,https://www.highlandscoffee.com.vn/vn/he-thong-cua-hang/445/x.html,Quảng Ngãi
447,Highlands Coffee 55 Vườn Lài,"55 Vườn Lài, Phường Phú Thọ Hòa, Quận Tân Phú, Tp. Hồ Chí Minh",(028) 7109 7755,7:00 – 23:00 * 7 ngày/ tuần,Wifi Miễn Phí Thanh toán bằng thẻ,https://www.highlandscoffee.com.vn/vnt_upload/dealer/02_2018/thumbs/2000_crop_Highlands-Coffee-anh1.jpg,https://www.highlandscoffee.com.vn/vn/he-thong-cua-hang/447/x.html,Hồ Chí Minh
448,Highlands Coffee 166 Nguyễn Công Trứ,"166 Nguyễn Công Trứ,, Phường Nguyễn Thái Bình, Quận 1, Tp. Hồ Chí Minh",028 7109 1166,7:00 – 18:00 * (Thứ 2 đến Thứ 7) – Chủ Nhật : Đóng Cửa,Wifi Miễn Phí Thanh toán bằng thẻ,https://www.highlandscoffee.com.vn/vnt_upload/dealer/02_2018/thumbs/2000_crop_Highlands-Coffee-anh1.jpg,https://www.highlandscoffee.com.vn/vn/he-thong-cua-hang/448/x.html,Hồ Chí Minh
451,Highlands Coffee Kiosk Green Pearl,"Tầng 1, Green Pearl, 378 Minh Khai, Quận Hoàng Mai, Hà Nội",Không có,7:00 – 18:00 * 7 ngày/ tuần,Wifi Miễn Phí Thanh toán bằng thẻ,https://www.highlandscoffee.com.vn/vnt_upload/dealer/02_2018/thumbs/2000_crop_Highlands-Coffee-anh1.jpg,https://www.highlandscoffee.com.vn/vn/he-thong-cua-hang/451/x.html,Hà Nội
449,Highlands Coffee Viettel Hạ Long,"68 Nguyễn Văn Cừ, Hồng Hải, thành phố Hạ Long, tỉnh Quảng Ninh",(0203) 730 1688,7:00 – 23:00 * 7 ngày/ tuần,Wifi Miễn Phí Thanh toán bằng thẻ,https://www.highlandscoffee.com.vn/vnt_upload/dealer/02_2018/thumbs/2000_crop_Highlands-Coffee-anh1.jpg,https://www.highlandscoffee.com.vn/vn/he-thong-cua-hang/449/x.html,Quảng Ninh
450,Highlands Coffee Hyundai Hillsmall Hà Nội,"Hyundai Hillsmall, 281 Khu Hà Trì, phường Hà Cầu, quận Hà Đông, Hà Nội",(024) 5678 0012,7:00 – 23:00 * 7 ngày/ tuần,Wifi Miễn Phí Thanh toán bằng thẻ,https://www.highlandscoffee.com.vn/vnt_upload/dealer/02_2018/thumbs/2000_crop_Highlands-Coffee-anh1.jpg,https://www.highlandscoffee.com.vn/vn/he-thong-cua-hang/450/x.html,Quảng Trị
452,Highlands Coffee 199 Nam Kỳ Khởi Nghĩa – Vũng Tàu,"199 Nam Kỳ Khởi Nghĩa, Phường 3, Tp. Vũng Tàu, Bà Rịa Vũng Tàu",(0254) 730 2526,7:00 – 23:00 * 7 ngày/ tuần,Wifi Miễn Phí Thanh toán bằng thẻ,https://www.highlandscoffee.com.vn/vnt_upload/dealer/02_2018/thumbs/2000_crop_Highlands-Coffee-anh1.jpg,https://www.highlandscoffee.com.vn/vn/he-thong-cua-hang/452/x.html,Bà Rịa - Vũng Tàu
454,Highlands Coffee 35 Thăng Long – Tân Bình,"35 Thăng Long, Phường 4, Quận Tân Bình, Tp. Hồ Chí Minh",(028) 7100 0035,7:00 – 23:00 * 7 ngày/ tuần,Wifi Miễn Phí Thanh toán bằng thẻ,https://www.highlandscoffee.com.vn/vnt_upload/dealer/02_2018/thumbs/2000_crop_Highlands-Coffee-anh1.jpg,https://www.highlandscoffee.com.vn/vn/he-thong-cua-hang/454/x.html,Hồ Chí Minh
455,Highlands Coffee Bến Xe Miền Tây,"395 Kinh Dương Vương, Phường An Lac, Quận Bình Tân, Tp. Hồ Chí Minh",(028) 7108 8395,7:00 – 23:00 * 7 ngày/ tuần,Wifi Miễn Phí Thanh toán bằng thẻ,https://www.highlandscoffee.com.vn/vnt_upload/dealer/02_2018/thumbs/2000_crop_Highlands-Coffee-anh1.jpg,https://www.highlandscoffee.com.vn/vn/he-thong-cua-hang/455/x.html,Hồ Chí Minh
453,Highlands Coffee 46 Bùi Thị Xuân,"46 - 48 Bùi Thị Xuân, Phường Bến Thành, Tp. Hồ Chí Minh",(028) 7108 0046,7:00 – 23:00 * 7 ngày/ tuần,Wifi Miễn Phí Thanh toán bằng thẻ,https://www.highlandscoffee.com.vn/vnt_upload/dealer/02_2018/thumbs/2000_crop_Highlands-Coffee-anh1.jpg,https://www.highlandscoffee.com.vn/vn/he-thong-cua-hang/453/x.html,Hồ Chí Minh
456,Highlands Coffee 255 Lũy Bán Bích,"255 Lũy Bán Bích, Phường Hiệp Tân, Quận Tân Phú, Tp. Hồ Chí Minh",(028) 7108 8255,7:00 – 23:00 * 7 ngày/ tuần,Wifi Miễn Phí Thanh toán bằng thẻ,https://www.highlandscoffee.com.vn/vnt_upload/dealer/02_2018/thumbs/2000_crop_Highlands-Coffee-anh1.jpg,https://www.highlandscoffee.com.vn/vn/he-thong-cua-hang/456/x.html,Hồ Chí Minh
458,Highlands Coffee Vincom Chí Linh,"Vincom Chí Linh, Km4 khu dân cư Nguyễn Trãi 1 , phường Sao Đỏ, Thành Phố Chí Linh, tỉnh Hải Dương",(022) 0730 8882,7:00 – 22:00 * 7 ngày/ tuần,Wifi Miễn Phí Thanh toán bằng thẻ,https://www.highlandscoffee.com.vn/vnt_upload/dealer/02_2018/thumbs/2000_crop_Highlands-Coffee-anh1.jpg,https://www.highlandscoffee.com.vn/vn/he-thong-cua-hang/458/x.html,Hải Dương
457,Highlands Coffee 33 Lê Văn Khương D12,"33 Lê Văn Khương, Phường Tân Thới Hiệp, Quận 12, Tp. Hồ Chí Minh",(028) 7102 0033,7:00 – 23:00 * 7 ngày/ tuần,Wifi Miễn Phí Thanh toán bằng thẻ,https://www.highlandscoffee.com.vn/vnt_upload/dealer/02_2018/thumbs/2000_crop_Highlands-Coffee-anh1.jpg,https://www.highlandscoffee.com.vn/vn/he-thong-cua-hang/457/x.html,Hồ Chí Minh
459,Highlands Coffee - Mê Linh Plaza,"Tầng 1, Mê Linh Plaza, Cao tốc Thăng Long – Nội Bài, km8 Võ Văn Kiệt, Thị Trấn Quang Minh, Huyện Mê Linh, Thành Phố Hà Nội, Việt Nam",02456780031,7:00 – 22:30 * 7 ngày/ tuần,Wifi Miễn Phí Thanh toán bằng thẻ,https://www.highlandscoffee.com.vn/vnt_upload/dealer/02_2018/thumbs/2000_crop_Highlands-Coffee-anh1.jpg,https://www.highlandscoffee.com.vn/vn/he-thong-cua-hang/459/x.html,Hà Nội
460,Highlands Coffee Sora II – Bình Dương,"Block 5, tầng trệt, Tòa nhà Sora Gardens II, Lô C17, Đại lộ Hùng Vương, phường Hòa Phú, Thành phố Thủ Dầu Một, tỉnh Bình Dương, Việt Nam",(0274) 730 2426,7:00 – 23:00 * 7 ngày/ tuần,Wifi Miễn Phí Thanh toán bằng thẻ,https://www.highlandscoffee.com.vn/vnt_upload/dealer/02_2018/thumbs/2000_crop_Highlands-Coffee-anh1.jpg,https://www.highlandscoffee.com.vn/vn/he-thong-cua-hang/460/x.html,Bình Dương
462,Highlands Coffee Monbay Hạ Long,"A14-16,Khu đô thị mới phía đông Hòn Cặp Bè, phường Hồng Hài, TP Hạ Long, tỉnh Quảng Ninh",(0203)7301988,7:00 – 23:00 * 7 ngày/ tuần,Wifi Miễn Phí Thanh toán bằng thẻ,https://www.highlandscoffee.com.vn/vnt_upload/dealer/02_2018/thumbs/2000_crop_Highlands-Coffee-anh1.jpg,https://www.highlandscoffee.com.vn/vn/he-thong-cua-hang/462/x.html,Quảng Ninh
461,Highlands Coffee - Nguyễn Bỉnh Khiêm,"29/1 Nguyễn Bỉnh Khiêm, Phường Đa Kao, Quận 1, Tp.HCM, Việt Nam",(028) 7108 8291,7:00 – 23:00 * 7 ngày/ tuần,Wifi Miễn Phí Thanh toán bằng thẻ,https://www.highlandscoffee.com.vn/vnt_upload/dealer/02_2018/thumbs/2000_crop_Highlands-Coffee-anh1.jpg,https://www.highlandscoffee.com.vn/vn/he-thong-cua-hang/461/x.html,Hồ Chí Minh
463,Highlands Coffee GO&#33; Mall – Thành Phố Bà Rịa,"2A Nguyễn Đình Chiểu, Phường Phước Hiệp, Thành Phố Bà Rịa, Tỉnh Bà Rịa-Vũng Tàu",(0254) 730 2324,7:00 – 22:00 * 7 ngày/ tuần,Wifi Miễn Phí Thanh toán bằng thẻ,https://www.highlandscoffee.com.vn/vnt_upload/dealer/02_2018/thumbs/2000_crop_Highlands-Coffee-anh1.jpg,https://www.highlandscoffee.com.vn/vn/he-thong-cua-hang/463/x.html,Bà Rịa - Vũng Tàu
464,Highlands Coffee – GO Mall Huế,"174 Bà Triệu, Phường Phú Nhuận, thành phố Huế",(0234) 7302426,8:00 – 22:00 * 7 ngày/ tuần,Wifi Miễn Phí Thanh toán bằng thẻ,https://www.highlandscoffee.com.vn/vnt_upload/dealer/02_2018/thumbs/2000_crop_Highlands-Coffee-anh1.jpg,https://www.highlandscoffee.com.vn/vn/he-thong-cua-hang/464/x.html,Hồ Chí Minh
465,Highlands Coffee – 29 Nguyễn Tri Phương - Quảng Trị,"29 Nguyen Tri Phuong, Dong Ha, Quang Tri",(0233) 730 2021,7:00 – 23:00 * 7 ngày/ tuần,Wifi Miễn Phí Thanh toán bằng thẻ,https://www.highlandscoffee.com.vn/vnt_upload/dealer/02_2018/thumbs/2000_crop_Highlands-Coffee-anh1.jpg,https://www.highlandscoffee.com.vn/vn/he-thong-cua-hang/465/x.html,Quảng Trị
466,Highlands Coffee 236 Tô Ngọc Vân,"236 Tô Ngọc Vân, Phường Linh Đông, Quận Thủ Đức, Tp. Hồ Chí Minh",(028) 7108 8236,7:00 – 23:00 * 7 ngày/ tuần,Wifi Miễn Phí Thanh toán bằng thẻ,https://www.highlandscoffee.com.vn/vnt_upload/dealer/02_2018/thumbs/2000_crop_Highlands-Coffee-anh1.jpg,https://www.highlandscoffee.com.vn/vn/he-thong-cua-hang/466/x.html,Hồ Chí Minh
468,Highlands Coffee Lê Trọng Tấn,"49-57 Lê Trọng Tấn, phường Sơn Kỳ, quận Tân Phú, Tp.HCM, Việt Nam",(028) 7105 4949,7:00 – 23:00 * 7 ngày/ tuần,Wifi Miễn Phí Thanh toán bằng thẻ,https://www.highlandscoffee.com.vn/vnt_upload/dealer/02_2018/thumbs/2000_crop_Highlands-Coffee-anh1.jpg,https://www.highlandscoffee.com.vn/vn/he-thong-cua-hang/468/x.html,Hồ Chí Minh
467,Highlands Coffee Trần Quốc Toản BH,"12B – 14A1 Trần Quốc Toản, Phường An Bình, Tp. Biên Hòa, Tỉnh Đồng Nai",(0251) 730 2426,7:00 – 23:00 * 7 ngày/ tuần,Wifi Miễn Phí Thanh toán bằng thẻ,https://www.highlandscoffee.com.vn/vnt_upload/dealer/02_2018/thumbs/2000_crop_Highlands-Coffee-anh1.jpg,https://www.highlandscoffee.com.vn/vn/he-thong-cua-hang/467/x.html,Đồng Nai
469,Highlands Coffee Eco Lake View,"32 Đại Từ, Phường Đại Kim, Quận Hoàng Mai, Hà Nội",(024) 5678 0059,7:00 – 23:00 * 7 ngày/ tuần,Wifi Miễn Phí Thanh toán bằng thẻ,https://www.highlandscoffee.com.vn/vnt_upload/dealer/02_2018/thumbs/2000_crop_Highlands-Coffee-anh1.jpg,https://www.highlandscoffee.com.vn/vn/he-thong-cua-hang/469/x.html,Hà Nội
470,Highlands Coffee Vincom Rạch Giá,"L1-07-07A Phường Vĩnh Bảo, Tp. Rạch Giá, Tỉnh Kiên Giang",(0297) 730 2426,7:00 – 22:00 * 7 ngày/ tuần,Wifi Miễn Phí Thanh toán bằng thẻ,https://www.highlandscoffee.com.vn/vnt_upload/dealer/02_2018/thumbs/2000_crop_Highlands-Coffee-anh1.jpg,https://www.highlandscoffee.com.vn/vn/he-thong-cua-hang/470/x.html,Kiên Giang
472,Highlands Coffee Nguyễn Thái Sơn,"262 Nguyễn Thái Sơn, Phường 4, Quận Gò Vấp, Tp. Hồ Chí Minh",(028) 7109 6449,7:00 – 23:00 * 7 ngày/ tuần,Wifi Miễn Phí Thanh toán bằng thẻ,https://www.highlandscoffee.com.vn/vnt_upload/dealer/02_2018/thumbs/2000_crop_Highlands-Coffee-anh1.jpg,https://www.highlandscoffee.com.vn/vn/he-thong-cua-hang/472/x.html,Hồ Chí Minh
471,Highlands Coffee Vincom Sóc Trăng,"22 Trần Hưng Đạo, Quận 2, Tp. Sóc Trăng, tỉnh Sóc Trăng",(0299) 730 2426,7:00 – 22:00 * 7 ngày/ tuần,Wifi Miễn Phí Thanh toán bằng thẻ,https://www.highlandscoffee.com.vn/vnt_upload/dealer/02_2018/thumbs/2000_crop_Highlands-Coffee-anh1.jpg,https://www.highlandscoffee.com.vn/vn/he-thong-cua-hang/471/x.html,Sóc Trăng
473,Highlands Coffee 891 Kha Vạn Cân,"891 Kha Vạn Cân, Phường Linh Tây, Tp. Thủ Đức",(028) 7109 2449,7:00 – 23:00 * 7 ngày/ tuần,Wifi Miễn Phí Thanh toán bằng thẻ,https://www.highlandscoffee.com.vn/vnt_upload/dealer/02_2018/thumbs/2000_crop_Highlands-Coffee-anh1.jpg,https://www.highlandscoffee.com.vn/vn/he-thong-cua-hang/473/x.html,Hồ Chí Minh
475,Highlands Coffee Go Mall Thái Bình,"Go&#33; Mall Thái Bình, Trần Thái Tông, Phường Phú Khánh, Thành Phố Thái Bình, Thái Bình",(0227) 7308 880,7:00 – 23:00 * 7 ngày/ tuần,Wifi Miễn Phí Thanh toán bằng thẻ,https://www.highlandscoffee.com.vn/vnt_upload/dealer/02_2018/thumbs/2000_crop_Highlands-Coffee-anh1.jpg,https://www.highlandscoffee.com.vn/vn/he-thong-cua-hang/475/x.html,Thái Bình
474,Highlands Coffee Phạm Văn Nghị,"R1-25 Phạm Văn Nghị, phường Tân Phong, Quận 7, Tp.HCM, Việt Nam",(028) 7109 5449,7:00 – 22:00 * 7 ngày/ tuần,Wifi Miễn Phí Thanh toán bằng thẻ,https://www.highlandscoffee.com.vn/vnt_upload/dealer/02_2018/thumbs/2000_crop_Highlands-Coffee-anh1.jpg,https://www.highlandscoffee.com.vn/vn/he-thong-cua-hang/474/x.html,Hồ Chí Minh
476,Highlands Coffee 386 Trần Phú Từ Sơn BN,"386 Trần Phú, Phường Đông Ngàn, Thị Xã Từ Sơn, Bắc Ninh",(0222) 730 0010,7:00 – 23:00 * 7 ngày/ tuần,Wifi Miễn Phí Thanh toán bằng thẻ,https://www.highlandscoffee.com.vn/vnt_upload/dealer/02_2018/thumbs/2000_crop_Highlands-Coffee-anh1.jpg,https://www.highlandscoffee.com.vn/vn/he-thong-cua-hang/476/x.html,Bắc Ninh
477,Highlands Coffee Phú Lộc Plaza Lạng Sơn,"Phú Lộc Plaza, Phùng Chí Kiên, Phường Hoàng Văn Thụ, Thành phố Lạng Sơn, Lạng Sơn",(020) 5730  0010,7:00 – 23:00 * 7 ngày/ tuần,Wifi Miễn Phí Thanh toán bằng thẻ,https://www.highlandscoffee.com.vn/vnt_upload/dealer/02_2018/thumbs/2000_crop_Highlands-Coffee-anh1.jpg,https://www.highlandscoffee.com.vn/vn/he-thong-cua-hang/477/x.html,Lạng Sơn
478,Highlands Coffee 125 Trần Thành Ngọ HP,"125 Trần Thành Ngọ, Phường Trần Thành Ngọ, Quận Kiến An, Hải Phòng",(022) 5730 9990,7:00 – 23:00 * 7 ngày/ tuần,Wifi Miễn Phí Thanh toán bằng thẻ,https://www.highlandscoffee.com.vn/vnt_upload/dealer/02_2018/thumbs/2000_crop_Highlands-Coffee-anh1.jpg,https://www.highlandscoffee.com.vn/vn/he-thong-cua-hang/478/x.html,Hải Phòng
479,Highlands Coffee D&#39;Eldorado Tây Hồ,"659A Lạc Long Quân, Phường Xuân La, Quận Tây Hồ, Hà Nội",(024) 5678 0040,7:00 – 23:00 * 7 ngày/ tuần,Wifi Miễn Phí Thanh toán bằng thẻ,https://www.highlandscoffee.com.vn/vnt_upload/dealer/02_2018/thumbs/2000_crop_Highlands-Coffee-anh1.jpg,https://www.highlandscoffee.com.vn/vn/he-thong-cua-hang/479/x.html,Hà Nội
480,Highlands Coffee Ecohome 3,"Chung cư Eco Home 3, Đường Tân Xuân, Phường Đông Ngạc, Quận Bắc Từ Liêm, Hà Nội",(024) 56780030,7:00 – 23:00 * 7 ngày/ tuần,Wifi Miễn Phí Thanh toán bằng thẻ,https://www.highlandscoffee.com.vn/vnt_upload/dealer/02_2018/thumbs/2000_crop_Highlands-Coffee-anh1.jpg,https://www.highlandscoffee.com.vn/vn/he-thong-cua-hang/480/x.html,Hà Nội
481,Highlands Coffee Hoàng Thành Villas Hà Đông,"BT01-8, Khu Đô Thị Mỗ Lao, Phường Mỗ Lao, Quận Hà Đông, Hà Nội",(024) 56780061,7:00 – 23:00 * 7 ngày/ tuần,Wifi Miễn Phí Thanh toán bằng thẻ,https://www.highlandscoffee.com.vn/vnt_upload/dealer/02_2018/thumbs/2000_crop_Highlands-Coffee-anh1.jpg,https://www.highlandscoffee.com.vn/vn/he-thong-cua-hang/481/x.html,Quảng Trị
482,Highlands Coffee Vincom Vị Thanh,"Số 1 Ba Tháng 2, Phường 5, Thành phố Vị Thanh, Tỉnh Hậu Giang",0293 730 2426,7:00 – 22:00 * 7 ngày/ tuần,Wifi Miễn Phí Thanh toán bằng thẻ,https://www.highlandscoffee.com.vn/vnt_upload/dealer/02_2018/thumbs/2000_crop_Highlands-Coffee-anh1.jpg,https://www.highlandscoffee.com.vn/vn/he-thong-cua-hang/482/x.html,Hậu Giang
483,Highlands Coffee Vincom Trà Vinh,"24 Nguyễn Thị Minh Khai, Phường 2, Thành phố Trà Vinh, Tỉnh Trà Vinh",0294 730 2426,7:00 – 22:00 * 7 ngày/ tuần,Wifi Miễn Phí Thanh toán bằng thẻ,https://www.highlandscoffee.com.vn/vnt_upload/dealer/02_2018/thumbs/2000_crop_Highlands-Coffee-anh1.jpg,https://www.highlandscoffee.com.vn/vn/he-thong-cua-hang/483/x.html,Trà Vinh
484,Highlands Coffee Go Mall Đà Lạt,"Lâm Viên Square, Trần Quốc Toản, Phường 1, Thành phố Đà Lạt, Tỉnh Lâm Đồng",(0263) 730 2426,7:00 – 22:00 * 7 ngày/ tuần,Wifi Miễn Phí Thanh toán bằng thẻ,https://www.highlandscoffee.com.vn/vnt_upload/dealer/02_2018/thumbs/2000_crop_Highlands-Coffee-anh1.jpg,https://www.highlandscoffee.com.vn/vn/he-thong-cua-hang/484/x.html,Lâm Đồng
485,Highlands Coffee 288 Thống Nhất,"288 Thống Nhất, Phường 16, Quận Gò Vấp, Thành phố Hồ Chí Minh",(028) 7109 3449,7:00 – 23:00 * 7 ngày/ tuần,Wifi Miễn Phí Thanh toán bằng thẻ,https://www.highlandscoffee.com.vn/vnt_upload/dealer/02_2018/thumbs/2000_crop_Highlands-Coffee-anh1.jpg,https://www.highlandscoffee.com.vn/vn/he-thong-cua-hang/485/x.html,Hồ Chí Minh
486,Highlands Coffee Vũng Tàu Center,"93 Lê Lợi, Phường 4, Thành phố Vũng Tàu, Tỉnh Bà Rịa-Vũng Tàu",(0254) 730 2426,7:00 – 23:00 * 7 ngày/ tuần,Wifi Miễn Phí Thanh toán bằng thẻ,https://www.highlandscoffee.com.vn/vnt_upload/dealer/02_2018/thumbs/2000_crop_Highlands-Coffee-anh1.jpg,https://www.highlandscoffee.com.vn/vn/he-thong-cua-hang/486/x.html,Bà Rịa - Vũng Tàu
487,Highlands Coffee Sarica Sala,"Sarica Sala, số 06 đường số 09, Phường An Lợi Đông, Quận 2, Thành Phố Hồ Chí Minh",(028) 7108 8106,7:00 – 23:00 * 7 ngày/ tuần,Wifi Miễn Phí Thanh toán bằng thẻ,https://www.highlandscoffee.com.vn/vnt_upload/dealer/02_2018/thumbs/2000_crop_Highlands-Coffee-anh1.jpg,https://www.highlandscoffee.com.vn/vn/he-thong-cua-hang/487/x.html,Hồ Chí Minh
488,Highlands Coffee 206 Cao Lỗ,"206-208 Cao Lỗ, Phường 4, Quận 8, Tp.HCM, Việt Nam",(028) 7108 8208,7:00 – 23:00 * 7 ngày/ tuần,Wifi Miễn Phí Thanh toán bằng thẻ,https://www.highlandscoffee.com.vn/vnt_upload/dealer/02_2018/thumbs/2000_crop_Highlands-Coffee-anh1.jpg,https://www.highlandscoffee.com.vn/vn/he-thong-cua-hang/488/x.html,Hồ Chí Minh
489,Highlands Coffee 517 Trần Hưng Đạo,"517 Trần Hưng Đạo, Phường An Hải Trung, Quận Sơn Trà, Thành phố Đà Nẵng",(0236) 7109 517,7:00 – 23:00 * 7 ngày/ tuần,Wifi Miễn Phí Thanh toán bằng thẻ,https://www.highlandscoffee.com.vn/vnt_upload/dealer/02_2018/thumbs/2000_crop_Highlands-Coffee-anh1.jpg,https://www.highlandscoffee.com.vn/vn/he-thong-cua-hang/489/x.html,Đà Nẵng
490,Highlands Coffee 1B Phổ Quang,"1B Phổ Quang, phường 2, Quận Tân Bình, Thành phố Hồ Chí Minh",028 7109 1166,7:00 – 23:00 * 7 ngày/ tuần,Wifi Miễn Phí Thanh toán bằng thẻ,https://www.highlandscoffee.com.vn/vnt_upload/dealer/02_2018/thumbs/2000_crop_Highlands-Coffee-anh1.jpg,https://www.highlandscoffee.com.vn/vn/he-thong-cua-hang/490/x.html,Hồ Chí Minh
491,Highlands Coffee 230 Nguyễn Duy Trinh,"230 Nguyễn Duy Trinh, Phường Bình Trưng Tây, Quận 2, Thành phố Thủ Đức",(028) 7108 0230,7:00 – 23:00 * 7 ngày/ tuần,Wifi Miễn Phí Thanh toán bằng thẻ,https://www.highlandscoffee.com.vn/vnt_upload/dealer/02_2018/thumbs/2000_crop_Highlands-Coffee-anh1.jpg,https://www.highlandscoffee.com.vn/vn/he-thong-cua-hang/491/x.html,Hồ Chí Minh
492,Highlands Coffee 71 Lý Tự Trọng,"71 Lý Tự Trọng, Phường Bến Thành, Quận 1, Thành phố Hồ Chí Minh",(028) 7108 0071,7:00 – 23:00 * 7 ngày/ tuần,Wifi Miễn Phí Thanh toán bằng thẻ,https://www.highlandscoffee.com.vn/vnt_upload/dealer/02_2018/thumbs/2000_crop_Highlands-Coffee-anh1.jpg,https://www.highlandscoffee.com.vn/vn/he-thong-cua-hang/492/x.html,Hồ Chí Minh
493,Highlands Coffee S2.03 VH Ocean Park,"SH20+21.S203 – Vinhomes Ocean Park, Đa Tốn, Huyện Gia Lam, Hà Nội",(024) 5678 0071,7:00 – 23:00 * 7 ngày/ tuần,Wifi Miễn Phí Thanh toán bằng thẻ,https://www.highlandscoffee.com.vn/vnt_upload/dealer/02_2018/thumbs/2000_crop_Highlands-Coffee-anh1.jpg,https://www.highlandscoffee.com.vn/vn/he-thong-cua-hang/493/x.html,Hà Nội
495,Highalnds Coffee Sun Grand City Lương Yên,"Số 3 Lương Yên, Phường Bạch Đằng, Quận Hai Bà Trưng, Hà Nội",(024) 5678 0058,7:00 – 23:00 * 7 ngày/ tuần,Wifi Miễn Phí Thanh toán bằng thẻ,https://www.highlandscoffee.com.vn/vnt_upload/dealer/02_2018/thumbs/2000_crop_Highlands-Coffee-anh1.jpg,https://www.highlandscoffee.com.vn/vn/he-thong-cua-hang/495/x.html,Hà Nội
496,Highlands Coffee 194 Nguyễn Tất Thành,"194-196 Nguyễn Tất Thành, Phường 13, Quận 4, Thành phố Hồ Chí Minh",(028) 7108 8196,7:00 – 23:00 * 7 ngày/ tuần,Wifi Miễn Phí Thanh toán bằng thẻ,https://www.highlandscoffee.com.vn/vnt_upload/dealer/02_2018/thumbs/2000_crop_Highlands-Coffee-anh1.jpg,https://www.highlandscoffee.com.vn/vn/he-thong-cua-hang/496/x.html,Hồ Chí Minh
498,Highlands Coffee Go&#33; Mall Bắc Giang,"Xã Tân Tiến, Thành Phố Bắc Giang, Tỉnh Bắc Giang",(0204) 730 1988,7:00 – 23:00 * 7 ngày/ tuần,Wifi Miễn Phí Thanh toán bằng thẻ,https://www.highlandscoffee.com.vn/vnt_upload/dealer/02_2018/thumbs/2000_crop_Highlands-Coffee-anh1.jpg,https://www.highlandscoffee.com.vn/vn/he-thong-cua-hang/498/x.html,Bắc Giang
497,Highlands Coffee Golden Park BN,"Khu Golden Park, xã Phương Liễu, huyện Quế Võ, tỉnh Bắc Ninh",(0222) 730 1288,7:00 – 23:00 * 7 ngày/ tuần,Wifi Miễn Phí Thanh toán bằng thẻ,https://www.highlandscoffee.com.vn/vnt_upload/dealer/02_2018/thumbs/2000_crop_Highlands-Coffee-anh1.jpg,https://www.highlandscoffee.com.vn/vn/he-thong-cua-hang/497/x.html,Bắc Ninh
499,Highlands Coffee Vin Smart City HN,"Vincom Smart City, Đại lộ Thăng Long, Tây Mỗ, quận Nam Từ Liêm, Hà Nội",(0245) 678 0057,7:00 – 23:00 * 7 ngày/ tuần,Wifi Miễn Phí Thanh toán bằng thẻ,https://www.highlandscoffee.com.vn/vnt_upload/dealer/02_2018/thumbs/2000_crop_Highlands-Coffee-anh1.jpg,https://www.highlandscoffee.com.vn/vn/he-thong-cua-hang/499/x.html,Hà Nội
500,Highlands Coffee A1 Nguyễn Cơ Thạch HN,"A1 Nguyễn Cơ Thạch, Mỹ Đình 1, phường Cầu Diễn, quận Nam Từ Liêm, Hà Nội",(024) 5678 0060,7:00 – 23:00 * 7 ngày/ tuần,Wifi Miễn Phí Thanh toán bằng thẻ,https://www.highlandscoffee.com.vn/vnt_upload/dealer/02_2018/thumbs/2000_crop_Highlands-Coffee-anh1.jpg,https://www.highlandscoffee.com.vn/vn/he-thong-cua-hang/500/x.html,Hà Nội
494,Highlands Coffee Essensia An Khánh,"Tòa Essensia, Khu đô thị Splendora, Km10+600 Thăng Long, An Khánh, Huyện Hoài Đức, Hà Nội",(024) 5678 0070,7:00 – 23:00 * 7 ngày/ tuần,Wifi Miễn Phí Thanh toán bằng thẻ,https://www.highlandscoffee.com.vn/vnt_upload/dealer/02_2018/thumbs/2000_crop_Highlands-Coffee-anh1.jpg,https://www.highlandscoffee.com.vn/vn/he-thong-cua-hang/494/x.html,Long An
501,Highlands Coffee Vincom Thái Nguyên,"286 Lương Ngọc Quyến, Hoàng Văn Thụ, Thái Nguyên",(0208) 730 3588,7:00 – 23:00 * 7 ngày/ tuần,Wifi Miễn Phí Thanh toán bằng thẻ,https://www.highlandscoffee.com.vn/vnt_upload/dealer/02_2018/thumbs/2000_crop_Highlands-Coffee-anh1.jpg,https://www.highlandscoffee.com.vn/vn/he-thong-cua-hang/501/x.html,Thái Nguyên
502,Highlands Coffee Vincom Hoà Bình,"332 Cù Chính Lan, Thành phố Hòa Bình, Hòa Bình",(0218) 730 1688,7:00 – 22:00 * 7 ngày/ tuần,Wifi Miễn Phí Thanh toán bằng thẻ,https://www.highlandscoffee.com.vn/vnt_upload/dealer/02_2018/thumbs/2000_crop_Highlands-Coffee-anh1.jpg,https://www.highlandscoffee.com.vn/vn/he-thong-cua-hang/502/x.html,Hòa Bình
504,Highlands Coffee Vincom Bạc Liêu,"49 Trần Huỳnh, Phường 7, Thành phố Bạc Liêu, Tỉnh Bạc Liêu",(0291) 730 2426,8:00 – 22:00 * 7 ngày/ tuần,Wifi Miễn Phí Thanh toán bằng thẻ,https://www.highlandscoffee.com.vn/vnt_upload/dealer/02_2018/thumbs/2000_crop_Highlands-Coffee-anh1.jpg,https://www.highlandscoffee.com.vn/vn/he-thong-cua-hang/504/x.html,Bạc Liêu
503,Highlands Coffee AB Tower HCM,"76A Lê Lai, Phường Bến Thành, Quận 1, Hồ Chí Minh, Thành phố Hồ Chí Minh",(028) 7108 0076,7:00 – 22:00 * 7 ngày/ tuần,Wifi Miễn Phí Thanh toán bằng thẻ,https://www.highlandscoffee.com.vn/vnt_upload/dealer/02_2018/thumbs/2000_crop_Highlands-Coffee-anh1.jpg,https://www.highlandscoffee.com.vn/vn/he-thong-cua-hang/503/x.html,Hồ Chí Minh
505,Highlands Coffee Vincom Cao Lãnh,"05 30 tháng 4, Phường 1, Thành phố Cao Lãnh, Tỉnh Đồng Tháp",(0277) 730 2426,8:00 – 22:00 * 7 ngày/ tuần,Wifi Miễn Phí Thanh toán bằng thẻ,https://www.highlandscoffee.com.vn/vnt_upload/dealer/02_2018/thumbs/2000_crop_Highlands-Coffee-anh1.jpg,https://www.highlandscoffee.com.vn/vn/he-thong-cua-hang/505/x.html,Đồng Tháp
506,Highlands Coffee Kiosk Sân Bay Phù Cát,"Phường Cát Tân, Quận Phù Cát, Tỉnh Bình Định",(0256) 730 2224,7:00 – 23:00 * 7 ngày/ tuần,Wifi Miễn Phí Thanh toán bằng thẻ,https://www.highlandscoffee.com.vn/vnt_upload/dealer/02_2018/thumbs/2000_crop_Highlands-Coffee-anh1.jpg,https://www.highlandscoffee.com.vn/vn/he-thong-cua-hang/506/x.html,Bình Định
507,Highlands Coffee Crescent Residence,"Tôn Dật Tiên, Phường Tân Phú, Quận 7, Tp. Hồ Chí Minh",(028) 7108 0103,7:00 – 23:00 * 7 ngày/ tuần,Wifi Miễn Phí Thanh toán bằng thẻ,https://www.highlandscoffee.com.vn/vnt_upload/dealer/02_2018/thumbs/2000_crop_Highlands-Coffee-anh1.jpg,https://www.highlandscoffee.com.vn/vn/he-thong-cua-hang/507/x.html,Hồ Chí Minh
508,Highlands Coffee Tạ Quang Bửu,"819 Tạ Quang Bửu, Phường 5, Quận 8, Tp. Hồ Chí Minh",(028) 7108 0819,7:00 – 23:00 * 7 ngày/ tuần,Wifi Miễn Phí Thanh toán bằng thẻ,https://www.highlandscoffee.com.vn/vnt_upload/dealer/02_2018/thumbs/2000_crop_Highlands-Coffee-anh1.jpg,https://www.highlandscoffee.com.vn/vn/he-thong-cua-hang/508/x.html,Hồ Chí Minh
510,Highlands Coffee Vincom Tuy Hoa,"L1-04 Vincom Tuy Hòa, Hùng Vương, Phường 7, TP Tuy Hòa",(0257) 730 2426,7:00 – 22:00 * 7 ngày/ tuần,Wifi Miễn Phí Thanh toán bằng thẻ,https://www.highlandscoffee.com.vn/vnt_upload/dealer/02_2018/thumbs/2000_crop_Highlands-Coffee-anh1.jpg,https://www.highlandscoffee.com.vn/vn/he-thong-cua-hang/510/x.html,Phú Yên
509,Highlands Coffee Sense Bến Tre,"T06 Sense Bến Tre, 26 Trần Quốc Tuấn, Phường 4, Tp. Bến Tre, Tỉnh Bến Tre",(0275) 730 2327,7:00 – 22:00 * 7 ngày/ tuần,Wifi Miễn Phí Thanh toán bằng thẻ,https://www.highlandscoffee.com.vn/vnt_upload/dealer/02_2018/thumbs/2000_crop_Highlands-Coffee-anh1.jpg,https://www.highlandscoffee.com.vn/vn/he-thong-cua-hang/509/x.html,Bến Tre
511,Highlands Coffee Nguyen Thi Dinh HCM,"205 Nguyễn Thị Định, Phường An Phú, Quận 2, Hồ Chí Minh",(028) 7108 0205,7:00 – 23:00 * 7 ngày/ tuần,Wifi Miễn Phí Thanh toán bằng thẻ,https://www.highlandscoffee.com.vn/vnt_upload/dealer/02_2018/thumbs/2000_crop_Highlands-Coffee-anh1.jpg,https://www.highlandscoffee.com.vn/vn/he-thong-cua-hang/511/x.html,Hồ Chí Minh
512,Highlands Coffee Vincom Buon Ma Thuot,"L2-01CM Vincom Buôn Ma Thuột, Phường Tân Lợi, Tp Buôn Mê Thuột, Daklak",(0262) 730 2426,7:00 – 22:00 * 7 ngày/ tuần,Wifi Miễn Phí Thanh toán bằng thẻ,https://www.highlandscoffee.com.vn/vnt_upload/dealer/02_2018/thumbs/2000_crop_Highlands-Coffee-anh1.jpg,https://www.highlandscoffee.com.vn/vn/he-thong-cua-hang/512/x.html,Đắk Lắk
513,Highlands Coffee Phạm Đình Hổ,"92 Phạm Đình Hổ, Phường 2, Quận 6, Tp. Hồ Chí Minh",(028) 7108 0092,7:00 – 23:00 * 7 ngày/ tuần,Wifi Miễn Phí Thanh toán bằng thẻ,https://www.highlandscoffee.com.vn/vnt_upload/dealer/02_2018/thumbs/2000_crop_Highlands-Coffee-anh1.jpg,https://www.highlandscoffee.com.vn/vn/he-thong-cua-hang/513/x.html,Hồ Chí Minh
514,Highlands Coffee Vincom Hà Nam,"42 Biên Hòa, phường Minh Khai, thành phố Phủ Lý, Hà Nam",(0226) 7300200,7:00 – 23:00 * 7 ngày/ tuần,Wifi Miễn Phí Thanh toán bằng thẻ,https://www.highlandscoffee.com.vn/vnt_upload/dealer/02_2018/thumbs/2000_crop_Highlands-Coffee-anh1.jpg,https://www.highlandscoffee.com.vn/vn/he-thong-cua-hang/514/x.html,Hà Nam
515,Highlands Coffee 25 Nơ Trang Long,"25 Nơ Trang Long, Phường 7, Quận Bình Thạnh, Tp. Hồ Chí Minh",(028) 7108 0025,7:00 – 23:00 * 7 ngày/ tuần,Wifi Miễn Phí Thanh toán bằng thẻ,https://www.highlandscoffee.com.vn/vnt_upload/dealer/02_2018/thumbs/2000_crop_Highlands-Coffee-anh1.jpg,https://www.highlandscoffee.com.vn/vn/he-thong-cua-hang/515/x.html,Hồ Chí Minh
517,Highlands Coffee Golden City Long Biên,"Đường Hồng Tiến, phường Bồ Đề, quận Long Biên, Hà Nội",024 56780072,7:00 – 23:00 * 7 ngày/ tuần,Wifi Miễn Phí Thanh toán bằng thẻ,https://www.highlandscoffee.com.vn/vnt_upload/dealer/02_2018/thumbs/2000_crop_Highlands-Coffee-anh1.jpg,https://www.highlandscoffee.com.vn/vn/he-thong-cua-hang/517/x.html,Hà Nội
516,Highlands Coffee Urban Area Gia Lâm,"TT11-27 khu 31ha Thị Trấn Trâu Quỳ, huyện Gia Lâm, Hà Nội",024 56780073,7:00 – 23:00 * 7 ngày/ tuần,Wifi Miễn Phí Thanh toán bằng thẻ,https://www.highlandscoffee.com.vn/vnt_upload/dealer/02_2018/thumbs/2000_crop_Highlands-Coffee-anh1.jpg,https://www.highlandscoffee.com.vn/vn/he-thong-cua-hang/516/x.html,Hà Nội
518,Highlands Coffee 4 Tô Ký D12,"Tầng 1, tòa nhà Đông Hải, số 04 Tô Ký, Phường Tân Chánh Hiệp, Quận 12, Tp. Hồ Chí Minh",028 7108 0004,7:00 – 23:00 * 7 ngày/ tuần,Wifi Miễn Phí Thanh toán bằng thẻ,https://www.highlandscoffee.com.vn/vnt_upload/dealer/02_2018/thumbs/2000_crop_Highlands-Coffee-anh1.jpg,https://www.highlandscoffee.com.vn/vn/he-thong-cua-hang/518/x.html,Hồ Chí Minh
519,Highlands Coffee 274 Đà Nẵng Hải Phòng,"274 phố Đà Nẵng, phường Vạn Mỹ, quận Ngô Quyền, Hải Phòng",0225 730 8660,7:00 – 23:00 * 7 ngày/ tuần,Wifi Miễn Phí Thanh toán bằng thẻ,https://www.highlandscoffee.com.vn/vnt_upload/dealer/02_2018/thumbs/2000_crop_Highlands-Coffee-anh1.jpg,https://www.highlandscoffee.com.vn/vn/he-thong-cua-hang/519/x.html,Hải Phòng
520,Highlands Coffee 97 Trần Hưng Đạo PQ,"97 Trần Hưng Đạo, Xã Dương Tơ, Huyện Phú Quốc, Tỉnh Kiên Giang",(0297) 730 2327,7:00 – 23:00 * 7 ngày/ tuần,Wifi Miễn Phí Thanh toán bằng thẻ,https://www.highlandscoffee.com.vn/vnt_upload/dealer/02_2018/thumbs/2000_crop_Highlands-Coffee-anh1.jpg,https://www.highlandscoffee.com.vn/vn/he-thong-cua-hang/520/x.html,Kiên Giang
521,Highlands Coffee Thanh Bình Bắc Ninh,"Shophouse 01-TM, Chung cư Thanh Bình, Đường Nguyễn Cao, Võ Cường, Bắc Ninh",0222 7300660,7:00 – 23:00 * 7 ngày/ tuần,Wifi Miễn Phí Thanh toán bằng thẻ,https://www.highlandscoffee.com.vn/vnt_upload/dealer/02_2018/thumbs/2000_crop_Highlands-Coffee-anh1.jpg,https://www.highlandscoffee.com.vn/vn/he-thong-cua-hang/521/x.html,Bình Dương
522,Highlands Coffee 30 Quang Trung Quảng Bình,"30 Quang Trung, phường Hải Đình, thành phố Đồng Hới, tỉnh Quảng Bình",0232 7301660,7:00 – 23:00 * 7 ngày/ tuần,Wifi Miễn Phí Thanh toán bằng thẻ,https://www.highlandscoffee.com.vn/vnt_upload/dealer/02_2018/thumbs/2000_crop_Highlands-Coffee-anh1.jpg,https://www.highlandscoffee.com.vn/vn/he-thong-cua-hang/522/x.html,Quảng Bình
524,Highlands coffee ben thuyen 05 le loi,"07 lê lợi, phường vĩnh ninh, TP Huế, Huế",(0234) 730 2024,7:00 – 23:00 * 7 ngày/ tuần,Wifi Miễn Phí Thanh toán bằng thẻ,https://www.highlandscoffee.com.vn/vnt_upload/dealer/02_2018/thumbs/2000_crop_Highlands-Coffee-anh1.jpg,https://www.highlandscoffee.com.vn/vn/he-thong-cua-hang/524/x.html,Thừa Thiên - Huế
523,Highlands Coffee Lotte Mart Vinh,"Đại lộ V.LeNin, phường Hà Huy Tập, thành phố Vinh, tỉnh Nghệ An",0238 7303788,7:00 – 23:00 * 7 ngày/ tuần,Wifi Miễn Phí Thanh toán bằng thẻ,https://www.highlandscoffee.com.vn/vnt_upload/dealer/02_2018/thumbs/2000_crop_Highlands-Coffee-anh1.jpg,https://www.highlandscoffee.com.vn/vn/he-thong-cua-hang/523/x.html,Nghệ An
525,Highlands Coffee Dragon Hill 1 Nha Be,"15A Nguyễn Hữu Thọ, Phường Phước Kiểng, Nhà Bè, TP.HCM",02871088015,7:00 – 22:00 * 7 ngày/ tuần,Wifi Miễn Phí Thanh toán bằng thẻ,https://www.highlandscoffee.com.vn/vnt_upload/dealer/02_2018/thumbs/2000_crop_Highlands-Coffee-anh1.jpg,https://www.highlandscoffee.com.vn/vn/he-thong-cua-hang/525/x.html,Hồ Chí Minh
526,Highlands Coffee 77 Hoàng Văn Thái D7,"77 Hoàng Văn Thái, Phường Tân Phú, Quận 7, Tp. Hồ Chí Minh",(028) 7109 1977,7:00 – 22:00 * 7 ngày/ tuần,Wifi Miễn Phí Thanh toán bằng thẻ,https://www.highlandscoffee.com.vn/vnt_upload/dealer/02_2018/thumbs/2000_crop_Highlands-Coffee-anh1.jpg,https://www.highlandscoffee.com.vn/vn/he-thong-cua-hang/526/x.html,Hồ Chí Minh
528,Highlands Coffee Vincom Xuân Khánh CT,"209 Ba Mươi Tháng Tư,  phường Xuân Khánh, Quận Ninh Kiều, Tp. Cần Thơ",(0292) 373 0689,6:30 – 22:00 * 7 ngày/ tuần,Wifi Miễn Phí Thanh toán bằng thẻ,https://www.highlandscoffee.com.vn/vnt_upload/dealer/02_2018/thumbs/2000_crop_Highlands-Coffee-anh1.jpg,https://www.highlandscoffee.com.vn/vn/he-thong-cua-hang/528/x.html,Cần Thơ
527,Highlands Coffee Vincom Hùng Vương CT,"2 Hùng Vương, Phường Thới Bình, Quận Ninh Kiều, Cần Thơ",(0203) 730 5885,6:30 – 22:00 * 7 ngày/ tuần,Wifi Miễn Phí Thanh toán bằng thẻ,https://www.highlandscoffee.com.vn/vnt_upload/dealer/02_2018/thumbs/2000_crop_Highlands-Coffee-anh1.jpg,https://www.highlandscoffee.com.vn/vn/he-thong-cua-hang/527/x.html,Cần Thơ
529,Highlands Coffee 389R Nguyễn Văn Cừ Cần Thơ,"398R Nguyễn Văn Cừ, Phường Xuân Khánh, Quận Ninh Kiều, Tp. Cần Thơ",(0292) 730 2021,7:00 – 23:00 * 7 ngày/ tuần,Wifi Miễn Phí Thanh toán bằng thẻ,https://www.highlandscoffee.com.vn/vnt_upload/dealer/02_2018/thumbs/2000_crop_Highlands-Coffee-anh1.jpg,https://www.highlandscoffee.com.vn/vn/he-thong-cua-hang/529/x.html,Cần Thơ
530,Highlands Coffee Vincom Đà Nẵng,"Tòa nhà Vincom, Ngô Quyền, phường An Bắc Hải, Quận Sơn Trà, Tp. Đà Nẵng",(0236) 3925 087,8:00 – 22:00 * 7 ngày/ tuần,Wifi Miễn Phí Thanh toán bằng thẻ,https://www.highlandscoffee.com.vn/vnt_upload/dealer/02_2018/thumbs/2000_crop_Highlands-Coffee-anh1.jpg,https://www.highlandscoffee.com.vn/vn/he-thong-cua-hang/530/x.html,Đà Nẵng
531,Highlands Coffee 09 Đặng Thùy Trâm,"09 Đặng Thùy Trâm, P. Hòa Thuận Tây, Q. Hải Châu , TP. Đà Nẵng",(0236) 3530 157,7:00 – 23:00 * 7 ngày/ tuần,Wifi Miễn Phí Thanh toán bằng thẻ,https://www.highlandscoffee.com.vn/vnt_upload/dealer/02_2018/thumbs/2000_crop_Highlands-Coffee-anh1.jpg,https://www.highlandscoffee.com.vn/vn/he-thong-cua-hang/531/x.html,Đà Nẵng
532,Highlands Coffee 185A Phan Châu Trinh,"185a Phan Châu Trinh, Q. Hải Châu, Đà Nẵng",(0236) 3832 001,7:00 – 23:00 * 7 ngày/ tuần,Wifi Miễn Phí Thanh toán bằng thẻ,https://www.highlandscoffee.com.vn/vnt_upload/dealer/02_2018/thumbs/2000_crop_Highlands-Coffee-anh1.jpg,https://www.highlandscoffee.com.vn/vn/he-thong-cua-hang/532/x.html,Đà Nẵng
533,Highlands Coffee Florence Hà Nội,"28 Trần Hữu Dực, Cầu Diễn, Nam Từ Liêm, Hà Nội",02456780056,7:00 – 23:00 * 7 ngày/ tuần,Wifi Miễn Phí Thanh toán bằng thẻ,https://www.highlandscoffee.com.vn/vnt_upload/dealer/02_2018/thumbs/2000_crop_Highlands-Coffee-anh1.jpg,https://www.highlandscoffee.com.vn/vn/he-thong-cua-hang/533/x.html,Hà Nội
534,Highlands Coffee Thành Đạt Hà Nam,"Khách sạn Thành Đạt, Đường Trần Nhân Tông, Thị trấn Đồng Văn, Duy Tiên, Hà Nam",022 67305660,7:00 – 23:00 * 7 ngày/ tuần,Wifi Miễn Phí Thanh toán bằng thẻ,https://www.highlandscoffee.com.vn/vnt_upload/dealer/02_2018/thumbs/2000_crop_Highlands-Coffee-anh1.jpg,https://www.highlandscoffee.com.vn/vn/he-thong-cua-hang/534/x.html,Hà Nam
535,Highlands Coffee Pruksa Hải Phòng,"M6 Khu đô thị Pruksa Town, đường Máng Nước, Xã An Đồng, An Dương, Hải Phòng",0225 730 9660,7:00 – 23:00 * 7 ngày/ tuần,Wifi Miễn Phí Thanh toán bằng thẻ,https://www.highlandscoffee.com.vn/vnt_upload/dealer/02_2018/thumbs/2000_crop_Highlands-Coffee-anh1.jpg,https://www.highlandscoffee.com.vn/vn/he-thong-cua-hang/535/x.html,Hải Phòng
537,Highlands Coffee Khách sạn Hoa Lư NB,"Núi Kỳ Lân, Số 1 Trần Hưng Đạo, phường Tân Thành, Ninh Bình",022 97301889,7:00 – 23:00 * 7 ngày/ tuần,Wifi Miễn Phí Thanh toán bằng thẻ,https://www.highlandscoffee.com.vn/vnt_upload/dealer/02_2018/thumbs/2000_crop_Highlands-Coffee-anh1.jpg,https://www.highlandscoffee.com.vn/vn/he-thong-cua-hang/537/x.html,Ninh Bình
536,Highlands Coffee Light City Vĩnh Yên,"SH37 The City Light, đường Tôn Đức Thắng, Khải Quang, Vĩnh Yên, Vĩnh Phúc",0211 7302668,7:00 – 23:00 * 7 ngày/ tuần,Wifi Miễn Phí Thanh toán bằng thẻ,https://www.highlandscoffee.com.vn/vnt_upload/dealer/02_2018/thumbs/2000_crop_Highlands-Coffee-anh1.jpg,https://www.highlandscoffee.com.vn/vn/he-thong-cua-hang/536/x.html,Vĩnh Phúc
538,Highlands Coffee Geleximco Hà Nội,"C31-5, Khu C, Khu đô thị Geleximco, Lê Trọng Tấn, Dương Nội, Hà Đông, Hà Nội",02456780039,7:00 – 23:00 * 7 ngày/ tuần,Wifi Miễn Phí Thanh toán bằng thẻ,https://www.highlandscoffee.com.vn/vnt_upload/dealer/02_2018/thumbs/2000_crop_Highlands-Coffee-anh1.jpg,https://www.highlandscoffee.com.vn/vn/he-thong-cua-hang/538/x.html,Quảng Trị
541,Highlands Coffee Vinhomes Dragon Bay,"HG 01-01, Khu dịch vụ cao cấp Bến Đoan, Phường Hồng Gai, Tp. Hạ Long, Quảng Ninh",(0203)7308 883,7:00 – 23:00 * 7 ngày/ tuần,Wifi Miễn Phí Thanh toán bằng thẻ,https://www.highlandscoffee.com.vn/vnt_upload/dealer/02_2018/thumbs/2000_crop_Highlands-Coffee-anh1.jpg,https://www.highlandscoffee.com.vn/vn/he-thong-cua-hang/541/x.html,Quảng Ninh
540,Highlands Coffee 170 Đinh Bộ Lĩnh,"170 Đinh Bộ Lĩnh, Phường 26, Quận Bình Thạnh. TP.HCM",(028) 7108 0172,7:00 – 23:00 * 7 ngày/ tuần,Wifi Miễn Phí Thanh toán bằng thẻ,https://www.highlandscoffee.com.vn/vnt_upload/dealer/02_2018/thumbs/2000_crop_Highlands-Coffee-anh1.jpg,https://www.highlandscoffee.com.vn/vn/he-thong-cua-hang/540/x.html,Hồ Chí Minh
539,Highlands Coffee Cam Ranh Airport,"Sân bay Cam Ranh, Cam Hải Đông, Cam Ranh, Tỉnh Khánh Hòa",0258 730 2129,7:00 – 23:00 * 7 ngày/ tuần,Wifi Miễn Phí Thanh toán bằng thẻ,https://www.highlandscoffee.com.vn/vnt_upload/dealer/02_2018/thumbs/2000_crop_Highlands-Coffee-anh1.jpg,https://www.highlandscoffee.com.vn/vn/he-thong-cua-hang/539/x.html,Khánh Hòa
542,Highlands Coffee 962 Pham Van Dong,"962-964 Phạm Văn Đồng, phường Hiệp Bình Chánh, thành phố Thủ Đức, Thành Phố Hồ Chí Minh",(028) 7100 0962,7:00 – 23:00 * 7 ngày/ tuần,Wifi Miễn Phí Thanh toán bằng thẻ,https://www.highlandscoffee.com.vn/vnt_upload/dealer/02_2018/thumbs/2000_crop_Highlands-Coffee-anh1.jpg,https://www.highlandscoffee.com.vn/vn/he-thong-cua-hang/542/x.html,Hồ Chí Minh
544,Highlands Coffee So 8 Thu Dau Mot,"Số 8 đường số 10, Phường Hiệp Thành, Thành phố Thủ Dầu Một, Tỉnh Bình Dương",0274 730 2029,7:00 – 23:00 * 7 ngày/ tuần,Wifi Miễn Phí Thanh toán bằng thẻ,https://www.highlandscoffee.com.vn/vnt_upload/dealer/02_2018/thumbs/2000_crop_Highlands-Coffee-anh1.jpg,https://www.highlandscoffee.com.vn/vn/he-thong-cua-hang/544/x.html,Bình Dương
545,Highlands Coffee Viglacera Bắc Ninh,"Toà nhà Viglacera, ngã 6, phố Lý Thái Tổ, phường Đại Phúc, thành phố Bắc Ninh",0222 7306588,7:00 – 23:00 * 7 ngày/ tuần,Wifi Miễn Phí Thanh toán bằng thẻ,https://www.highlandscoffee.com.vn/vnt_upload/dealer/02_2018/thumbs/2000_crop_Highlands-Coffee-anh1.jpg,https://www.highlandscoffee.com.vn/vn/he-thong-cua-hang/545/x.html,Bắc Ninh
546,Highlands Coffee 139 Hào Nam,"Số nhà 139, phố Hào Nam, quận Đống Đa, Hà Nội",024 56780063,7:00 – 23:00 * 7 ngày/ tuần,Wifi Miễn Phí Thanh toán bằng thẻ,https://www.highlandscoffee.com.vn/vnt_upload/dealer/02_2018/thumbs/2000_crop_Highlands-Coffee-anh1.jpg,https://www.highlandscoffee.com.vn/vn/he-thong-cua-hang/546/x.html,Hà Nội
543,Highlands Coffee S2.02 VH Grand Park,"Vinhomes Grand Park, Nguyễn Xiển, Phường Long Thạnh Mỹ, Thủ Đức, Thành phố Hồ Chí Minh",028 7100 0512,7:00 – 23:00 * 7 ngày/ tuần,Wifi Miễn Phí Thanh toán bằng thẻ,https://www.highlandscoffee.com.vn/vnt_upload/dealer/02_2018/thumbs/2000_crop_Highlands-Coffee-anh1.jpg,https://www.highlandscoffee.com.vn/vn/he-thong-cua-hang/543/x.html,Hồ Chí Minh
548,Highlands Coffee Phan Dinh Phung BH,"257/6 Phan Đình Phùng, Phường Quang Vinh, Thành phố Biên Hòa, Tỉnh Đồng Nai",(0251) 730 2129,7:00 – 22:00 * 7 ngày/ tuần,Wifi Miễn Phí Thanh toán bằng thẻ,https://www.highlandscoffee.com.vn/vnt_upload/dealer/02_2018/thumbs/2000_crop_Highlands-Coffee-anh1.jpg,https://www.highlandscoffee.com.vn/vn/he-thong-cua-hang/548/x.html,Đồng Nai
551,Highlands Coffee 433 Le Duc Tho Go Vap,"433 Lê Đức Thọ, Phường 17, Quận Gò Vấp, TP.HCM",(028) 7100 0433,7:00 – 23:00 * 7 ngày/ tuần,Wifi Miễn Phí Thanh toán bằng thẻ,https://www.highlandscoffee.com.vn/vnt_upload/dealer/02_2018/thumbs/2000_crop_Highlands-Coffee-anh1.jpg,https://www.highlandscoffee.com.vn/vn/he-thong-cua-hang/551/x.html,Hồ Chí Minh
547,Highlands Coffee CUTM6-1 Tố Hữu Hà Nội,"CUTM 6-1 LK 24h, Tố Hữu, Hà Đông, Hà Nội",02456780041,7:00 – 23:00 * 7 ngày/ tuần,Wifi Miễn Phí Thanh toán bằng thẻ,https://www.highlandscoffee.com.vn/vnt_upload/dealer/02_2018/thumbs/2000_crop_Highlands-Coffee-anh1.jpg,https://www.highlandscoffee.com.vn/vn/he-thong-cua-hang/547/x.html,Quảng Trị
552,HCSHCM0201 Friendship Tower D1,"31 Lê Duẩn, Phường Bến Nghé, Quận 1, TP.HCM",(028) 7100 0031,7:00 – 22:00 * 7 ngày/ tuần,Wifi Miễn Phí Thanh toán bằng thẻ,https://www.highlandscoffee.com.vn/vnt_upload/dealer/02_2018/thumbs/2000_crop_Highlands-Coffee-anh1.jpg,https://www.highlandscoffee.com.vn/vn/he-thong-cua-hang/552/x.html,Hồ Chí Minh
554,Highlands Coffee 270C Bach Dang HCMC,"270C Bạch Đằng, P.24, Q.Bình Thạnh, TP.HCM",(028) 7100 0270,7:00 – 23:00 * 7 ngày/ tuần,Wifi Miễn Phí Thanh toán bằng thẻ,https://www.highlandscoffee.com.vn/vnt_upload/dealer/02_2018/thumbs/2000_crop_Highlands-Coffee-anh1.jpg,https://www.highlandscoffee.com.vn/vn/he-thong-cua-hang/554/x.html,Hồ Chí Minh
550,Highlands Coffee Tops Market Au Co,"685 Âu Cơ, P.Tân Thành, Q.Tân Phú, TP.HCM",(028) 7100 0685,7:00 – 23:00 * 7 ngày/ tuần,Wifi Miễn Phí Thanh toán bằng thẻ,https://www.highlandscoffee.com.vn/vnt_upload/dealer/02_2018/thumbs/2000_crop_Highlands-Coffee-anh1.jpg,https://www.highlandscoffee.com.vn/vn/he-thong-cua-hang/550/x.html,Hồ Chí Minh
553,Highlands Coffee 565 Tinh Lo 10,"565 Tỉnh Lộ 10, P.Bình Trị Đông B, Q.Bình Tân, TP.HCM",(028) 7100 0565,7:00 – 23:00 * 7 ngày/ tuần,Wifi Miễn Phí Thanh toán bằng thẻ,https://www.highlandscoffee.com.vn/vnt_upload/dealer/02_2018/thumbs/2000_crop_Highlands-Coffee-anh1.jpg,https://www.highlandscoffee.com.vn/vn/he-thong-cua-hang/553/x.html,Hồ Chí Minh
555,Highlands Coffee 417 Dien Bien Phu,"417-419 Điện Biên Phủ, P. 25, Q. Bình Thạnh, TP.HCM",(028) 7100 0417,7:00 – 23:00 * 7 ngày/ tuần,Wifi Miễn Phí Thanh toán bằng thẻ,https://www.highlandscoffee.com.vn/vnt_upload/dealer/02_2018/thumbs/2000_crop_Highlands-Coffee-anh1.jpg,https://www.highlandscoffee.com.vn/vn/he-thong-cua-hang/555/x.html,Hồ Chí Minh
549,Highlands Coffee Tran Hung Dao Di An,"Trần Hưng Đạo-Hai Bà Trưng, Phường Đông Hòa, Thành Phố Dĩ An Tỉnh Bình Dương",0274 730 2027,7:00 – 23:00 * 7 ngày/ tuần,Wifi Miễn Phí Thanh toán bằng thẻ,https://www.highlandscoffee.com.vn/vnt_upload/dealer/02_2018/thumbs/2000_crop_Highlands-Coffee-anh1.jpg,https://www.highlandscoffee.com.vn/vn/he-thong-cua-hang/549/x.html,Hà Nội
556,Highlands Coffee 3 Thang 4 Cam Ranh,"407 Đường 3 Tháng 4, Phường Cam Thuận, Thành phố Cam Ranh, Tỉnh Khánh Hòa",0258 730 2028,7:00 – 23:00 * 7 ngày/ tuần,Wifi Miễn Phí Thanh toán bằng thẻ,https://www.highlandscoffee.com.vn/vnt_upload/dealer/02_2018/thumbs/2000_crop_Highlands-Coffee-anh1.jpg,https://www.highlandscoffee.com.vn/vn/he-thong-cua-hang/556/x.html,Khánh Hòa
557,Highlands Coffee Coop Ly Thuong Kiet HCM,"497 Hòa Hảo, P.7, Q.10, TP.HCM",(028) 7100 0497,7:00 – 23:00 * 7 ngày/ tuần,Wifi Miễn Phí Thanh toán bằng thẻ,https://www.highlandscoffee.com.vn/vnt_upload/dealer/02_2018/thumbs/2000_crop_Highlands-Coffee-anh1.jpg,https://www.highlandscoffee.com.vn/vn/he-thong-cua-hang/557/x.html,Hồ Chí Minh
558,Highlands Coffee 72 Hung Vuong Ba Ria,"72 Hùng Vương Phường Phước Nguyên, TP Bà Rịa",(0254) 730 2028,7:00 – 23:00 * 7 ngày/ tuần,Wifi Miễn Phí Thanh toán bằng thẻ,https://www.highlandscoffee.com.vn/vnt_upload/dealer/02_2018/thumbs/2000_crop_Highlands-Coffee-anh1.jpg,https://www.highlandscoffee.com.vn/vn/he-thong-cua-hang/558/x.html,Bà Rịa - Vũng Tàu
559,Highlands Coffee 75 Thuy Van Vung Tau,"75 Thùy Vân, P.2, TP.Vũng Tàu",(0254) 730 2026,7:00 – 23:00 * 7 ngày/ tuần,Wifi Miễn Phí Thanh toán bằng thẻ,https://www.highlandscoffee.com.vn/vnt_upload/dealer/02_2018/thumbs/2000_crop_Highlands-Coffee-anh1.jpg,https://www.highlandscoffee.com.vn/vn/he-thong-cua-hang/559/x.html,Bà Rịa - Vũng Tàu
560,Highlands Coffee Sầm Sơn Thanh Hoá,"DV-01-17,18 Sam Son Parking &amp; Shopping Mall, đối diện Chợ cột đỏ, căn góc đường Lê lợi và Lý Tự Trọng, phường Trường Sơn, thành phố Sầm Sơn, Thanh Hoá",0237 7303488,7:00 – 23:00 * 7 ngày/ tuần,Wifi Miễn Phí Thanh toán bằng thẻ,https://www.highlandscoffee.com.vn/vnt_upload/dealer/02_2018/thumbs/2000_crop_Highlands-Coffee-anh1.jpg,https://www.highlandscoffee.com.vn/vn/he-thong-cua-hang/560/x.html,Thanh Hóa
562,Highlands Coffee S2.07 Vinhomes Ocean Park,"SH06.S2.07 Vinhomes Ocean Park, xã Đa Tốn, huyện Gia Lâm, thành phố Hà Nội",024 56780085,7:00 – 23:00 * 7 ngày/ tuần,Wifi Miễn Phí Thanh toán bằng thẻ,https://www.highlandscoffee.com.vn/vnt_upload/dealer/02_2018/thumbs/2000_crop_Highlands-Coffee-anh1.jpg,https://www.highlandscoffee.com.vn/vn/he-thong-cua-hang/562/x.html,Hà Nội
561,Highlands Coffee RMIT Hà Nội,"10 Phạm Huy Thông, Ngọc Khánh, Ba Đình, Hà Nội",024 56780026,7:00 – 16:00 * 7 ngày/ tuần,Wifi Miễn Phí Thanh toán bằng thẻ,https://www.highlandscoffee.com.vn/vnt_upload/dealer/02_2018/thumbs/2000_crop_Highlands-Coffee-anh1.jpg,https://www.highlandscoffee.com.vn/vn/he-thong-cua-hang/561/x.html,Hà Nội
563,Highlands Coffee RoyalCity HN,"Tầng hầm B2, Royal City, 72A Nguyễn Trãi, phường Thượng Đình, Quận Thanh Xuân, Hà Nội",(024) 6328 1446,7:00 – 23:00 * 7 ngày/ tuần,Wifi Miễn Phí Thanh toán bằng thẻ,https://www.highlandscoffee.com.vn/vnt_upload/dealer/02_2018/thumbs/2000_crop_Highlands-Coffee-anh1.jpg,https://www.highlandscoffee.com.vn/vn/he-thong-cua-hang/563/x.html,Hà Nội
564,Highlands Coffee Huy Can Thu Duc HCM,"111 Huy Cận, Phường Phước Long B, Thành phố Thủ Đức, TP.HCM",(028) 7101 7111,7:00 – 23:00 * 7 ngày/ tuần,Wifi Miễn Phí Thanh toán bằng thẻ,https://www.highlandscoffee.com.vn/vnt_upload/dealer/02_2018/thumbs/2000_crop_Highlands-Coffee-anh1.jpg,https://www.highlandscoffee.com.vn/vn/he-thong-cua-hang/564/x.html,Hồ Chí Minh
565,Highlands Coffee Nguyen Tat Thanh DNG,"Góc Nguyễn Tất Thành - Nguyễn Sinh Sắc, P. Hòa Minh, Q. Liên Chiểu, Đà Nẵng",(0236) 730 1218,7:00 – 23:00 * 7 ngày/ tuần,Wifi Miễn Phí Thanh toán bằng thẻ,https://www.highlandscoffee.com.vn/vnt_upload/dealer/02_2018/thumbs/2000_crop_Highlands-Coffee-anh1.jpg,https://www.highlandscoffee.com.vn/vn/he-thong-cua-hang/565/x.html,Đà Nẵng
566,Highlands Coffee Sao Mai Plaza,"435A phố Tam Trinh, phường Hoàng Văn Thụ, quận Hoàng Mai, Hà Nội",024 56780075,7:00 – 23:00 * 7 ngày/ tuần,Wifi Miễn Phí Thanh toán bằng thẻ,https://www.highlandscoffee.com.vn/vnt_upload/dealer/02_2018/thumbs/2000_crop_Highlands-Coffee-anh1.jpg,https://www.highlandscoffee.com.vn/vn/he-thong-cua-hang/566/x.html,Hà Nội
567,Highlands Coffee Dương Nội Hà Đông,"BT L14-01, Dương Nội, La Khê, Hà Đông, Hà Nội",024 56780084,7:00 – 23:00 * 7 ngày/ tuần,Wifi Miễn Phí Thanh toán bằng thẻ,https://www.highlandscoffee.com.vn/vnt_upload/dealer/02_2018/thumbs/2000_crop_Highlands-Coffee-anh1.jpg,https://www.highlandscoffee.com.vn/vn/he-thong-cua-hang/567/x.html,Quảng Trị
568,Highlands Coffee Star Hotel Lào Cai,"Star Hotel, 03 Hoàng Liên, Cốc Lếu, Lào Cai",021 47306568,,,https://www.highlandscoffee.com.vn/vnt_upload/dealer/02_2018/thumbs/2000_crop_Highlands-Coffee-anh1.jpg,https://www.highlandscoffee.com.vn/vn/he-thong-cua-hang/568/x.html,Lào Cai
569,Highlands Coffee Thiso Mall Thu Thiem,"10 Mai Chí Thọ, Khu đô thị Thủ Thiêm, Thủ Đức, TP.HCM",(028) 7108 0010,7:00 – 22:00 * 7 ngày/ tuần,Wifi Miễn Phí Thanh toán bằng thẻ,https://www.highlandscoffee.com.vn/vnt_upload/dealer/02_2018/thumbs/2000_crop_Highlands-Coffee-anh1.jpg,https://www.highlandscoffee.com.vn/vn/he-thong-cua-hang/569/x.html,Hồ Chí Minh
570,Highlands Coffee Galleria Thu Thiem HCM,"A01.03, Tháp A, tòa nhà Galleria, 20 Nguyễn Thiện Thanh Str. Phường Thủ Thiêm, thành phố Thủ Đức TP.HCM",(028) 7107 7103,7:00 – 23:00 * 7 ngày/ tuần,Wifi Miễn Phí Thanh toán bằng thẻ,https://www.highlandscoffee.com.vn/vnt_upload/dealer/02_2018/thumbs/2000_crop_Highlands-Coffee-anh1.jpg,https://www.highlandscoffee.com.vn/vn/he-thong-cua-hang/570/x.html,Hồ Chí Minh
571,Highlands Coffee Hoang Van Thu Hue,"25 Hoàng Văn Thụ, Phường An Đông, Thành phố Huế",(0234) 730 1218,7:00 – 23:00 * 7 ngày/ tuần,Wifi Miễn Phí Thanh toán bằng thẻ,https://www.highlandscoffee.com.vn/vnt_upload/dealer/02_2018/thumbs/2000_crop_Highlands-Coffee-anh1.jpg,https://www.highlandscoffee.com.vn/vn/he-thong-cua-hang/571/x.html,Thừa Thiên - Huế
572,Highlands Coffee Mega Market Da Nang,"5 Cách Mạng Tháng 8, Phường Hòa Cường Nam, Quận Hải Châu",(0236) 730 1216,7:00 – 22:00 * 7 ngày/ tuần,Wifi Miễn Phí Thanh toán bằng thẻ,https://www.highlandscoffee.com.vn/vnt_upload/dealer/02_2018/thumbs/2000_crop_Highlands-Coffee-anh1.jpg,https://www.highlandscoffee.com.vn/vn/he-thong-cua-hang/572/x.html,Đà Nẵng
573,Highlands Coffee 26 Hong Bang N.Trang,"26 Hồng Bàng, Phước Tiến, Thành phố Nha Trang, Tỉnh Khánh Hòa",(0258) 730 1219,7:00 – 23:00 * 7 ngày/ tuần,Wifi Miễn Phí Thanh toán bằng thẻ,https://www.highlandscoffee.com.vn/vnt_upload/dealer/02_2018/thumbs/2000_crop_Highlands-Coffee-anh1.jpg,https://www.highlandscoffee.com.vn/vn/he-thong-cua-hang/573/x.html,Khánh Hòa
574,Highlands Coffee GREEN RIVER D8,"2225 Phạm Thế Hiển, P.6, Q.8 TP.HCM",028 7105 2225,7:00 – 23:00 * 7 ngày/ tuần,Wifi Miễn Phí Thanh toán bằng thẻ,https://www.highlandscoffee.com.vn/vnt_upload/dealer/02_2018/thumbs/2000_crop_Highlands-Coffee-anh1.jpg,https://www.highlandscoffee.com.vn/vn/he-thong-cua-hang/574/x.html,Hồ Chí Minh
575,Highlands Coffee Chi Linh Vung Tau,"B12-1 / 1 Chí Linh 07, Khu đô thị Chí Linh, Phường Nguyễn An Ninh, Thành phố Vũng Tàu",0254 730 1219,7:00 – 23:00 * 7 ngày/ tuần,Wifi Miễn Phí Thanh toán bằng thẻ,https://www.highlandscoffee.com.vn/vnt_upload/dealer/02_2018/thumbs/2000_crop_Highlands-Coffee-anh1.jpg,https://www.highlandscoffee.com.vn/vn/he-thong-cua-hang/575/x.html,Bà Rịa - Vũng Tàu
576,Highlands Coffee 105 Doc Lap Tan Phu,"105 Độc Lập, P.Tân Thành, Q.Tân Phú, TP.HCM",(028) 7100 0105,7:00 – 23:00 * 7 ngày/ tuần,Wifi Miễn Phí Thanh toán bằng thẻ,https://www.highlandscoffee.com.vn/vnt_upload/dealer/02_2018/thumbs/2000_crop_Highlands-Coffee-anh1.jpg,https://www.highlandscoffee.com.vn/vn/he-thong-cua-hang/576/x.html,Hồ Chí Minh
577,Highlands Coffee GO&#33; Mall Quang Ngai,"02 Lý Thường Kiệt, Phường Nghĩa Chánh, Thành phố Quảng Ngãi, Quảng Ngãi",(0255) 730 2029,7:00 – 22:00 * 7 ngày/ tuần,Wifi Miễn Phí Thanh toán bằng thẻ,https://www.highlandscoffee.com.vn/vnt_upload/dealer/02_2018/thumbs/2000_crop_Highlands-Coffee-anh1.jpg,https://www.highlandscoffee.com.vn/vn/he-thong-cua-hang/577/x.html,Quảng Ngãi
578,Highlands Coffee  Nguyen Tat Thanh Viet Tri,"308 Nguyễn Tất Thành, Phường Trưng Vương, Thành phố Việt Trì, Tỉnh Phú Thọ",(0210) 730 9599,7:00 – 23:00 * 7 ngày/ tuần,Wifi Miễn Phí Thanh toán bằng thẻ,https://www.highlandscoffee.com.vn/vnt_upload/dealer/02_2018/thumbs/2000_crop_Highlands-Coffee-anh1.jpg,https://www.highlandscoffee.com.vn/vn/he-thong-cua-hang/578/x.html,Phú Thọ
580,Highlands Coffee  Hoang Van Thu Hue,"25 Hoàng Văn Thụ, Phường An Đông, Thành phố Huế",(0234) 730 1218,7:00 – 23:00 * 7 ngày/ tuần,Wifi Miễn Phí Thanh toán bằng thẻ,https://www.highlandscoffee.com.vn/vnt_upload/dealer/02_2018/thumbs/2000_crop_Highlands-Coffee-anh1.jpg,https://www.highlandscoffee.com.vn/vn/he-thong-cua-hang/580/x.html,Thừa Thiên - Huế
579,Highlands Coffee Dong Hoi Airport 1,"Xã Lộc Ninh, TP Đồng Hới, Quảng Bình",(0232) 730 9566,7:00 – 23:00 * 7 ngày/ tuần,Wifi Miễn Phí Thanh toán bằng thẻ,https://www.highlandscoffee.com.vn/vnt_upload/dealer/02_2018/thumbs/2000_crop_Highlands-Coffee-anh1.jpg,https://www.highlandscoffee.com.vn/vn/he-thong-cua-hang/579/x.html,Quảng Bình
581,Highlands Coffee Nesta Hotel Da Nang,"268 Võ Nguyên Giáp, Bắc Phú Mỹ, Ngũ Hành Sơn, TP Đà Nẵng",(0236) 730 1219,7:00 – 23:00 * 7 ngày/ tuần,Wifi Miễn Phí Thanh toán bằng thẻ,https://www.highlandscoffee.com.vn/vnt_upload/dealer/02_2018/thumbs/2000_crop_Highlands-Coffee-anh1.jpg,https://www.highlandscoffee.com.vn/vn/he-thong-cua-hang/581/x.html,Đà Nẵng
582,Highlands Coffee CT2 Nghĩa Đô,"Toà CT2A khu đô thị mới Nghĩa Đô, Cổ Nhuế 1,Bắc Từ Liêm, Hà Nội",024 56780074,7:00 – 23:00 * 7 ngày/ tuần,Wifi Miễn Phí Thanh toán bằng thẻ,https://www.highlandscoffee.com.vn/vnt_upload/dealer/02_2018/thumbs/2000_crop_Highlands-Coffee-anh1.jpg,https://www.highlandscoffee.com.vn/vn/he-thong-cua-hang/582/x.html,Hà Nội
583,Highlands Coffee Bui Thi Xuan DL,"285 Bùi Thị Xuân, Phường 8, Thành phố Đà Lạt, Tỉnh Lâm Đồng",0263 730 1218,7:00 – 23:00 * 7 ngày/ tuần,Wifi Miễn Phí Thanh toán bằng thẻ,https://www.highlandscoffee.com.vn/vnt_upload/dealer/02_2018/thumbs/2000_crop_Highlands-Coffee-anh1.jpg,https://www.highlandscoffee.com.vn/vn/he-thong-cua-hang/583/x.html,Lâm Đồng
585,Highlands Tan Thang Tan Phu HCM,"87C Bờ Bao Tân Thắng, P. Sơn Kỳ, Q. Tân Phú, TP.HCM",028 7101 0087,7:00 – 23:00 * 7 ngày/ tuần,Wifi Miễn Phí Thanh toán bằng thẻ,https://www.highlandscoffee.com.vn/vnt_upload/dealer/02_2018/thumbs/2000_crop_Highlands-Coffee-anh1.jpg,https://www.highlandscoffee.com.vn/vn/he-thong-cua-hang/585/x.html,Hồ Chí Minh
584,Highlands Coffee Le Thanh Tong BMT,"131-133-135 Lê Thánh Tông, Thắng Lợi, Buôn Ma Thuột, Đắk Lắk",0262 730 1218,7:00 – 23:00 * 7 ngày/ tuần,Wifi Miễn Phí Thanh toán bằng thẻ,https://www.highlandscoffee.com.vn/vnt_upload/dealer/02_2018/thumbs/2000_crop_Highlands-Coffee-anh1.jpg,https://www.highlandscoffee.com.vn/vn/he-thong-cua-hang/584/x.html,Đắk Lắk
586,Highlands Coffee UOA Tower D7,"06 Tân Trào, phường Tân Phú, Quận 7, Tp. HCM",028 7108 0006,7:00 – 22:00 * 7 ngày/ tuần,Wifi Miễn Phí Thanh toán bằng thẻ,https://www.highlandscoffee.com.vn/vnt_upload/dealer/02_2018/thumbs/2000_crop_Highlands-Coffee-anh1.jpg,https://www.highlandscoffee.com.vn/vn/he-thong-cua-hang/586/x.html,Hồ Chí Minh
587,Highlands Coffee VietSing Residence,"CTO3 B, Đường D1, Khu dân cư VietSing, Tp. Thuận An, tỉnh Bình Dương",0274 730 1215,7:00 – 23:00 * 7 ngày/ tuần,Wifi Miễn Phí Thanh toán bằng thẻ,https://www.highlandscoffee.com.vn/vnt_upload/dealer/02_2018/thumbs/2000_crop_Highlands-Coffee-anh1.jpg,https://www.highlandscoffee.com.vn/vn/he-thong-cua-hang/587/x.html,Bình Dương
589,Highlands Coffee Monarchy Da Nang,"A104 - A105 Block A, Chung cư Monarchy, 535 Trần Hưng Đạo, An Hải Tây, quận Sơn Trà, Tp. Đà Nẵng",0236 730 1215,7:00 – 23:00 * 7 ngày/ tuần,Wifi Miễn Phí Thanh toán bằng thẻ,https://www.highlandscoffee.com.vn/vnt_upload/dealer/02_2018/thumbs/2000_crop_Highlands-Coffee-anh1.jpg,https://www.highlandscoffee.com.vn/vn/he-thong-cua-hang/589/x.html,Đà Nẵng
588,Highlands Coffee 123 Hoang Hoa Tham,"123/1 Hoàng Hoa Thám, Quận Bình Thạnh, Tp. HCM",028 7109 5123,7:00 – 23:00 * 7 ngày/ tuần,Wifi Miễn Phí Thanh toán bằng thẻ,https://www.highlandscoffee.com.vn/vnt_upload/dealer/02_2018/thumbs/2000_crop_Highlands-Coffee-anh1.jpg,https://www.highlandscoffee.com.vn/vn/he-thong-cua-hang/588/x.html,Hồ Chí Minh
590,Highlands Coffee Faifo Lane Thu Thiem,"02 Phan Văn Đáng, phường Thạnh Mỹ Lợi, Quận 2, Tp. Thủ Đức, Tp. HCM",028 7109 6002,7:00 – 23:00 * 7 ngày/ tuần,Wifi Miễn Phí Thanh toán bằng thẻ,https://www.highlandscoffee.com.vn/vnt_upload/dealer/02_2018/thumbs/2000_crop_Highlands-Coffee-anh1.jpg,https://www.highlandscoffee.com.vn/vn/he-thong-cua-hang/590/x.html,Hồ Chí Minh
591,Highlands Coffee CMT8 Ba Ria,"408 Cách Mạng Tháng 8, Phường Phước Trung, TP Bà Rịa, Tỉnh Bà Rịa-Vũng Tàu",025 4730 1215,7:00 – 23:00 * 7 ngày/ tuần,Wifi Miễn Phí Thanh toán bằng thẻ,https://www.highlandscoffee.com.vn/vnt_upload/dealer/02_2018/thumbs/2000_crop_Highlands-Coffee-anh1.jpg,https://www.highlandscoffee.com.vn/vn/he-thong-cua-hang/591/x.html,Bà Rịa - Vũng Tàu
592,Highlands Coffee 46 Vo Van Tan D3,"46 Võ Văn Tần, Phường Võ Thị Sáu, Quận 3, Tp. HCM",028 7109 7046,7:00 – 23:00 * 7 ngày/ tuần,Wifi Miễn Phí Thanh toán bằng thẻ,https://www.highlandscoffee.com.vn/vnt_upload/dealer/02_2018/thumbs/2000_crop_Highlands-Coffee-anh1.jpg,https://www.highlandscoffee.com.vn/vn/he-thong-cua-hang/592/x.html,Hồ Chí Minh
593,Highlands Coffee Go&#33; Mall Quy Nhon,"L1 – S GO&#33; Mall Quy Nhơn, khu đô thị Vũng Chua, Ghềnh Ráng, Quy Nhơn, Bình Định",0256 730 1218,7:00 – 22:00 * 7 ngày/ tuần,Wifi Miễn Phí Thanh toán bằng thẻ,https://www.highlandscoffee.com.vn/vnt_upload/dealer/02_2018/thumbs/2000_crop_Highlands-Coffee-anh1.jpg,https://www.highlandscoffee.com.vn/vn/he-thong-cua-hang/593/x.html,Bình Định
594,Highlands Coffee 102 Pham Van Dong Hue,"102A Phạm Văn Đồng, Phường Vỹ Dạ, Huế, Thừa Thiên Huế",0234 730 1215,7:00 – 23:00 * 7 ngày/ tuần,Wifi Miễn Phí Thanh toán bằng thẻ,https://www.highlandscoffee.com.vn/vnt_upload/dealer/02_2018/thumbs/2000_crop_Highlands-Coffee-anh1.jpg,https://www.highlandscoffee.com.vn/vn/he-thong-cua-hang/594/x.html,Thừa Thiên - Huế
595,Highlands Coffee BT2 Hateco Apollo HN,"BT02 Hateco Apollo, đường Xuân Phương, phường Phương Canh, quận Nam Từ Liêm, Thành phố Hà Nội",024 56780078,7:00 – 23:00 * 7 ngày/ tuần,Wifi Miễn Phí Thanh toán bằng thẻ,https://www.highlandscoffee.com.vn/vnt_upload/dealer/02_2018/thumbs/2000_crop_Highlands-Coffee-anh1.jpg,https://www.highlandscoffee.com.vn/vn/he-thong-cua-hang/595/x.html,Hà Nội
596,Highlands Coffee 57 Bái Tử Long Cẩm Phả QN,"Số 57 đường Bái Tử Long, TP Cẩm Phả, Quảng Ninh",0203 7300010,7:00 – 23:00 * 7 ngày/ tuần,Wifi Miễn Phí Thanh toán bằng thẻ,https://www.highlandscoffee.com.vn/vnt_upload/dealer/02_2018/thumbs/2000_crop_Highlands-Coffee-anh1.jpg,https://www.highlandscoffee.com.vn/vn/he-thong-cua-hang/596/x.html,Quảng Ninh
597,Highlands Coffee 153 Lạc Long Quân Thanh Hoá,"153 Lạc Long Quân, TP Thanh Hoá, Thanh Hoá, Việt Nam",0237 7306346,7:00 – 23:00 * 7 ngày/ tuần,Wifi Miễn Phí Thanh toán bằng thẻ,https://www.highlandscoffee.com.vn/vnt_upload/dealer/02_2018/thumbs/2000_crop_Highlands-Coffee-anh1.jpg,https://www.highlandscoffee.com.vn/vn/he-thong-cua-hang/597/x.html,Thanh Hóa
599,Highlands Coffee Panorama Nha Trang,"02 Hùng Vương, Lộc Thọ, Tp. Nha Trang, Khánh Hòa",0258 730 1217,7:00 – 23:00 * 7 ngày/ tuần,Wifi Miễn Phí Thanh toán bằng thẻ,https://www.highlandscoffee.com.vn/vnt_upload/dealer/02_2018/thumbs/2000_crop_Highlands-Coffee-anh1.jpg,https://www.highlandscoffee.com.vn/vn/he-thong-cua-hang/599/x.html,Khánh Hòa
598,Highlands Coffee Nguyen Van Tiet BD 2,"70 Nguyễn Văn Tiết, Lái Thiêu, Tp. Thuận An, Bình Dương",0274 730 4131,7:00 – 23:00 * 7 ngày/ tuần,Wifi Miễn Phí Thanh toán bằng thẻ,https://www.highlandscoffee.com.vn/vnt_upload/dealer/02_2018/thumbs/2000_crop_Highlands-Coffee-anh1.jpg,https://www.highlandscoffee.com.vn/vn/he-thong-cua-hang/598/x.html,Bình Dương
600,Highlands Coffee World Trade Center,"B11, Hùng Vương, Hòa Phú, Tp. Thủ Dầu Một, Tỉnh Bình Dương",0274 730 1214,7:00 – 23:00 * 7 ngày/ tuần,Wifi Miễn Phí Thanh toán bằng thẻ,https://www.highlandscoffee.com.vn/vnt_upload/dealer/02_2018/thumbs/2000_crop_Highlands-Coffee-anh1.jpg,https://www.highlandscoffee.com.vn/vn/he-thong-cua-hang/600/x.html,Bình Dương
602,Highlands Coffee Vincom Ca Mau,"02 Lê Duẩn, Phường 1, TP.Cà Mau, Tỉnh Cà Mau",0290 730 5121,7:00 – 23:00 * 7 ngày/ tuần,Wifi Miễn Phí Thanh toán bằng thẻ,https://www.highlandscoffee.com.vn/vnt_upload/dealer/02_2018/thumbs/2000_crop_Highlands-Coffee-anh1.jpg,https://www.highlandscoffee.com.vn/vn/he-thong-cua-hang/602/x.html,Cà Mau
601,Highlands Coffee Sense City Ca Mau,"9 Trần Hưng Đạo, Phường 5, TP.Cà Mau, Tỉnh Cà Mau",0290 730 4121,7:00 – 23:00 * 7 ngày/ tuần,Wifi Miễn Phí Thanh toán bằng thẻ,https://www.highlandscoffee.com.vn/vnt_upload/dealer/02_2018/thumbs/2000_crop_Highlands-Coffee-anh1.jpg,https://www.highlandscoffee.com.vn/vn/he-thong-cua-hang/601/x.html,Cà Mau
603,Highlands Coffee Ten Lua HCM,"183-185 Tên Lửa, Phường Bình Trị Đông B, Quận Bình Tân, TP.HCM",028 7109 7185,7:00 – 23:00 * 7 ngày/ tuần,Wifi Miễn Phí Thanh toán bằng thẻ,https://www.highlandscoffee.com.vn/vnt_upload/dealer/02_2018/thumbs/2000_crop_Highlands-Coffee-anh1.jpg,https://www.highlandscoffee.com.vn/vn/he-thong-cua-hang/603/x.html,Hồ Chí Minh
605,Highlands Coffee Hung Vuong Trang Bom,"Góc Hùng Vương - 30 Tháng 4, P. Trảng Bom, Tỉnh Đồng Nai",0251 730 1215,7:00 – 23:00 * 7 ngày/ tuần,Wifi Miễn Phí Thanh toán bằng thẻ,https://www.highlandscoffee.com.vn/vnt_upload/dealer/02_2018/thumbs/2000_crop_Highlands-Coffee-anh1.jpg,https://www.highlandscoffee.com.vn/vn/he-thong-cua-hang/605/x.html,Đồng Nai
604,Highlands Coffee 68 No.9 TTHC Di An,"68 Đường số 9, TTHC Dĩ An, TP Dĩ An, Tỉnh Bình Dương",0274 730 1217,7:00 – 23:00 * 7 ngày/ tuần,Wifi Miễn Phí Thanh toán bằng thẻ,https://www.highlandscoffee.com.vn/vnt_upload/dealer/02_2018/thumbs/2000_crop_Highlands-Coffee-anh1.jpg,https://www.highlandscoffee.com.vn/vn/he-thong-cua-hang/604/x.html,Bình Dương
606,Highlands Coffee Grand world Phu Quoc,"TM-01B-08 - GrandWorld Phú Quốc, Gành Dầu, Phú Quốc, Kiên Giang",0297 730 1218,7:00 – 23:00 * 7 ngày/ tuần,Wifi Miễn Phí Thanh toán bằng thẻ,https://www.highlandscoffee.com.vn/vnt_upload/dealer/02_2018/thumbs/2000_crop_Highlands-Coffee-anh1.jpg,https://www.highlandscoffee.com.vn/vn/he-thong-cua-hang/606/x.html,Kiên Giang
607,Highlands Coffee Sonadezi Tower,"Đường số 1, P. An Bình, TP Biên Hòa Đồng Nai",0251 730 1217,7:00 – 23:00 * 7 ngày/ tuần,Wifi Miễn Phí Thanh toán bằng thẻ,https://www.highlandscoffee.com.vn/vnt_upload/dealer/02_2018/thumbs/2000_crop_Highlands-Coffee-anh1.jpg,https://www.highlandscoffee.com.vn/vn/he-thong-cua-hang/607/x.html,Đồng Nai
608,Highlands Coffee CoopXtra Linh Trung,"934 Quốc Lộ 1A phường Linh Trung, Thủ Đức TP.HCM",028 7109 6934,7:00 – 23:00 * 7 ngày/ tuần,Wifi Miễn Phí Thanh toán bằng thẻ,https://www.highlandscoffee.com.vn/vnt_upload/dealer/02_2018/thumbs/2000_crop_Highlands-Coffee-anh1.jpg,https://www.highlandscoffee.com.vn/vn/he-thong-cua-hang/608/x.html,Hồ Chí Minh
610,Highlands Coffee Nguyen Huu Tho Long An,"223 Nguyễn Hữu Thọ,Thị trấn Bến Lức,Bến Lức, Long An",0272 730 1218,7:00 – 23:00 * 7 ngày/ tuần,Wifi Miễn Phí Thanh toán bằng thẻ,https://www.highlandscoffee.com.vn/vnt_upload/dealer/02_2018/thumbs/2000_crop_Highlands-Coffee-anh1.jpg,https://www.highlandscoffee.com.vn/vn/he-thong-cua-hang/610/x.html,Long An
609,Highlands Coffee 925 Tan Ky Tan Quy,"925 Tân Kỳ Tân Quý, Bình Hưng Hoà A, Bình Tân, Tp. HCM",028 7109 4925,7:00 – 23:00 * 7 ngày/ tuần,Wifi Miễn Phí Thanh toán bằng thẻ,https://www.highlandscoffee.com.vn/vnt_upload/dealer/02_2018/thumbs/2000_crop_Highlands-Coffee-anh1.jpg,https://www.highlandscoffee.com.vn/vn/he-thong-cua-hang/609/x.html,Hồ Chí Minh
611,Highlands Coffee The Light Phu Yen,"220 Trần Hưng Đạo, Phường 4, Tp. Tuy Hòa, Phú Yên",0257 730 1219,7:00 – 23:00 * 7 ngày/ tuần,Wifi Miễn Phí Thanh toán bằng thẻ,https://www.highlandscoffee.com.vn/vnt_upload/dealer/02_2018/thumbs/2000_crop_Highlands-Coffee-anh1.jpg,https://www.highlandscoffee.com.vn/vn/he-thong-cua-hang/611/x.html,Phú Yên
613,Highlands Coffee Nguyễn Trãi Thanh Hoá,"Khu 01, MBQH 433, đường NGuyễn Trãi, Thanh Hoá",023 7730 9466,7:00 – 23:00 * 7 ngày/ tuần,Wifi Miễn Phí Thanh toán bằng thẻ,https://www.highlandscoffee.com.vn/vnt_upload/dealer/02_2018/thumbs/2000_crop_Highlands-Coffee-anh1.jpg,https://www.highlandscoffee.com.vn/vn/he-thong-cua-hang/613/x.html,Thanh Hóa
612,Highlands Coffee Le Duc Tho Quy Nhon,"Lê Đức Thọ - Đào Duy Từ, phường Trần Hưng Đạo, Tp. Quy Nhơn, tỉnh Bình Định",02567301219,7:00 – 23:00 * 7 ngày/ tuần,Wifi Miễn Phí Thanh toán bằng thẻ,https://www.highlandscoffee.com.vn/vnt_upload/dealer/02_2018/thumbs/2000_crop_Highlands-Coffee-anh1.jpg,https://www.highlandscoffee.com.vn/vn/he-thong-cua-hang/612/x.html,Bình Định
614,Highlands Coffee CIC Luxury Lào Cai,"254-255 CIC Luxury Lao Cai, giao phố Hoàng Liên &amp; Lê Quý Đôn, phường Cốc Lếu, Lào Cai",0214 7308684,7:00 – 23:00 * 7 ngày/ tuần,Wifi Miễn Phí Thanh toán bằng thẻ,https://www.highlandscoffee.com.vn/vnt_upload/dealer/02_2018/thumbs/2000_crop_Highlands-Coffee-anh1.jpg,https://www.highlandscoffee.com.vn/vn/he-thong-cua-hang/614/x.html,Lào Cai
616,Highlands Coffee S205 VH Smart City HN,"01SH05A, S2.05-Z29M.1, Vinhomes Smart City, Tây Mỗ, Nam Từ Liêm, Hà Nội",024 56780027,7:00 – 23:00 * 7 ngày/ tuần,Wifi Miễn Phí Thanh toán bằng thẻ,https://www.highlandscoffee.com.vn/vnt_upload/dealer/02_2018/thumbs/2000_crop_Highlands-Coffee-anh1.jpg,https://www.highlandscoffee.com.vn/vn/he-thong-cua-hang/616/x.html,Hà Nội
615,Highlands Coffee Tân Tây Đô Hà Nội,"LK3-2, 3 khu đô thị mới Tân Tây Đô, xã Tân Lập, Đan Phượng, Hà Nội",024 56780016,7:00 – 23:00 * 7 ngày/ tuần,Wifi Miễn Phí Thanh toán bằng thẻ,https://www.highlandscoffee.com.vn/vnt_upload/dealer/02_2018/thumbs/2000_crop_Highlands-Coffee-anh1.jpg,https://www.highlandscoffee.com.vn/vn/he-thong-cua-hang/615/x.html,Hà Nội
617,Highlands Coffee East Gate Apartment BD,"43 Tân Lập, Phường Đông Hoà, Dĩ An, Bình Dương",0274 730 5131,7:00 – 23:00 * 7 ngày/ tuần,Wifi Miễn Phí Thanh toán bằng thẻ,https://www.highlandscoffee.com.vn/vnt_upload/dealer/02_2018/thumbs/2000_crop_Highlands-Coffee-anh1.jpg,https://www.highlandscoffee.com.vn/vn/he-thong-cua-hang/617/x.html,Bình Dương
618,Highlands Coffee 213 Hoang Van Thu,"213 Hoàng Văn Thụ, P.8, Q. Phú Nhuận, TP.HCM",028 7109 5213,7:00 – 23:00 * 7 ngày/ tuần,Wifi Miễn Phí Thanh toán bằng thẻ,https://www.highlandscoffee.com.vn/vnt_upload/dealer/02_2018/thumbs/2000_crop_Highlands-Coffee-anh1.jpg,https://www.highlandscoffee.com.vn/vn/he-thong-cua-hang/618/x.html,Hồ Chí Minh
620,Highlands Coffee Ng Trung Tin Quy Nhon,"Corner Nguyễn Trung Tín – Nguyễn Thị Định, Phường Nguyễn Văn Cừ, Tp. Quy Nhơn, Bình Định",0256 730 1319,7:00 – 23:00 * 7 ngày/ tuần,Wifi Miễn Phí Thanh toán bằng thẻ,https://www.highlandscoffee.com.vn/vnt_upload/dealer/02_2018/thumbs/2000_crop_Highlands-Coffee-anh1.jpg,https://www.highlandscoffee.com.vn/vn/he-thong-cua-hang/620/x.html,Bình Định
619,Highlands Coffee 449 CMT8 Tay Ninh,"449 Cách Mạng Tháng 8, Hiệp Bình, Tây Ninh",0276 730 1319,7:00 – 23:00 * 7 ngày/ tuần,Wifi Miễn Phí Thanh toán bằng thẻ,https://www.highlandscoffee.com.vn/vnt_upload/dealer/02_2018/thumbs/2000_crop_Highlands-Coffee-anh1.jpg,https://www.highlandscoffee.com.vn/vn/he-thong-cua-hang/619/x.html,Tây Ninh
621,Highlands Coffee XVNT Da Nang,"Corner Xô Viết Nghệ Tĩnh, khu vực Tây Nam Hòa Cường, Hòa Cường Nam, Hải Châu, Đà Nẵng",0236 730 1319,7:00 – 23:00 * 7 ngày/ tuần,Wifi Miễn Phí Thanh toán bằng thẻ,https://www.highlandscoffee.com.vn/vnt_upload/dealer/02_2018/thumbs/2000_crop_Highlands-Coffee-anh1.jpg,https://www.highlandscoffee.com.vn/vn/he-thong-cua-hang/621/x.html,Đà Nẵng
622,Highlands Coffee BV Nhi Dong TPHCM,"15 Võ Trần Chí, P. Tân Kiên, H. Bình Chánh, TP.HCM",028 7102 0015,7:00 – 23:00 * 7 ngày/ tuần,Wifi Miễn Phí Thanh toán bằng thẻ,https://www.highlandscoffee.com.vn/vnt_upload/dealer/02_2018/thumbs/2000_crop_Highlands-Coffee-anh1.jpg,https://www.highlandscoffee.com.vn/vn/he-thong-cua-hang/622/x.html,Hồ Chí Minh
624,Highlands Coffee Dong Khoi BH,"972 Đồng Khởi, Phường Trảng Dài, Thành phố Biên Hòa, Tỉnh Đồng Nai",02517301319,7:00 – 22:00 * 7 ngày/ tuần,Wifi Miễn Phí Thanh toán bằng thẻ,https://www.highlandscoffee.com.vn/vnt_upload/dealer/02_2018/thumbs/2000_crop_Highlands-Coffee-anh1.jpg,https://www.highlandscoffee.com.vn/vn/he-thong-cua-hang/624/x.html,Đồng Nai
623,Highlands Coffee Quoc Lo 13 ThuDuc,"131A-133-135 Quốc lộ 13, Phường Hiệp Bình Chánh, Thành phố Thủ Đức, TP.HCM",02871000135,7:00 – 23:00 * 7 ngày/ tuần,Wifi Miễn Phí Thanh toán bằng thẻ,https://www.highlandscoffee.com.vn/vnt_upload/dealer/02_2018/thumbs/2000_crop_Highlands-Coffee-anh1.jpg,https://www.highlandscoffee.com.vn/vn/he-thong-cua-hang/623/x.html,Hồ Chí Minh
625,Highlands Coffee Lê Lợi Thái Bình,"29 Lê Lợi, Phường Lê Hồng Phong, Thành phố Thái Bình",0227 7306226,7:00 – 23:00 * 7 ngày/ tuần,Wifi Miễn Phí Thanh toán bằng thẻ,https://www.highlandscoffee.com.vn/vnt_upload/dealer/02_2018/thumbs/2000_crop_Highlands-Coffee-anh1.jpg,https://www.highlandscoffee.com.vn/vn/he-thong-cua-hang/625/x.html,Thái Bình
626,Highlands Coffee Mega Thăng Long,"236 Phạm Văn Đồng, Cổ Nhuế, Bắc Từ Liêm, Hà Nội",024 56780067,7:00 – 23:00 * 7 ngày/ tuần,Wifi Miễn Phí Thanh toán bằng thẻ,https://www.highlandscoffee.com.vn/vnt_upload/dealer/02_2018/thumbs/2000_crop_Highlands-Coffee-anh1.jpg,https://www.highlandscoffee.com.vn/vn/he-thong-cua-hang/626/x.html,Hà Nội
627,Highlands Coffee Lancaster Luminaire Hà Nội,"1152-1154 đường Láng, Phường Yên Hòa, Quận Đống Đa, Hà Nội",024 56780035,7:00 – 23:00 * 7 ngày/ tuần,Wifi Miễn Phí Thanh toán bằng thẻ,https://www.highlandscoffee.com.vn/vnt_upload/dealer/02_2018/thumbs/2000_crop_Highlands-Coffee-anh1.jpg,https://www.highlandscoffee.com.vn/vn/he-thong-cua-hang/627/x.html,Hà Nội
628,Highlands Coffee 125 Ngô Quyền Vĩnh Yên Vĩnh Phúc,"125 Ngô Quyền, Phường Đống Đa, TP. Vĩnh Yên, Vĩnh Phúc",0211 7301226,7:00 – 23:00 * 7 ngày/ tuần,Wifi Miễn Phí Thanh toán bằng thẻ,https://www.highlandscoffee.com.vn/vnt_upload/dealer/02_2018/thumbs/2000_crop_Highlands-Coffee-anh1.jpg,https://www.highlandscoffee.com.vn/vn/he-thong-cua-hang/628/x.html,Vĩnh Phúc
629,Highlands Coffee VH Grand Park 2,"Số 1.04, TẦNG 1, TÒA NHÀ S5.01, Khu A - Dự án KDC và công viên Phước Thiện, Số 512 đường Nguyễn Xiển, KP Long Hòa, Long Thạnh Mỹ, TP. Thủ Đức, TP. HCM",028 7100 0501,7:00 – 23:00 * 7 ngày/ tuần,Wifi Miễn Phí Thanh toán bằng thẻ,https://www.highlandscoffee.com.vn/vnt_upload/dealer/02_2018/thumbs/2000_crop_Highlands-Coffee-anh1.jpg,https://www.highlandscoffee.com.vn/vn/he-thong-cua-hang/629/x.html,Hồ Chí Minh
631,Highlands Coffee Thoai Ngoc Hau HCM,"124D - 124E Thọai Ngọc Hầu, Phú Thọ Hòa, Quận Tân Phú, TP.HCM",028 7100 0124,7:00 – 23:00 * 7 ngày/ tuần,Wifi Miễn Phí Thanh toán bằng thẻ,https://www.highlandscoffee.com.vn/vnt_upload/dealer/02_2018/thumbs/2000_crop_Highlands-Coffee-anh1.jpg,https://www.highlandscoffee.com.vn/vn/he-thong-cua-hang/631/x.html,Phú Thọ
632,Highlands Coffee CVPM Quang Trung HCM,"Tòa nhà QTSC 1, Công viên Phần mềm Quang Trung, Phường Tân Hiệp Chánh, Quận 12, TP.HCM",(028) 7108 1114,7:00 – 23:00 * 7 ngày/ tuần,Wifi Miễn Phí Thanh toán bằng thẻ,https://www.highlandscoffee.com.vn/vnt_upload/dealer/02_2018/thumbs/2000_crop_Highlands-Coffee-anh1.jpg,https://www.highlandscoffee.com.vn/vn/he-thong-cua-hang/632/x.html,Hồ Chí Minh
630,Highlands Coffee  30 thang 4 Phu Quoc,"Số 52A, Đường 30/4, Dương Đông, TP. Phú Quốc, Kiên Giang",02977301319,7:00 – 23:00 * 7 ngày/ tuần,Wifi Miễn Phí Thanh toán bằng thẻ,https://www.highlandscoffee.com.vn/vnt_upload/dealer/02_2018/thumbs/2000_crop_Highlands-Coffee-anh1.jpg,https://www.highlandscoffee.com.vn/vn/he-thong-cua-hang/630/x.html,Kiên Giang
635,Highlands Coffee Bà Triệu Thanh Hóa,"591 Bà Triệu, Đông Thọ, Thành phố Thanh Hóa, tỉnh Thanh Hóa",0237 7302396,7:00 – 23:00 * 7 ngày/ tuần,Wifi Miễn Phí Thanh toán bằng thẻ,https://www.highlandscoffee.com.vn/vnt_upload/dealer/02_2018/thumbs/2000_crop_Highlands-Coffee-anh1.jpg,https://www.highlandscoffee.com.vn/vn/he-thong-cua-hang/635/x.html,Thanh Hóa
633,Highlands Coffee Phu Bai Airport 2,"Cầu Phú Bài, thị trấn Hưng Thủy, thành phố Huế, tỉnh Thừa Thiên Huế",(0234) 730 2028,7:00 – 23:00 * 7 ngày/ tuần,Wifi Miễn Phí Thanh toán bằng thẻ,https://www.highlandscoffee.com.vn/vnt_upload/dealer/02_2018/thumbs/2000_crop_Highlands-Coffee-anh1.jpg,https://www.highlandscoffee.com.vn/vn/he-thong-cua-hang/633/x.html,Thừa Thiên - Huế
634,Highlands Coffee Nguyễn Lam Hà Nội,"41 Nguyễn Lâm, Phúc Đồng, Long Biên, Hà Nội",024 56780036,7:00 – 23:00 * 7 ngày/ tuần,Wifi Miễn Phí Thanh toán bằng thẻ,https://www.highlandscoffee.com.vn/vnt_upload/dealer/02_2018/thumbs/2000_crop_Highlands-Coffee-anh1.jpg,https://www.highlandscoffee.com.vn/vn/he-thong-cua-hang/634/x.html,Hà Nội
636,Highlands Coffee Cương Ngô Thanh Trì Hà Nội,"Thửa đất số 40, tờ bản đồ số 10, thôn Cương Ngô, xã Tứ Hiệp, huyện Thanh Trì, thành phố Hà Nội",0245 6780102,7:00 – 23:00 * 7 ngày/ tuần,Wifi Miễn Phí Thanh toán bằng thẻ,https://www.highlandscoffee.com.vn/vnt_upload/dealer/02_2018/thumbs/2000_crop_Highlands-Coffee-anh1.jpg,https://www.highlandscoffee.com.vn/vn/he-thong-cua-hang/636/x.html,Hà Nội
637,Highlands Coffee Bãi biển Sầm Sơn Thanh Hóa,"Bắc Kỳ, Trung Sơn, Sầm Sơn, Thanh Hóa (PWV4+R8W Sầm Sơn, Thanh Hoa, Vietnam )",0237 7300839,7:00 – 23:00 * 7 ngày/ tuần,Wifi Miễn Phí Thanh toán bằng thẻ,https://www.highlandscoffee.com.vn/vnt_upload/dealer/02_2018/thumbs/2000_crop_Highlands-Coffee-anh1.jpg,https://www.highlandscoffee.com.vn/vn/he-thong-cua-hang/637/x.html,Thanh Hóa
638,Highlands Coffee Ben Van Don HCM,"183 Bến Vân Đồn, Phường 6, Quận 4, HCM",028 7108 8183,7:00 – 23:00 * 7 ngày/ tuần,Wifi Miễn Phí Thanh toán bằng thẻ,https://www.highlandscoffee.com.vn/vnt_upload/dealer/02_2018/thumbs/2000_crop_Highlands-Coffee-anh1.jpg,https://www.highlandscoffee.com.vn/vn/he-thong-cua-hang/638/x.html,Hồ Chí Minh
639,Highlands Coffee 366 Le Van Quoi HCM,"366 Lê Văn Quới, Bình Hưng Hòa A, Quận Bình Tân, Thành phố Hồ Chí Minh",(028) 7100 0366,7:00 – 23:00 * 7 ngày/ tuần,Wifi Miễn Phí Thanh toán bằng thẻ,https://www.highlandscoffee.com.vn/vnt_upload/dealer/02_2018/thumbs/2000_crop_Highlands-Coffee-anh1.jpg,https://www.highlandscoffee.com.vn/vn/he-thong-cua-hang/639/x.html,Hồ Chí Minh
640,Highlands Coffee Hung Vuong Long Khanh DNI,"239 Hùng Vương, Phường Xuân Hòa, Tp. Long Khánh, Đồng Nai",02517301418,7:00 – 22:00 * 7 ngày/ tuần,Wifi Miễn Phí Thanh toán bằng thẻ,https://www.highlandscoffee.com.vn/vnt_upload/dealer/02_2018/thumbs/2000_crop_Highlands-Coffee-anh1.jpg,https://www.highlandscoffee.com.vn/vn/he-thong-cua-hang/640/x.html,Đồng Nai
641,Highlands Coffee Tran Hung Dao Ca Mau,"Khu A, TT Mua sắm Hoàng Gia, Trần Hưng Đạo, Phường 5, TP. Cà Mau",0290 730 1419,7:00 – 22:00 * 7 ngày/ tuần,Wifi Miễn Phí Thanh toán bằng thẻ,https://www.highlandscoffee.com.vn/vnt_upload/dealer/02_2018/thumbs/2000_crop_Highlands-Coffee-anh1.jpg,https://www.highlandscoffee.com.vn/vn/he-thong-cua-hang/641/x.html,Cà Mau
643,Highlands Coffee Tet Mau Than My Tho,"106/5A Tết Mậu Thân, phường 4, Mỹ Tho, Tiền Giang",0273 730 1315,7:00 – 23:00 * 7 ngày/ tuần,Wifi Miễn Phí Thanh toán bằng thẻ,https://www.highlandscoffee.com.vn/vnt_upload/dealer/02_2018/thumbs/2000_crop_Highlands-Coffee-anh1.jpg,https://www.highlandscoffee.com.vn/vn/he-thong-cua-hang/643/x.html,Tiền Giang
642,Highlands Coffee 173 Tran Phu Rach Gia,"173 Trần Phú, Phường Vĩnh Thanh, Tp. Rạch Giá, Kiên Giang",0297 730 1318,7:00 – 23:00 * 7 ngày/ tuần,Wifi Miễn Phí Thanh toán bằng thẻ,https://www.highlandscoffee.com.vn/vnt_upload/dealer/02_2018/thumbs/2000_crop_Highlands-Coffee-anh1.jpg,https://www.highlandscoffee.com.vn/vn/he-thong-cua-hang/642/x.html,Kiên Giang
644,Highlands Coffee Lien Khuong Airport,"Quốc Lộ 20, Liên Nghĩa, Đức Trọng, Lâm Đồng",0263 730 1315,7:00 – 23:00 * 7 ngày/ tuần,Wifi Miễn Phí Thanh toán bằng thẻ,https://www.highlandscoffee.com.vn/vnt_upload/dealer/02_2018/thumbs/2000_crop_Highlands-Coffee-anh1.jpg,https://www.highlandscoffee.com.vn/vn/he-thong-cua-hang/644/x.html,Lâm Đồng
645,Highlands Coffee 27 Dai Lo Binh Duong,"27/2 Đại Lộ Bình Dương, Thuận Giao, Thuận An, Bình Dương",0274 730 1317,7:00 – 23:00 * 7 ngày/ tuần,Wifi Miễn Phí Thanh toán bằng thẻ,https://www.highlandscoffee.com.vn/vnt_upload/dealer/02_2018/thumbs/2000_crop_Highlands-Coffee-anh1.jpg,https://www.highlandscoffee.com.vn/vn/he-thong-cua-hang/645/x.html,Bình Dương
646,Highlands Coffee GS1 DONG HOA DI AN,"86 Đường GS1, Đông Hòa, Dĩ An, Bình Dương",0274 730 1417,7:00 – 23:00 * 7 ngày/ tuần,Wifi Miễn Phí Thanh toán bằng thẻ,https://www.highlandscoffee.com.vn/vnt_upload/dealer/02_2018/thumbs/2000_crop_Highlands-Coffee-anh1.jpg,https://www.highlandscoffee.com.vn/vn/he-thong-cua-hang/646/x.html,Bình Dương
647,Highlands Coffee Chung Cu Bo Cong An,"Chung Cư Bộ Công An, 83 Đường số 3, An Khánh, Thủ Đức, Tp.HCM",028 7108 0083,7:00 – 23:00 * 7 ngày/ tuần,Wifi Miễn Phí Thanh toán bằng thẻ,https://www.highlandscoffee.com.vn/vnt_upload/dealer/02_2018/thumbs/2000_crop_Highlands-Coffee-anh1.jpg,https://www.highlandscoffee.com.vn/vn/he-thong-cua-hang/647/x.html,Hồ Chí Minh
648,Highlands Coffee Vincom Long Biên Hà Nội,"Lô K21-K24, Vincom Plaza Long Biên, KĐT Vinhomes Riverside, p Phúc Lợi, q. Long Biên, Hà Nội",0245 6780105,7:00 – 23:00 * 7 ngày/ tuần,Wifi Miễn Phí Thanh toán bằng thẻ,https://www.highlandscoffee.com.vn/vnt_upload/dealer/02_2018/thumbs/2000_crop_Highlands-Coffee-anh1.jpg,https://www.highlandscoffee.com.vn/vn/he-thong-cua-hang/648/x.html,Hà Nội
650,Highlands Coffee Vinaconex 3 Hà Nội,"Tầng 1 tòa 17T1 - CT2, Vinaconex 3, Trung Văn, Nam Từ Liêm, Hà Nội",0245 6780103,7:00 – 23:00 * 7 ngày/ tuần,Wifi Miễn Phí Thanh toán bằng thẻ,https://www.highlandscoffee.com.vn/vnt_upload/dealer/02_2018/thumbs/2000_crop_Highlands-Coffee-anh1.jpg,https://www.highlandscoffee.com.vn/vn/he-thong-cua-hang/650/x.html,Hà Nội
649,Highlands Coffee Ngã 5 Cát Bi Hải Phòng,"Thửa số 3, Lô 22B Khu đô thị mới Ngã 5 Sân Bay Cát Bi P. Đông Khê Q. Ngô Quyền, TP Hải Phòng",0225 7300923,7:00 – 23:00 * 7 ngày/ tuần,Wifi Miễn Phí Thanh toán bằng thẻ,https://www.highlandscoffee.com.vn/vnt_upload/dealer/02_2018/thumbs/2000_crop_Highlands-Coffee-anh1.jpg,https://www.highlandscoffee.com.vn/vn/he-thong-cua-hang/649/x.html,Hải Phòng
651,Highlands Coffee An Dương Vương Hà Nội,"Tổ 45 Cụm 7 48 An Dương Vương, p Phú Thượng Q. Tây Hồ Hà Nội",0245 6780104,7:00 – 23:00 * 7 ngày/ tuần,Wifi Miễn Phí Thanh toán bằng thẻ,https://www.highlandscoffee.com.vn/vnt_upload/dealer/02_2018/thumbs/2000_crop_Highlands-Coffee-anh1.jpg,https://www.highlandscoffee.com.vn/vn/he-thong-cua-hang/651/x.html,Hà Nội
652,Highlands Coffee Điện Biên Phủ - Bà Rịa Vũng Tàu,"235 Điện Biên Phủ, P. Phước Nguyên, TX. Bà Rịa, Tỉnh Bà Rịa Vũng Tàu",(0254) 730 1315,7:00 – 23:00 * 7 ngày/ tuần,Wifi Miễn Phí Thanh toán bằng thẻ,https://www.highlandscoffee.com.vn/vnt_upload/dealer/02_2018/thumbs/2000_crop_Highlands-Coffee-anh1.jpg,https://www.highlandscoffee.com.vn/vn/he-thong-cua-hang/652/x.html,Bà Rịa - Vũng Tàu
653,Highlands Coffee Nguyễn Huệ - Vĩnh Long,"82A Nguyễn Huệ, Phường 2, TP. Vĩnh Long, Tỉnh Vĩnh Long",(0270) 730 1315,7:00 – 23:00 * 7 ngày/ tuần,Wifi Miễn Phí Thanh toán bằng thẻ,https://www.highlandscoffee.com.vn/vnt_upload/dealer/02_2018/thumbs/2000_crop_Highlands-Coffee-anh1.jpg,https://www.highlandscoffee.com.vn/vn/he-thong-cua-hang/653/x.html,Vĩnh Long
655,Highlands Coffee 111 Hoa Lu Quy Nhon,"111-111A đường Hoa Lư, phường Đống Đa, thành phố Quy Nhơn, tỉnh Bình Định",0256 730 1315,7:00 – 23:00 * 7 ngày/ tuần,Wifi Miễn Phí Thanh toán bằng thẻ,https://www.highlandscoffee.com.vn/vnt_upload/dealer/02_2018/thumbs/2000_crop_Highlands-Coffee-anh1.jpg,https://www.highlandscoffee.com.vn/vn/he-thong-cua-hang/655/x.html,Bình Định
654,Highlands Coffee Nguyễn Trung Trực - Phú Quốc,"122 Nguyễn Trung Trực, TT. Dương Đông, TP. Phú Quốc, Tỉnh Kiên Giang",(0297) 730 1315,7:00 – 23:00 * 7 ngày/ tuần,Wifi Miễn Phí Thanh toán bằng thẻ,https://www.highlandscoffee.com.vn/vnt_upload/dealer/02_2018/thumbs/2000_crop_Highlands-Coffee-anh1.jpg,https://www.highlandscoffee.com.vn/vn/he-thong-cua-hang/654/x.html,Kiên Giang
656,Highlands Coffee Apec Mandala Hải Dương,Tầng 1 Toà Apec Mandala Hải Dương Lê Thanh Nghị P. Hải Tân TP. Hải Dương,0220 7300368,7:00 – 23:00 * 7 ngày/ tuần,Wifi Miễn Phí Thanh toán bằng thẻ,https://www.highlandscoffee.com.vn/vnt_upload/dealer/02_2018/thumbs/2000_crop_Highlands-Coffee-anh1.jpg,https://www.highlandscoffee.com.vn/vn/he-thong-cua-hang/656/x.html,Hải Dương
657,Highlands Coffee Lê Hoàn Hà Nam,"Lê Hoàn, Phường Minh Khai, Thành phố Phủ Lý, Hà Nam",0226 7309361,7:00 – 23:00 * 7 ngày/ tuần,Wifi Miễn Phí Thanh toán bằng thẻ,https://www.highlandscoffee.com.vn/vnt_upload/dealer/02_2018/thumbs/2000_crop_Highlands-Coffee-anh1.jpg,https://www.highlandscoffee.com.vn/vn/he-thong-cua-hang/657/x.html,Hà Nam
658,Highlands Coffee SH16-130 Vinhomes Ocean Park HN,SH16-130 Vinhomes Ocean Park xã Đa Tôn H. Gia Lâm Hà Nội,024 56780045,7:00 – 23:00 * 7 ngày/ tuần,Wifi Miễn Phí Thanh toán bằng thẻ,https://www.highlandscoffee.com.vn/vnt_upload/dealer/02_2018/thumbs/2000_crop_Highlands-Coffee-anh1.jpg,https://www.highlandscoffee.com.vn/vn/he-thong-cua-hang/658/x.html,Hà Nội
659,Highlands Coffee 50 Chu Huy Mân Long Biên,"26 Nhà N01B, 50 Đường Chu Huy Mân, P.Phúc Đồng, Q.Long Biên, Hà Nội",024 56780046,7:00 – 23:00 * 7 ngày/ tuần,Wifi Miễn Phí Thanh toán bằng thẻ,https://www.highlandscoffee.com.vn/vnt_upload/dealer/02_2018/thumbs/2000_crop_Highlands-Coffee-anh1.jpg,https://www.highlandscoffee.com.vn/vn/he-thong-cua-hang/659/x.html,Hà Nội
660,Highlands Coffee Bai Sao Phu Quoc,"Bãi Sao Phú Quốc, Ấp 4, An Thới, TP. Phú Quốc, Tỉnh Kiên Giang",0297 730 1419,7:00 – 19:00 * 7 ngày/ tuần,Wifi Miễn Phí Thanh toán bằng thẻ,https://www.highlandscoffee.com.vn/vnt_upload/dealer/02_2018/thumbs/2000_crop_Highlands-Coffee-anh1.jpg,https://www.highlandscoffee.com.vn/vn/he-thong-cua-hang/660/x.html,Kiên Giang
662,Highlands Coffee Nguyễn Văn Tăng - Thủ Đức,"327 Nguyễn Văn Tăng, Phường Long Thạnh Mỹ, TP. Thủ Đức, TP.HCM",028 7100 0327,7:00 – 23:00 * 7 ngày/ tuần,Wifi Miễn Phí Thanh toán bằng thẻ,https://www.highlandscoffee.com.vn/vnt_upload/dealer/02_2018/thumbs/2000_crop_Highlands-Coffee-anh1.jpg,https://www.highlandscoffee.com.vn/vn/he-thong-cua-hang/662/x.html,Hồ Chí Minh
661,Highlands Coffee TSN Airport-K4,"ID306-A, Khu Lầu 3, Sảnh Quốc Tế Đi, TSN International Airport - 45 Trường Sơn, Phường 2, Quận Tân Bình, TP. HCM",(028) 7100 0306,00:00 – 24:00 * 7 ngày/ tuần,Wifi Miễn Phí Thanh toán bằng thẻ,https://www.highlandscoffee.com.vn/vnt_upload/dealer/02_2018/thumbs/2000_crop_Highlands-Coffee-anh1.jpg,https://www.highlandscoffee.com.vn/vn/he-thong-cua-hang/661/x.html,Hồ Chí Minh
664,Highlands Coffee 343 Ben Binh Dong D8,"343 Bến Bình Đông, P. 13, Quận 8, Tp. Hồ Chí Minh",028 7100 0343,7:00 – 23:00 * 7 ngày/ tuần,Wifi Miễn Phí Thanh toán bằng thẻ,https://www.highlandscoffee.com.vn/vnt_upload/dealer/02_2018/thumbs/2000_crop_Highlands-Coffee-anh1.jpg,https://www.highlandscoffee.com.vn/vn/he-thong-cua-hang/664/x.html,Hồ Chí Minh
663,Highlands Coffee Lê Thị Hà - Hóc Môn,"1/71A Lê Thị Hà, Xã Tân Xuân, Huyện Hóc Môn, Tp. Hồ Chí Minh",028 7108 0171,7:00 – 23:00 * 7 ngày/ tuần,Wifi Miễn Phí Thanh toán bằng thẻ,https://www.highlandscoffee.com.vn/vnt_upload/dealer/02_2018/thumbs/2000_crop_Highlands-Coffee-anh1.jpg,https://www.highlandscoffee.com.vn/vn/he-thong-cua-hang/663/x.html,Hồ Chí Minh
667,Highlands Coffee Thach Han Hue,"59 Thạch Hãn, P. Thuận Hòa, TP.Huế, Tỉnh TT-Huế",0234 730 2324,7:00 – 23:00 * 7 ngày/ tuần,Wifi Miễn Phí Thanh toán bằng thẻ,https://www.highlandscoffee.com.vn/vnt_upload/dealer/02_2018/thumbs/2000_crop_Highlands-Coffee-anh1.jpg,https://www.highlandscoffee.com.vn/vn/he-thong-cua-hang/667/x.html,Thừa Thiên - Huế
666,Highlands Coffee 284 Hoa Binh Tan Phu,"284 Hòa Bình, P. Hiệp Tân, Q. Tân Phú, TP.HCM",028 7100 0284,7:00 – 23:00 * 7 ngày/ tuần,Wifi Miễn Phí Thanh toán bằng thẻ,https://www.highlandscoffee.com.vn/vnt_upload/dealer/02_2018/thumbs/2000_crop_Highlands-Coffee-anh1.jpg,https://www.highlandscoffee.com.vn/vn/he-thong-cua-hang/666/x.html,Hòa Bình
668,Highlands Coffee Phương Đông Green Park Hà Nội,"SH-1B Phương Đông Greenpark, Số 1 Trần Thủ Độ, phường Hoàng Liệt, q. Hoàng Mai, Hà Nội",024 56780065,7:00 – 23:00 * 7 ngày/ tuần,Wifi Miễn Phí Thanh toán bằng thẻ,https://www.highlandscoffee.com.vn/vnt_upload/dealer/02_2018/thumbs/2000_crop_Highlands-Coffee-anh1.jpg,https://www.highlandscoffee.com.vn/vn/he-thong-cua-hang/668/x.html,Hà Nội
665,Highlands Coffee Chu Lai Airport,"2-M1, Tang 2 Nha ga, Khu cach ly, Cang Hang Khong Chu lai, Tam Nghia, Nui Thanh, Quang Nam",0235 730 2324,7:00 – 23:00 * 7 ngày/ tuần,Wifi Miễn Phí Thanh toán bằng thẻ,https://www.highlandscoffee.com.vn/vnt_upload/dealer/02_2018/thumbs/2000_crop_Highlands-Coffee-anh1.jpg,https://www.highlandscoffee.com.vn/vn/he-thong-cua-hang/665/x.html,Quảng Nam
669,Highlands Coffee Trần Hưng Đạo Nam Định,"539 Trần Hưng Đạo, Lộc Vượng, Thành Phố Nam Định, Tỉnh Nam Định",0228 7306893,7:00 – 23:00 * 7 ngày/ tuần,Wifi Miễn Phí Thanh toán bằng thẻ,https://www.highlandscoffee.com.vn/vnt_upload/dealer/02_2018/thumbs/2000_crop_Highlands-Coffee-anh1.jpg,https://www.highlandscoffee.com.vn/vn/he-thong-cua-hang/669/x.html,Nam Định
672,Highlands Coffee Trần Hưng Đạo Phúc Yên,"190 Trần Hưng Đạo, phường Trưng Trắc, tp Phúc Yên, tỉnh Vĩnh Phúc",0211 7300397,7:00 – 23:00 * 7 ngày/ tuần,Wifi Miễn Phí Thanh toán bằng thẻ,https://www.highlandscoffee.com.vn/vnt_upload/dealer/02_2018/thumbs/2000_crop_Highlands-Coffee-anh1.jpg,https://www.highlandscoffee.com.vn/vn/he-thong-cua-hang/672/x.html,Vĩnh Phúc
671,Highlands Coffee Khu đô thị HUD Sơn Tây,12 Lo KV 16B Hud Sơn Tây Khu Đô Thị Hud Sơn Tây P. Trung Hưng Thị xã Sơn Tây Hà Nội,024 56780097,7:00 – 23:00 * 7 ngày/ tuần,Wifi Miễn Phí Thanh toán bằng thẻ,https://www.highlandscoffee.com.vn/vnt_upload/dealer/02_2018/thumbs/2000_crop_Highlands-Coffee-anh1.jpg,https://www.highlandscoffee.com.vn/vn/he-thong-cua-hang/671/x.html,Hà Nội
670,Highlands Coffee 96 Định Công Hà Nội,"Tòa nhà 96A Định Công, Phương Liệt, Hoàng Mai, Hà Nội",024 56780080,7:00 – 23:00 * 7 ngày/ tuần,Wifi Miễn Phí Thanh toán bằng thẻ,https://www.highlandscoffee.com.vn/vnt_upload/dealer/02_2018/thumbs/2000_crop_Highlands-Coffee-anh1.jpg,https://www.highlandscoffee.com.vn/vn/he-thong-cua-hang/670/x.html,Hà Nội
673,Highlands Coffee Tân Thịnh Hòa Bình,"Tổ 1A, phường Tân Thịnh, Thành phố Hòa Bình, Tỉnh Hòa Bình",0218 7300939,7:00 – 23:00 * 7 ngày/ tuần,Wifi Miễn Phí Thanh toán bằng thẻ,https://www.highlandscoffee.com.vn/vnt_upload/dealer/02_2018/thumbs/2000_crop_Highlands-Coffee-anh1.jpg,https://www.highlandscoffee.com.vn/vn/he-thong-cua-hang/673/x.html,Hòa Bình
674,Highlands Coffee Khách sạn Vissai Ninh Bình,"848 Trần Hưng Đạo, phường Tân Thành, TP Ninh Bình, tỉnh Ninh Bình",0229 7300186,7:00 – 23:00 * 7 ngày/ tuần,Wifi Miễn Phí Thanh toán bằng thẻ,https://www.highlandscoffee.com.vn/vnt_upload/dealer/02_2018/thumbs/2000_crop_Highlands-Coffee-anh1.jpg,https://www.highlandscoffee.com.vn/vn/he-thong-cua-hang/674/x.html,Ninh Bình
675,Highlands Coffee Capital Place Hà Nội,"Kiosk CP.B1.Kiosk 07-08, Hầm B1, 29 Liễu Giai, Ba Đình, Hà Nội",024 56780096,7:00 – 23:00 * 7 ngày/ tuần,Wifi Miễn Phí Thanh toán bằng thẻ,https://www.highlandscoffee.com.vn/vnt_upload/dealer/02_2018/thumbs/2000_crop_Highlands-Coffee-anh1.jpg,https://www.highlandscoffee.com.vn/vn/he-thong-cua-hang/675/x.html,Hà Nội
676,Highlands Coffee Nguyễn Thị Minh Khai - Long Khánh,"1 Nguyễn thị Minh Khai, Xuân An, Long Khánh, Đồng Nai",0251 730 2425,7:00 – 23:00 * 7 ngày/ tuần,Wifi Miễn Phí Thanh toán bằng thẻ,https://www.highlandscoffee.com.vn/vnt_upload/dealer/02_2018/thumbs/2000_crop_Highlands-Coffee-anh1.jpg,https://www.highlandscoffee.com.vn/vn/he-thong-cua-hang/676/x.html,Đồng Nai
678,Highlands Coffee Nguyễn Tất Thành - Buôn Ma Thuột,"59-61-63 Nguyễn Tất Thành, Tân An, Buôn Ma Thuột, Đắk Lắk",0262 730 2425,7:00 – 23:00 * 7 ngày/ tuần,Wifi Miễn Phí Thanh toán bằng thẻ,https://www.highlandscoffee.com.vn/vnt_upload/dealer/02_2018/thumbs/2000_crop_Highlands-Coffee-anh1.jpg,https://www.highlandscoffee.com.vn/vn/he-thong-cua-hang/678/x.html,Đắk Lắk
679,Highlands Coffee Hung Vuong Quang Ngai,"02 Hùng Vương, Phường Nguyễn Nghiêm, TP.Quảng Ngãi, Tỉnh Quảng Ngãi",0255 730 2425,7:00 – 23:00 * 7 ngày/ tuần,Wifi Miễn Phí Thanh toán bằng thẻ,https://www.highlandscoffee.com.vn/vnt_upload/dealer/02_2018/thumbs/2000_crop_Highlands-Coffee-anh1.jpg,https://www.highlandscoffee.com.vn/vn/he-thong-cua-hang/679/x.html,Quảng Ngãi
680,Highlands Coffee Vạn Phúc City Thủ Đức,"54 Đường số 2, KĐT Vạ Phúc City 1, Phường Hiệp Bình Phước, TP. Thủ Đức, TP. HCM",028 7100 0054,7:00 – 23:00 * 7 ngày/ tuần,Wifi Miễn Phí Thanh toán bằng thẻ,https://www.highlandscoffee.com.vn/vnt_upload/dealer/02_2018/thumbs/2000_crop_Highlands-Coffee-anh1.jpg,https://www.highlandscoffee.com.vn/vn/he-thong-cua-hang/680/x.html,Bình Phước
677,Highlands Coffee 30 Tháng 4 - Vũng Tàu,"23D4 Đường 30.4, Phường 9, TP. Vũng Tàu, Tỉnh Bà Rịa - Vũng Tàu",0254 730 2425,7:00 – 23:00 * 7 ngày/ tuần,Wifi Miễn Phí Thanh toán bằng thẻ,https://www.highlandscoffee.com.vn/vnt_upload/dealer/02_2018/thumbs/2000_crop_Highlands-Coffee-anh1.jpg,https://www.highlandscoffee.com.vn/vn/he-thong-cua-hang/677/x.html,Bà Rịa - Vũng Tàu
681,Highlands Coffee Tan Son Nhat International Airport (Ga Quốc Tế),"IAG06B-1, Khu Sảnh Quốc Tế đến (cánh trái), Sân bay Quốc Tế Tân Sơn Nhất - 45 Trường Sơn, Phường 2, Tân Bình, TP.HCM",028 7102 0006,24 * 7 ngày/ tuần,Wifi Miễn Phí Thanh toán bằng thẻ,https://www.highlandscoffee.com.vn/vnt_upload/dealer/02_2018/thumbs/2000_crop_Highlands-Coffee-anh1.jpg,https://www.highlandscoffee.com.vn/vn/he-thong-cua-hang/681/x.html,Hồ Chí Minh
682,Highlands Coffee VinWonders Nha Trang,"Vinwonders Nha Trang, Hòn Tre, TP. Nha Trang, Khánh Hòa",0258 730 2425,8:00 – 20:00 * 7 ngày/ tuần,Wifi Miễn Phí Thanh toán bằng thẻ,https://www.highlandscoffee.com.vn/vnt_upload/dealer/02_2018/thumbs/2000_crop_Highlands-Coffee-anh1.jpg,https://www.highlandscoffee.com.vn/vn/he-thong-cua-hang/682/x.html,Khánh Hòa
683,Highlands Coffee No.1 Bình Chánh,"Số 73 Đường số 1, Bình Hưng, Huyện Bình Chánh, TP. Hồ Chí Minh",028 7100 0073,7:00 – 22:00 * 7 ngày/ tuần,Wifi Miễn Phí Thanh toán bằng thẻ,https://www.highlandscoffee.com.vn/vnt_upload/dealer/02_2018/thumbs/2000_crop_Highlands-Coffee-anh1.jpg,https://www.highlandscoffee.com.vn/vn/he-thong-cua-hang/683/x.html,Hồ Chí Minh
684,"Highlands Coffee Hùng Vương, Đồng Xoài","37 - 39 Đường Hùng Vương, Tp. Đồng Xoài, Tỉnh Bình Phước",0271 730 2425,7:00 – 22:00 * 7 ngày/ tuần,Wifi Miễn Phí Thanh toán bằng thẻ,https://www.highlandscoffee.com.vn/vnt_upload/dealer/02_2018/thumbs/2000_crop_Highlands-Coffee-anh1.jpg,https://www.highlandscoffee.com.vn/vn/he-thong-cua-hang/684/x.html,Bình Phước
685,Highlands Coffee 29 Thang 3 Da Nang,"170, Đường 29 Tháng 3, P. Hòa Xuân, P. Cẩm Lệ, TP Đà Nẵng",0236 730 2324,7:00 – 23:00 * 7 ngày/ tuần,Wifi Miễn Phí Thanh toán bằng thẻ,https://www.highlandscoffee.com.vn/vnt_upload/dealer/02_2018/thumbs/2000_crop_Highlands-Coffee-anh1.jpg,https://www.highlandscoffee.com.vn/vn/he-thong-cua-hang/685/x.html,Đà Nẵng
686,Highlands Coffee Nguyen Anh Thu D12-2,"699 Nguyễn Ảnh Thủ, Hiệp Thành, Quận 12, Tp. Hồ Chí Minh",028 7100 0699,7:00 – 23:00 * 7 ngày/ tuần,Wifi Miễn Phí Thanh toán bằng thẻ,https://www.highlandscoffee.com.vn/vnt_upload/dealer/02_2018/thumbs/2000_crop_Highlands-Coffee-anh1.jpg,https://www.highlandscoffee.com.vn/vn/he-thong-cua-hang/686/x.html,Hồ Chí Minh
687,Highlands Coffee To Ky 2 D12,"B55 Tô Ký, Đông Hưng Thuận, Quận 12, Tp. Hồ Chí Minh",028 7108 0055,7:00 – 23:00 * 7 ngày/ tuần,Wifi Miễn Phí Thanh toán bằng thẻ,https://www.highlandscoffee.com.vn/vnt_upload/dealer/02_2018/thumbs/2000_crop_Highlands-Coffee-anh1.jpg,https://www.highlandscoffee.com.vn/vn/he-thong-cua-hang/687/x.html,Hồ Chí Minh
689,Highlands Coffee 252 Quốc Lộ 55 - Xuyên Mộc,"252 Quốc lộ 55, Phước Bửu, Xuyên Mộc,Bà Rịa - Vũng Tàu",0254 730 2728,7:00 – 22:00 * 7 ngày/ tuần,Wifi Miễn Phí Thanh toán bằng thẻ,https://www.highlandscoffee.com.vn/vnt_upload/dealer/02_2018/thumbs/2000_crop_Highlands-Coffee-anh1.jpg,https://www.highlandscoffee.com.vn/vn/he-thong-cua-hang/689/x.html,Bà Rịa - Vũng Tàu
690,Highlands Coffee Sari Town Sala,"Shophouse 04-06 Saritown, Đường số 5, KĐT Sala, Phường An Lợi Đông, Tp. Thủ Đức, Tp. Hồ Chí Minh",028 7100 0246,7:00 – 23:00 * 7 ngày/ tuần,Wifi Miễn Phí Thanh toán bằng thẻ,https://www.highlandscoffee.com.vn/vnt_upload/dealer/02_2018/thumbs/2000_crop_Highlands-Coffee-anh1.jpg,https://www.highlandscoffee.com.vn/vn/he-thong-cua-hang/690/x.html,Hồ Chí Minh
691,Highlands Coffee Tôn Đức Thắng Rạch Giá,"47-50 Tôn Đức Thắng, Phường Vĩnh Bảo, Tp. Rạch Giá, Tỉnh Kiên Giang",0297 730 2324,7:00 – 23:00 * 7 ngày/ tuần,Wifi Miễn Phí Thanh toán bằng thẻ,https://www.highlandscoffee.com.vn/vnt_upload/dealer/02_2018/thumbs/2000_crop_Highlands-Coffee-anh1.jpg,https://www.highlandscoffee.com.vn/vn/he-thong-cua-hang/691/x.html,Kiên Giang
688,Highlands Coffee Pham Van Dong Ntrang,"Góc Phạm Văn Đồng - Tôn Thất Tùng, Vĩnh Thọ, Nha Trang, Khánh Hòa",0258 730 2526,7:00 – 23:00 * 7 ngày/ tuần,Wifi Miễn Phí Thanh toán bằng thẻ,https://www.highlandscoffee.com.vn/vnt_upload/dealer/02_2018/thumbs/2000_crop_Highlands-Coffee-anh1.jpg,https://www.highlandscoffee.com.vn/vn/he-thong-cua-hang/688/x.html,Khánh Hòa
692,Highlands Coffee Trần Văn Khéo - Cần Thơ,"66-68 Trần Văn Khéo, Phường Cái Khế, Quận Ninh Kiều, TP. Cần Thơ",0292 730 2324,7:00 – 23:00 * 7 ngày/ tuần,Wifi Miễn Phí Thanh toán bằng thẻ,https://www.highlandscoffee.com.vn/vnt_upload/dealer/02_2018/thumbs/2000_crop_Highlands-Coffee-anh1.jpg,https://www.highlandscoffee.com.vn/vn/he-thong-cua-hang/692/x.html,Cần Thơ
693,Highlands Coffee TTC Phan Thiết,"206 Lê Lợi, P. Hưng Long, Tp. Phan Thiết, Tỉnh Bình Thuận",0252 730 2526,7:00 – 23:00 * 7 ngày/ tuần,Wifi Miễn Phí Thanh toán bằng thẻ,https://www.highlandscoffee.com.vn/vnt_upload/dealer/02_2018/thumbs/2000_crop_Highlands-Coffee-anh1.jpg,https://www.highlandscoffee.com.vn/vn/he-thong-cua-hang/693/x.html,Bình Thuận
696,Highlands Coffee Cao Lỗ Đông Anh Hà Nội,"4RQW+VG Đông Anh, Hà Nội, Việt Nam",024 56780091,7:00 – 23:00 * 7 ngày/ tuần,Wifi Miễn Phí Thanh toán bằng thẻ,https://www.highlandscoffee.com.vn/vnt_upload/dealer/02_2018/thumbs/2000_crop_Highlands-Coffee-anh1.jpg,https://www.highlandscoffee.com.vn/vn/he-thong-cua-hang/696/x.html,Hà Nội
694,Highlands Coffee Intracom Đông Anh Hà Nội,"Tầng 1, Tòa Intracom Riverside Xã Vinh Ngọc Đông Anh Hà Nội",024 56780037,7:00 – 23:00 * 7 ngày/ tuần,Wifi Miễn Phí Thanh toán bằng thẻ,https://www.highlandscoffee.com.vn/vnt_upload/dealer/02_2018/thumbs/2000_crop_Highlands-Coffee-anh1.jpg,https://www.highlandscoffee.com.vn/vn/he-thong-cua-hang/694/x.html,Hà Nội
697,Highlands Coffee Trần Nguyên Hãn Hải Phòng,203 Trần Nguyễn Hãn quận Lê Chân TP. Hải Phòng,0225 7300298,7:00 – 23:00 * 7 ngày/ tuần,Wifi Miễn Phí Thanh toán bằng thẻ,https://www.highlandscoffee.com.vn/vnt_upload/dealer/02_2018/thumbs/2000_crop_Highlands-Coffee-anh1.jpg,https://www.highlandscoffee.com.vn/vn/he-thong-cua-hang/697/x.html,Hải Phòng
695,Highlands Coffee Nguyễn Thị Lưu Bắc Giang,"351 Nguyễn Thị Lưu, Ngô Quyền, Thành phố Bắc Giang, Bắc Giang",0204 7300590,7:00 – 23:00 * 7 ngày/ tuần,Wifi Miễn Phí Thanh toán bằng thẻ,https://www.highlandscoffee.com.vn/vnt_upload/dealer/02_2018/thumbs/2000_crop_Highlands-Coffee-anh1.jpg,https://www.highlandscoffee.com.vn/vn/he-thong-cua-hang/695/x.html,Bắc Giang
698,Highlands Coffee Đại Phúc Bình Chánh,"125 Đường Số 1, Lô 8, Khu 9A+B (9B8), Khu chức năng 9, Đô Thị Mới,Nam TP., Xã Bình Hưng, Huyện Bình Chánh",028 7108 0106,7:00 – 22:00 * 7 ngày/ tuần,Wifi Miễn Phí Thanh toán bằng thẻ,https://www.highlandscoffee.com.vn/vnt_upload/dealer/02_2018/thumbs/2000_crop_Highlands-Coffee-anh1.jpg,https://www.highlandscoffee.com.vn/vn/he-thong-cua-hang/698/x.html,Hồ Chí Minh
699,Highlands Coffee CV Sông Hậu - Cần Thơ,"09 Sông Hậu, Phường Cái Khế, Quận Ninh Kiều, TP. Cần Thơ",0292 730 2425,7:00 – 23:00 * 7 ngày/ tuần,Wifi Miễn Phí Thanh toán bằng thẻ,https://www.highlandscoffee.com.vn/vnt_upload/dealer/02_2018/thumbs/2000_crop_Highlands-Coffee-anh1.jpg,https://www.highlandscoffee.com.vn/vn/he-thong-cua-hang/699/x.html,Cần Thơ
700,Highlands Coffee Le Huan Hue,"27 Lê Huân, phường Thuận Hòa, Thành Phố Huế, Tỉnh Thừa Thiên Huế",0234 730 2526,7:00 – 23:00 * 7 ngày/ tuần,Wifi Miễn Phí Thanh toán bằng thẻ,https://www.highlandscoffee.com.vn/vnt_upload/dealer/02_2018/thumbs/2000_crop_Highlands-Coffee-anh1.jpg,https://www.highlandscoffee.com.vn/vn/he-thong-cua-hang/700/x.html,Thừa Thiên - Huế
701,Highlands Coffee Lê Văn Thọ - Gò Vấp,"432 Lê Văn Thọ, Phường 16, Quận Gò Vấp, TP. Hồ Chí Minh",028 7100 0432,7:00 – 23:00 * 7 ngày/ tuần,Wifi Miễn Phí Thanh toán bằng thẻ,https://www.highlandscoffee.com.vn/vnt_upload/dealer/02_2018/thumbs/2000_crop_Highlands-Coffee-anh1.jpg,https://www.highlandscoffee.com.vn/vn/he-thong-cua-hang/701/x.html,Hồ Chí Minh
702,Highlands Coffee Phan Huy Ích 2 - Tân Bình,"53 Phan Huy Ích, Phường 15, Quận Tân Bình, TP. Hồ Chí Minh",028 7100 0053,7:00 – 23:00 * 7 ngày/ tuần,Wifi Miễn Phí Thanh toán bằng thẻ,https://www.highlandscoffee.com.vn/vnt_upload/dealer/02_2018/thumbs/2000_crop_Highlands-Coffee-anh1.jpg,https://www.highlandscoffee.com.vn/vn/he-thong-cua-hang/702/x.html,Hồ Chí Minh
703,Highlands Coffee Crescent Mall,"GF-58B Crescent Mall, 101 Tôn Dật Tiên, Tân Phú, Quận 7, TP.HCM",028 7108 8101,7:00 – 22:00 * 7 ngày/ tuần,Wifi Miễn Phí Thanh toán bằng thẻ,https://www.highlandscoffee.com.vn/vnt_upload/dealer/02_2018/thumbs/2000_crop_Highlands-Coffee-anh1.jpg,https://www.highlandscoffee.com.vn/vn/he-thong-cua-hang/703/x.html,Hồ Chí Minh
704,Highlands Coffee D9 Tân Phú,"71 Đường D9, Phường Tây Thạnh, Quận Tân Phú, TP.HCM",028 710 20071,7:00 – 22:00 * 7 ngày/ tuần,Wifi Miễn Phí Thanh toán bằng thẻ,https://www.highlandscoffee.com.vn/vnt_upload/dealer/02_2018/thumbs/2000_crop_Highlands-Coffee-anh1.jpg,https://www.highlandscoffee.com.vn/vn/he-thong-cua-hang/704/x.html,Hồ Chí Minh
705,Highlands Coffee KĐT Thanh Hà Hà Nội,"WQHM+VJ, Thanh Oai, Hà Nội, Việt Nam (B2.1-HH03C, Khu đô thị Thanh Hà, Cự Khê, Thanh Oai, Hà Nội)",024 56780106,7:00 – 23:00 * 7 ngày/ tuần,Wifi Miễn Phí Thanh toán bằng thẻ,https://www.highlandscoffee.com.vn/vnt_upload/dealer/02_2018/thumbs/2000_crop_Highlands-Coffee-anh1.jpg,https://www.highlandscoffee.com.vn/vn/he-thong-cua-hang/705/x.html,Hà Nội
706,Highlands Coffee BH68 Vinhomes Ocean Park,"HD03-SP.BH-68 &amp; HD03-SP.BH-01 Block CCKO-03 (HD03-SP) TT. Trâu Quỳ, Gia Lâm, Hà Nội",024 56780178,7:00 – 23:00 * 7 ngày/ tuần,Wifi Miễn Phí Thanh toán bằng thẻ,https://www.highlandscoffee.com.vn/vnt_upload/dealer/02_2018/thumbs/2000_crop_Highlands-Coffee-anh1.jpg,https://www.highlandscoffee.com.vn/vn/he-thong-cua-hang/706/x.html,Hà Nội
707,Highlands Coffee Nguyễn Khánh Toàn Hà Nội,"02 Nguyễn Khánh Toàn, Quan Hoa, Cầu Giấy, Hà Nội",024 56780175,7:00 – 23:00 * 7 ngày/ tuần,Wifi Miễn Phí Thanh toán bằng thẻ,https://www.highlandscoffee.com.vn/vnt_upload/dealer/02_2018/thumbs/2000_crop_Highlands-Coffee-anh1.jpg,https://www.highlandscoffee.com.vn/vn/he-thong-cua-hang/707/x.html,Hà Nội
708,Highlands Coffee Lotte Mall West Lake HN,"272 đường Võ Chí Công, Tây Hồ, Hà Nội",024 56780076,7:00 – 23:00 * 7 ngày/ tuần,Wifi Miễn Phí Thanh toán bằng thẻ,https://www.highlandscoffee.com.vn/vnt_upload/dealer/02_2018/thumbs/2000_crop_Highlands-Coffee-anh1.jpg,https://www.highlandscoffee.com.vn/vn/he-thong-cua-hang/708/x.html,Hà Nội
709,Highlands Coffee Quang Trung Uông Bí QN,430 Quang Trung TP. Uông Bí Quảng Ninh,0203 7300335,7:00 – 23:00 * 7 ngày/ tuần,Wifi Miễn Phí Thanh toán bằng thẻ,https://www.highlandscoffee.com.vn/vnt_upload/dealer/02_2018/thumbs/2000_crop_Highlands-Coffee-anh1.jpg,https://www.highlandscoffee.com.vn/vn/he-thong-cua-hang/709/x.html,Quảng Ninh
710,Highlands Coffee N06B1 Thành Thái Hà Nội,"N06B1 Khu Đô thị mới Dịch Vọng, Dịch Vọng, Cầu Giấy Hà Nội",024 56780108,7:00 – 23:00 * 7 ngày/ tuần,Wifi Miễn Phí Thanh toán bằng thẻ,https://www.highlandscoffee.com.vn/vnt_upload/dealer/02_2018/thumbs/2000_crop_Highlands-Coffee-anh1.jpg,https://www.highlandscoffee.com.vn/vn/he-thong-cua-hang/710/x.html,Hà Nội
711,Highlands Coffee Hà Đô Centrosa,"J-1. TM.03-1, Tầng 1, lô Jasmine, Hà Đô Centrosa Garden, Số 200, Đường 3 Tháng 2, P. 12, Q. 10 TP.HCM",028 7108 0032,7:00 – 23:00 * 7 ngày/ tuần,Wifi Miễn Phí Thanh toán bằng thẻ,https://www.highlandscoffee.com.vn/vnt_upload/dealer/02_2018/thumbs/2000_crop_Highlands-Coffee-anh1.jpg,https://www.highlandscoffee.com.vn/vn/he-thong-cua-hang/711/x.html,Hồ Chí Minh
712,Highlands Coffee Hùng Vương D5,"153 Hùng Vương, Phường 4, Quận 5, TP.HCM",028 7100 0153,7:00 – 23:00 * 7 ngày/ tuần,Wifi Miễn Phí Thanh toán bằng thẻ,https://www.highlandscoffee.com.vn/vnt_upload/dealer/02_2018/thumbs/2000_crop_Highlands-Coffee-anh1.jpg,https://www.highlandscoffee.com.vn/vn/he-thong-cua-hang/712/x.html,Hồ Chí Minh
714,Highlands Coffee 107 Tran Phu BMT,"107-109 Trần Phú, Thành Công, Buôn Ma Thuột",0262 730 2526,7:00 – 23:00 * 7 ngày/ tuần,Wifi Miễn Phí Thanh toán bằng thẻ,https://www.highlandscoffee.com.vn/vnt_upload/dealer/02_2018/thumbs/2000_crop_Highlands-Coffee-anh1.jpg,https://www.highlandscoffee.com.vn/vn/he-thong-cua-hang/714/x.html,Đắk Lắk
713,Highlands Coffee Huỳnh Cương - Cần Thơ,"198–200 Huỳnh Cương, Phường An Cư, Quận Ninh Kiều, TP. Cần Thơ",0292 730 2627,7:00 – 23:00 * 7 ngày/ tuần,Wifi Miễn Phí Thanh toán bằng thẻ,https://www.highlandscoffee.com.vn/vnt_upload/dealer/02_2018/thumbs/2000_crop_Highlands-Coffee-anh1.jpg,https://www.highlandscoffee.com.vn/vn/he-thong-cua-hang/713/x.html,Cần Thơ
715,Highlands Coffee Nguyen An Ninh-VTA,"601 Nguyễn An Ninh, phường Nguyễn An Ninh, Tp. Vũng Tàu, Bà Rịa – Vũng Tàu",0254 730 2627,7:00 – 23:00 * 7 ngày/ tuần,Wifi Miễn Phí Thanh toán bằng thẻ,https://www.highlandscoffee.com.vn/vnt_upload/dealer/02_2018/thumbs/2000_crop_Highlands-Coffee-anh1.jpg,https://www.highlandscoffee.com.vn/vn/he-thong-cua-hang/715/x.html,Bà Rịa - Vũng Tàu
716,Highlands Coffee Le Duan Long Thanh 2,"70 Lê Duẩn, Long Thành, Đồng Nai",0251 730 2526,7:00 – 23:00 * 7 ngày/ tuần,Wifi Miễn Phí Thanh toán bằng thẻ,https://www.highlandscoffee.com.vn/vnt_upload/dealer/02_2018/thumbs/2000_crop_Highlands-Coffee-anh1.jpg,https://www.highlandscoffee.com.vn/vn/he-thong-cua-hang/716/x.html,Đồng Nai
717,Highlands Coffee Đồng Khởi Bến Tre,"Đại Lộ Đồng Khởi, Phường Phú Tân, Thành Phố Bến Tre, Tỉnh Bến Tre",0275 730 2425,7:00 – 23:00 * 7 ngày/ tuần,Wifi Miễn Phí Thanh toán bằng thẻ,https://www.highlandscoffee.com.vn/vnt_upload/dealer/02_2018/thumbs/2000_crop_Highlands-Coffee-anh1.jpg,https://www.highlandscoffee.com.vn/vn/he-thong-cua-hang/717/x.html,Bến Tre
718,Highlands Coffee Nguyễn Trung Trực - Rạch Giá,"332A &amp; 334 Nguyễn Trung Trực, Phường Vĩnh Lạc, TP. Rạch Giá, Tỉnh Kiên Giang",0297 730 2526,7:00 – 23:00 * 7 ngày/ tuần,Wifi Miễn Phí Thanh toán bằng thẻ,https://www.highlandscoffee.com.vn/vnt_upload/dealer/02_2018/thumbs/2000_crop_Highlands-Coffee-anh1.jpg,https://www.highlandscoffee.com.vn/vn/he-thong-cua-hang/718/x.html,Kiên Giang
719,Highlands Coffee 416 Phạm Văn Đồng - Bình Thạnh,"416 Phạm Văn Đồng, Phường 11, Quận Bình Thạnh, TP. HCM",028 7100 0416,7:00 – 23:00 * 7 ngày/ tuần,Wifi Miễn Phí Thanh toán bằng thẻ,https://www.highlandscoffee.com.vn/vnt_upload/dealer/02_2018/thumbs/2000_crop_Highlands-Coffee-anh1.jpg,https://www.highlandscoffee.com.vn/vn/he-thong-cua-hang/719/x.html,Hồ Chí Minh
720,Highlands Coffee Hòa Bình - Bạc Liêu,"Số 01A, Đường Hòa Bình, Khóm 6, Phường 1, TP. Bạc Liêu, Tỉnh Bạc Liêu",0291 730 2425,7:00 – 23:00 * 7 ngày/ tuần,Wifi Miễn Phí Thanh toán bằng thẻ,https://www.highlandscoffee.com.vn/vnt_upload/dealer/02_2018/thumbs/2000_crop_Highlands-Coffee-anh1.jpg,https://www.highlandscoffee.com.vn/vn/he-thong-cua-hang/720/x.html,Hòa Bình
721,Highlands Coffee 148 Nguyễn Chánh HN,"148 Nguyễn Chánh, Khu Đô Thị Nam Trung Yên, Cầu Giấy, Hà Nội",024 56780179,7:00 – 23:00 * 7 ngày/ tuần,Wifi Miễn Phí Thanh toán bằng thẻ,https://www.highlandscoffee.com.vn/vnt_upload/dealer/02_2018/thumbs/2000_crop_Highlands-Coffee-anh1.jpg,https://www.highlandscoffee.com.vn/vn/he-thong-cua-hang/721/x.html,Hà Nội
722,Highlands Coffee Go&#33; Mall Hải Phòng,"Go&#33; Hải Phòng, Lê Hồng Phong, phường Đằng Giang, quận Ngô Quyền, Hải Phòng",0225 7300395,8:00 – 22:00 * 7 ngày/ tuần,Wifi Miễn Phí Thanh toán bằng thẻ,https://www.highlandscoffee.com.vn/vnt_upload/dealer/02_2018/thumbs/2000_crop_Highlands-Coffee-anh1.jpg,https://www.highlandscoffee.com.vn/vn/he-thong-cua-hang/722/x.html,Hải Phòng
723,Highlands Coffee Ngoại Giao Đòan HN,"BT F03 Ngoại Giao Đoàn, phường Xuân Đỉnh, quận Bắc Từ Liêm, Hà Nội",024 56780176,7:00 – 23:00 * 7 ngày/ tuần,Wifi Miễn Phí Thanh toán bằng thẻ,https://www.highlandscoffee.com.vn/vnt_upload/dealer/02_2018/thumbs/2000_crop_Highlands-Coffee-anh1.jpg,https://www.highlandscoffee.com.vn/vn/he-thong-cua-hang/723/x.html,Hà Nội
724,Highlands Coffee 15 Khuất Duy Tiến HN,"15 Khuất Duy Tiến, Thanh Xuân Bắc, Thanh Xuân, Hà Nội",024 56780093,7:00 – 23:00 * 7 ngày/ tuần,Wifi Miễn Phí Thanh toán bằng thẻ,https://www.highlandscoffee.com.vn/vnt_upload/dealer/02_2018/thumbs/2000_crop_Highlands-Coffee-anh1.jpg,https://www.highlandscoffee.com.vn/vn/he-thong-cua-hang/724/x.html,Hà Nội
725,Highlands Coffee Nguyễn Đức Cảnh D7,"06 Nguyễn Đức Cảnh, Khu Mỹ Khánh 2-H4-2, Phường Tân Phong, Quận 7 Tp.HCM",028 7108 6006,7:00 – 22:00 * 7 ngày/ tuần,Wifi Miễn Phí Thanh toán bằng thẻ,https://www.highlandscoffee.com.vn/vnt_upload/dealer/02_2018/thumbs/2000_crop_Highlands-Coffee-anh1.jpg,https://www.highlandscoffee.com.vn/vn/he-thong-cua-hang/725/x.html,Hồ Chí Minh
727,Highlands Coffee Hùng Vương Tân An,"123 Hùng Vương, Phường 6, Tp. Tân An, Tỉnh Long An",0272 730 2425,7:00 – 22:00 * 7 ngày/ tuần,Wifi Miễn Phí Thanh toán bằng thẻ,https://www.highlandscoffee.com.vn/vnt_upload/dealer/02_2018/thumbs/2000_crop_Highlands-Coffee-anh1.jpg,https://www.highlandscoffee.com.vn/vn/he-thong-cua-hang/727/x.html,Long An
728,Highlands Coffee 30 Tháng 4 Tây Ninh,"30 Tháng 4, Phường 3, Tp. Tây Ninh, Tỉnh Tây Ninh",0276 730 2425,6:00 – 22:00 * 7 ngày/ tuần,Wifi Miễn Phí Thanh toán bằng thẻ,https://www.highlandscoffee.com.vn/vnt_upload/dealer/02_2018/thumbs/2000_crop_Highlands-Coffee-anh1.jpg,https://www.highlandscoffee.com.vn/vn/he-thong-cua-hang/728/x.html,Tây Ninh
726,Highlands Coffee E15-T1 Nội Bài,"Sảnh E, Tầng 1, Nhà ga T1 Nội Bài, xã Phú Minh, Huyền Sóc Sơn, Thành phố Hà Nội",02456780024,7:00 – 23:00 * 7 ngày/ tuần,Wifi Miễn Phí Thanh toán bằng thẻ,https://www.highlandscoffee.com.vn/vnt_upload/dealer/02_2018/thumbs/2000_crop_Highlands-Coffee-anh1.jpg,https://www.highlandscoffee.com.vn/vn/he-thong-cua-hang/726/x.html,Hà Nội
729,Highlands Coffee Nguyễn Văn Trỗi HCM,"88 Nguyễn Văn Trỗi, Phường 8, Quận Phú Nhuận, Tp.HCM",028 7107 9088,7:00 – 23:00 * 7 ngày/ tuần,Wifi Miễn Phí Thanh toán bằng thẻ,https://www.highlandscoffee.com.vn/vnt_upload/dealer/02_2018/thumbs/2000_crop_Highlands-Coffee-anh1.jpg,https://www.highlandscoffee.com.vn/vn/he-thong-cua-hang/729/x.html,Hồ Chí Minh
731,Highlands Coffee Đại học Phenikaa Hà Nội,"Đại học Phenikaa, Yen Nghĩa, Hà Đông, Hà Nội",024 56780171,7:00 – 23:00 * 7 ngày/ tuần,Wifi Miễn Phí Thanh toán bằng thẻ,https://www.highlandscoffee.com.vn/vnt_upload/dealer/02_2018/thumbs/2000_crop_Highlands-Coffee-anh1.jpg,https://www.highlandscoffee.com.vn/vn/he-thong-cua-hang/731/x.html,Quảng Trị
730,Highlands Coffee 01 Lê Duẩn Hà Nội,"01 Lê Duẩn, phường Điện Biên, quận Ba Đình, Hà Nội",024 56780170,7:00 – 23:00 * 7 ngày/ tuần,Wifi Miễn Phí Thanh toán bằng thẻ,https://www.highlandscoffee.com.vn/vnt_upload/dealer/02_2018/thumbs/2000_crop_Highlands-Coffee-anh1.jpg,https://www.highlandscoffee.com.vn/vn/he-thong-cua-hang/730/x.html,Điện Biên
732,Highlands Coffee Võ Văn Kiệt - Phan Thiêt,"67-69 Võ Văn Kiệt, Phú Thủy, TP. Phan Thiết, Bình Thuận",(0252) 730 0015,7:00 – 23:00 * 7 ngày/ tuần,Wifi Miễn Phí Thanh toán bằng thẻ,https://www.highlandscoffee.com.vn/vnt_upload/dealer/02_2018/thumbs/2000_crop_Highlands-Coffee-anh1.jpg,https://www.highlandscoffee.com.vn/vn/he-thong-cua-hang/732/x.html,Bình Thuận
733,Highlands Coffee Điện Biên Phủ - Trà Vinh,"414 Điện Biên Phủ, Phường 6, TP. Trà Vinh, Tỉnh Trà Vinh",(0294) 730 0122,7:00 – 23:00 * 7 ngày/ tuần,Wifi Miễn Phí Thanh toán bằng thẻ,https://www.highlandscoffee.com.vn/vnt_upload/dealer/02_2018/thumbs/2000_crop_Highlands-Coffee-anh1.jpg,https://www.highlandscoffee.com.vn/vn/he-thong-cua-hang/733/x.html,Điện Biên
734,Highlands Coffee Vincom Lê Văn Việt,"Tầng L1, Vincom Plaza Lê Văn Việt, 50 Lê Văn Việt, Phường Hiệp Phú, Quận 9, Tp. Hồ Chí Minh",(028) 3730 5888,7:00 – 22:00 * 7 ngày/ tuần,Wifi Miễn Phí Thanh toán bằng thẻ,https://www.highlandscoffee.com.vn/vnt_upload/dealer/02_2018/thumbs/2000_crop_Highlands-Coffee-anh1.jpg,https://www.highlandscoffee.com.vn/vn/he-thong-cua-hang/734/x.html,Hồ Chí Minh
735,Highlands Coffee 396 Nguyen Ai Quoc,"396 Nguyễn Ái Quốc, Hố Nai, Tp. Biên Hòa, tỉnh Đồng Nai",0251 730 0005,7:00 – 23:00 * 7 ngày/ tuần,Wifi Miễn Phí Thanh toán bằng thẻ,https://www.highlandscoffee.com.vn/vnt_upload/dealer/02_2018/thumbs/2000_crop_Highlands-Coffee-anh1.jpg,https://www.highlandscoffee.com.vn/vn/he-thong-cua-hang/735/x.html,Đồng Nai
736,Highlands Coffee Eco Green D7,"HR2SH, Block HR2, Eco Green Saigon - 107 Nguyễn Văn Linh, Tân Thuận Tây, Quận 7, HCMC",028 7100 0107,7:00 – 22:00 * 7 ngày/ tuần,Wifi Miễn Phí Thanh toán bằng thẻ,https://www.highlandscoffee.com.vn/vnt_upload/dealer/02_2018/thumbs/2000_crop_Highlands-Coffee-anh1.jpg,https://www.highlandscoffee.com.vn/vn/he-thong-cua-hang/736/x.html,Hồ Chí Minh
737,Highlands Coffee 30 thang 4 Vung Tau 2,"551 đường 30/4, Rạch Dừa, Tp. Vũng Tàu, tỉnh Bà Rịa – Vũng Tàu",0254 7300 177,7:00 – 23:00 * 7 ngày/ tuần,Wifi Miễn Phí Thanh toán bằng thẻ,https://www.highlandscoffee.com.vn/vnt_upload/dealer/02_2018/thumbs/2000_crop_Highlands-Coffee-anh1.jpg,https://www.highlandscoffee.com.vn/vn/he-thong-cua-hang/737/x.html,Bà Rịa - Vũng Tàu
739,Highlands Coffee Hoang Van Thu Pleiku,"102-104 Hoàng Văn Thụ &amp; 71/11 Hùng Vương, Phường Diên Hồng, Thành phố Pleiku, tỉnh Gia Lai",0269 730 0177,7:00 – 23:00 * 7 ngày/ tuần,Wifi Miễn Phí Thanh toán bằng thẻ,https://www.highlandscoffee.com.vn/vnt_upload/dealer/02_2018/thumbs/2000_crop_Highlands-Coffee-anh1.jpg,https://www.highlandscoffee.com.vn/vn/he-thong-cua-hang/739/x.html,Gia Lai
738,Highlands Coffee 16 Thang 4 Phan Rang,"58, 16 tháng 4, Tấn Tài, Phan Rang – Tháp Chàm, Ninh Thuận",0259 730 0002,7:00 – 23:00 * 7 ngày/ tuần,Wifi Miễn Phí Thanh toán bằng thẻ,https://www.highlandscoffee.com.vn/vnt_upload/dealer/02_2018/thumbs/2000_crop_Highlands-Coffee-anh1.jpg,https://www.highlandscoffee.com.vn/vn/he-thong-cua-hang/738/x.html,Ninh Thuận
741,Highlands Coffee Trường Sa HCM,"964 Trường Sa, P.13, Q.3, TP.HCM",028 7100 0964,7:00 – 23:00 * 7 ngày/ tuần,Wifi Miễn Phí Thanh toán bằng thẻ,https://www.highlandscoffee.com.vn/vnt_upload/dealer/02_2018/thumbs/2000_crop_Highlands-Coffee-anh1.jpg,https://www.highlandscoffee.com.vn/vn/he-thong-cua-hang/741/x.html,Hồ Chí Minh
743,Highlands Coffee Nowzone HCM,"Gian hang 125, Tăng tret, TTTM Nowzone, 235 Nguyễn Văn Cừ, P. Nguyễn Cư Trinh, Q.1, TP.HCM",028 7100 0235,7:00 – 23:00 * 7 ngày/ tuần,Wifi Miễn Phí Thanh toán bằng thẻ,https://www.highlandscoffee.com.vn/vnt_upload/dealer/02_2018/thumbs/2000_crop_Highlands-Coffee-anh1.jpg,https://www.highlandscoffee.com.vn/vn/he-thong-cua-hang/743/x.html,Hồ Chí Minh
740,Highlands Coffee Chung Cư Vĩnh Hội,"2 Đường Vĩnh Hội, Phường 4, Quận 4, TP.HCM",028 7108 0002,7:00 – 23:00 * 7 ngày/ tuần,Wifi Miễn Phí Thanh toán bằng thẻ,https://www.highlandscoffee.com.vn/vnt_upload/dealer/02_2018/thumbs/2000_crop_Highlands-Coffee-anh1.jpg,https://www.highlandscoffee.com.vn/vn/he-thong-cua-hang/740/x.html,Hồ Chí Minh
744,Highlands Coffee Akari City Binh Tan,"Tầng Trệt, Block Flora, Khu đô thị Akari city, 77 Võ Văn Kiệt, Phường An Lạc, Bình Tân, Tp. Hồ Chí Minh",028 7109 2015,7:00 – 23:00 * 7 ngày/ tuần,Wifi Miễn Phí Thanh toán bằng thẻ,https://www.highlandscoffee.com.vn/vnt_upload/dealer/02_2018/thumbs/2000_crop_Highlands-Coffee-anh1.jpg,https://www.highlandscoffee.com.vn/vn/he-thong-cua-hang/744/x.html,Hồ Chí Minh
742,Highlands Coffee 312 Điện Biên Phủ HCM,"312 Điện Biên Phủ, Phường 17, Quận Bình Thạnh, TP.HCM",028 7108 0312,7:00 – 23:00 * 7 ngày/ tuần,Wifi Miễn Phí Thanh toán bằng thẻ,https://www.highlandscoffee.com.vn/vnt_upload/dealer/02_2018/thumbs/2000_crop_Highlands-Coffee-anh1.jpg,https://www.highlandscoffee.com.vn/vn/he-thong-cua-hang/742/x.html,Hồ Chí Minh
745,Highlands Coffee Golden King D7,"15 Nguyễn Lương Bằng, Phường Tân Phú, Quận 7, Tp. Hồ Chí Minh",028 7102 2015,7:00 – 22:00 * 7 ngày/ tuần,Wifi Miễn Phí Thanh toán bằng thẻ,https://www.highlandscoffee.com.vn/vnt_upload/dealer/02_2018/thumbs/2000_crop_Highlands-Coffee-anh1.jpg,https://www.highlandscoffee.com.vn/vn/he-thong-cua-hang/745/x.html,Hồ Chí Minh
747,Highlands Coffee 101 Xuân La HN,"101 Xuân La, p Xuân La, quận Tây Hồ Hà Nội",024 56780127,7:00 – 23:00 * 7 ngày/ tuần,Wifi Miễn Phí Thanh toán bằng thẻ,https://www.highlandscoffee.com.vn/vnt_upload/dealer/02_2018/thumbs/2000_crop_Highlands-Coffee-anh1.jpg,https://www.highlandscoffee.com.vn/vn/he-thong-cua-hang/747/x.html,Hà Nội
749,Highlands Coffee Hà Huy Tập HN,"455 Hà Huy Tập, Yên Viên, Gia Lâm, Hà Nội",024 56780172,7:00 – 23:00 * 7 ngày/ tuần,Wifi Miễn Phí Thanh toán bằng thẻ,https://www.highlandscoffee.com.vn/vnt_upload/dealer/02_2018/thumbs/2000_crop_Highlands-Coffee-anh1.jpg,https://www.highlandscoffee.com.vn/vn/he-thong-cua-hang/749/x.html,Hà Nội
750,Highlands Coffee Thanh Niên Hải Dương,"Lô 2 khu Tây, số 48 đường Thanh Niên, Phường Quang Trung, TP Hải Dương, Hải Dương",0220 7300134,7:00 – 23:00 * 7 ngày/ tuần,Wifi Miễn Phí Thanh toán bằng thẻ,https://www.highlandscoffee.com.vn/vnt_upload/dealer/02_2018/thumbs/2000_crop_Highlands-Coffee-anh1.jpg,https://www.highlandscoffee.com.vn/vn/he-thong-cua-hang/750/x.html,Hải Dương
748,Highlands Coffee 42 Võ Thị Sáu HN,"42 Võ Thị Sáu, Phường Thanh Nhàn, Quận Hai Bà Trưng, Thành phố Hà Nội",024 56780129,7:00 – 23:00 * 7 ngày/ tuần,Wifi Miễn Phí Thanh toán bằng thẻ,https://www.highlandscoffee.com.vn/vnt_upload/dealer/02_2018/thumbs/2000_crop_Highlands-Coffee-anh1.jpg,https://www.highlandscoffee.com.vn/vn/he-thong-cua-hang/748/x.html,Hà Nội
746,Highlands Coffee Phan Chu Trinh Hoi An,"78A Phan Chu Trinh, Phường Minh An, Thành phố Hội An, Tỉnh Quảng Nam",02357300225,7:00 – 13:00 * 7 ngày/ tuần,Wifi Miễn Phí Thanh toán bằng thẻ,https://www.highlandscoffee.com.vn/vnt_upload/dealer/02_2018/thumbs/2000_crop_Highlands-Coffee-anh1.jpg,https://www.highlandscoffee.com.vn/vn/he-thong-cua-hang/746/x.html,Quảng Nam
751,Highlands Coffee 213 Trích Sài HN,213 Trích Sài P. Bưởi Q. Tây Hồ Hà Nội,024 56780190,7:00 – 23:00 * 7 ngày/ tuần,Wifi Miễn Phí Thanh toán bằng thẻ,https://www.highlandscoffee.com.vn/vnt_upload/dealer/02_2018/thumbs/2000_crop_Highlands-Coffee-anh1.jpg,https://www.highlandscoffee.com.vn/vn/he-thong-cua-hang/751/x.html,Hà Nội
753,Highlands Coffee Đặng Thúc Vịnh - Hóc Môn,"84/1 &amp; 85/1A, Đặng Thúc Vịnh, Thới Tam Thôn, Hóc Môn, TP.HCM",028 7108 0084,7:00 – 23:00 * 7 ngày/ tuần,Wifi Miễn Phí Thanh toán bằng thẻ,https://www.highlandscoffee.com.vn/vnt_upload/dealer/02_2018/thumbs/2000_crop_Highlands-Coffee-anh1.jpg,https://www.highlandscoffee.com.vn/vn/he-thong-cua-hang/753/x.html,Hồ Chí Minh
752,Highlands Coffee Quốc lộ 20 - Đức Trọng,"386 - 388 Quốc Lộ 20, Liên Nghĩa, Đức Trọng, Lâm Đồng",0263 730 1315,7:00 – 23:00 * 7 ngày/ tuần,Wifi Miễn Phí Thanh toán bằng thẻ,https://www.highlandscoffee.com.vn/vnt_upload/dealer/02_2018/thumbs/2000_crop_Highlands-Coffee-anh1.jpg,https://www.highlandscoffee.com.vn/vn/he-thong-cua-hang/752/x.html,Lâm Đồng
754,Highlands Coffee Hiệp Bình - Thủ Đức,"42 Hiệp Bình, Hiệp Bình Phước, TP. Thủ Đức, TP.HCM",028 7108 0042,7:00 – 23:00 * 7 ngày/ tuần,Wifi Miễn Phí Thanh toán bằng thẻ,https://www.highlandscoffee.com.vn/vnt_upload/dealer/02_2018/thumbs/2000_crop_Highlands-Coffee-anh1.jpg,https://www.highlandscoffee.com.vn/vn/he-thong-cua-hang/754/x.html,Bình Phước
755,Highlands Coffee 359 Kinh Dương Vương - Bình Tân,"539 Kinh Dương Vương, An Lạc, Bình Tân, TP.HCM",028 7108 8539,7:00 – 23:00 * 7 ngày/ tuần,Wifi Miễn Phí Thanh toán bằng thẻ,https://www.highlandscoffee.com.vn/vnt_upload/dealer/02_2018/thumbs/2000_crop_Highlands-Coffee-anh1.jpg,https://www.highlandscoffee.com.vn/vn/he-thong-cua-hang/755/x.html,Hồ Chí Minh
756,Highlands Coffee 3 Tháng 2 - Rạch Giá,"L14 Lô 5, Ba Tháng Hai., An Hòa, Rạch Giá, Kiên Giang",0297 730 0032,7:00 – 23:00 * 7 ngày/ tuần,Wifi Miễn Phí Thanh toán bằng thẻ,https://www.highlandscoffee.com.vn/vnt_upload/dealer/02_2018/thumbs/2000_crop_Highlands-Coffee-anh1.jpg,https://www.highlandscoffee.com.vn/vn/he-thong-cua-hang/756/x.html,Kiên Giang
757,Highlands Coffee Lý Thái Tổ - Long Xuyên,"483-485 Lý Thái Tổ, Mỹ Phước, Long Xuyên, An Giang",0296 730 0032,7:00 – 23:00 * 7 ngày/ tuần,Wifi Miễn Phí Thanh toán bằng thẻ,https://www.highlandscoffee.com.vn/vnt_upload/dealer/02_2018/thumbs/2000_crop_Highlands-Coffee-anh1.jpg,https://www.highlandscoffee.com.vn/vn/he-thong-cua-hang/757/x.html,An Giang
759,Highlands Coffee VTV Hue,"02 Lý Thường Kiệt, phường Phú Nhuận, thành phố Huế",023 47300277,6:30 – 22:30 * 7 ngày/ tuần,Wifi Miễn Phí Thanh toán bằng thẻ,https://www.highlandscoffee.com.vn/vnt_upload/dealer/02_2018/thumbs/2000_crop_Highlands-Coffee-anh1.jpg,https://www.highlandscoffee.com.vn/vn/he-thong-cua-hang/759/x.html,Hồ Chí Minh
758,Highlands Coffee 30 Tháng 4 Thủ Dầu Một,"110A 30 Tháng 4, Phường Phú Hòa, Thành phố Thủ Dầu Một, tỉnh Bình Dương",0274 7300045,7:00 – 23:00 * 7 ngày/ tuần,Wifi Miễn Phí Thanh toán bằng thẻ,https://www.highlandscoffee.com.vn/vnt_upload/dealer/02_2018/thumbs/2000_crop_Highlands-Coffee-anh1.jpg,https://www.highlandscoffee.com.vn/vn/he-thong-cua-hang/758/x.html,Bình Dương
760,Highlands Coffee Lý Thường Kiệt Đồng Xoài,"173 Lý Thường Kiệt, P. Tân Phú, TP. Đồng Xoài, Tỉnh Bình Phước",027 17300377,7:00 – 22:00 * 7 ngày/ tuần,Wifi Miễn Phí Thanh toán bằng thẻ,https://www.highlandscoffee.com.vn/vnt_upload/dealer/02_2018/thumbs/2000_crop_Highlands-Coffee-anh1.jpg,https://www.highlandscoffee.com.vn/vn/he-thong-cua-hang/760/x.html,Bình Phước
761,Highlands Coffee QL3 Sóc Sơn HN,"7V62+X8Q Sóc Sơn, Hà Nội",024 56780191,7:00 – 23:00 * 7 ngày/ tuần,Wifi Miễn Phí Thanh toán bằng thẻ,https://www.highlandscoffee.com.vn/vnt_upload/dealer/02_2018/thumbs/2000_crop_Highlands-Coffee-anh1.jpg,https://www.highlandscoffee.com.vn/vn/he-thong-cua-hang/761/x.html,Hà Nội
762,Highlands Coffee Chùa Chuông Hưng Yên,"M334+RR Hưng Yên, Hung Yen, Vietnam",0221 7300113,7:00 – 23:00 * 7 ngày/ tuần,Wifi Miễn Phí Thanh toán bằng thẻ,https://www.highlandscoffee.com.vn/vnt_upload/dealer/02_2018/thumbs/2000_crop_Highlands-Coffee-anh1.jpg,https://www.highlandscoffee.com.vn/vn/he-thong-cua-hang/762/x.html,Hưng Yên
763,Highlands Coffee Imperia Minh Khai HN,"XVX8+7HX Hai Bà Trưng, Hà Nội",024 56780192,7:00 – 23:00 * 7 ngày/ tuần,Wifi Miễn Phí Thanh toán bằng thẻ,https://www.highlandscoffee.com.vn/vnt_upload/dealer/02_2018/thumbs/2000_crop_Highlands-Coffee-anh1.jpg,https://www.highlandscoffee.com.vn/vn/he-thong-cua-hang/763/x.html,Hà Nội
764,Highlands Coffee  Mipec Hà Đông HN,"Tòa CT2A (M2) khu nhà ở Mipec City View, Kiến Hưng, Hà Đông, Hà Nội",024 56780174,7:00 – 23:00 * 7 ngày/ tuần,Wifi Miễn Phí Thanh toán bằng thẻ,https://www.highlandscoffee.com.vn/vnt_upload/dealer/02_2018/thumbs/2000_crop_Highlands-Coffee-anh1.jpg,https://www.highlandscoffee.com.vn/vn/he-thong-cua-hang/764/x.html,Quảng Trị
765,Highlands Coffee Trần Phú Vinh,"Số 01 Trần Phú, Lê Mao, TP Vinh, Nghệ An",0238 7300145,7:00 – 23:00 * 7 ngày/ tuần,Wifi Miễn Phí Thanh toán bằng thẻ,https://www.highlandscoffee.com.vn/vnt_upload/dealer/02_2018/thumbs/2000_crop_Highlands-Coffee-anh1.jpg,https://www.highlandscoffee.com.vn/vn/he-thong-cua-hang/765/x.html,Nghệ An
766,Highlands Coffee Nam An Khánh HN,"2P3J+RQ8 Hoài Đức, Hà Nội, Việt Nam",024 56780184,7:00 – 23:00 * 7 ngày/ tuần,Wifi Miễn Phí Thanh toán bằng thẻ,https://www.highlandscoffee.com.vn/vnt_upload/dealer/02_2018/thumbs/2000_crop_Highlands-Coffee-anh1.jpg,https://www.highlandscoffee.com.vn/vn/he-thong-cua-hang/766/x.html,Hà Nội
767,Highlands Coffee 160 Lê Văn Việt - Thủ Đức,"160 Lê Văn Việt, Tăng Nhơn Phú B, Tp. Thủ Đức, TP.HCM",028 7108 0160,7:00 – 23:00 * 7 ngày/ tuần,Wifi Miễn Phí Thanh toán bằng thẻ,https://www.highlandscoffee.com.vn/vnt_upload/dealer/02_2018/thumbs/2000_crop_Highlands-Coffee-anh1.jpg,https://www.highlandscoffee.com.vn/vn/he-thong-cua-hang/767/x.html,Hồ Chí Minh
768,Highlands Coffee Phu Rieng Do DXoai,"1050 Phú Riềng Đỏ, Phường Tân Bình, Tp. Đồng Xoài, Bình Phước",0271 730 0059,7:00 – 23:00 * 7 ngày/ tuần,Wifi Miễn Phí Thanh toán bằng thẻ,https://www.highlandscoffee.com.vn/vnt_upload/dealer/02_2018/thumbs/2000_crop_Highlands-Coffee-anh1.jpg,https://www.highlandscoffee.com.vn/vn/he-thong-cua-hang/768/x.html,Bình Phước
769,Highlands Coffee 22 thang 12 Thuan An,"01-02 CT01A, Khu đô thị Vietsing Residence, Đường 22 Tháng 12, Thuận An, Bình Dương",0274 730 0049,7:00 – 23:00 * 7 ngày/ tuần,Wifi Miễn Phí Thanh toán bằng thẻ,https://www.highlandscoffee.com.vn/vnt_upload/dealer/02_2018/thumbs/2000_crop_Highlands-Coffee-anh1.jpg,https://www.highlandscoffee.com.vn/vn/he-thong-cua-hang/769/x.html,Bình Dương
770,Highlands Coffee Thống Nhất - Nha Trang,"24 Thống Nhất, Phường Vạn Thạnh, TP. Nha Trang, Tỉnh Khánh Hòa",0258 730 0024,7:00 – 23:00 * 7 ngày/ tuần,Wifi Miễn Phí Thanh toán bằng thẻ,https://www.highlandscoffee.com.vn/vnt_upload/dealer/02_2018/thumbs/2000_crop_Highlands-Coffee-anh1.jpg,https://www.highlandscoffee.com.vn/vn/he-thong-cua-hang/770/x.html,Khánh Hòa
771,Highlands Coffee 24 Hạ Long - Vũng Tàu,"24 Hạ Long, Phường 2, TP. Vũng Tàu, Tỉnh Bà Rịa - Vũng Tàu",0254 730 0049,7:00 – 23:00 * 7 ngày/ tuần,Wifi Miễn Phí Thanh toán bằng thẻ,https://www.highlandscoffee.com.vn/vnt_upload/dealer/02_2018/thumbs/2000_crop_Highlands-Coffee-anh1.jpg,https://www.highlandscoffee.com.vn/vn/he-thong-cua-hang/771/x.html,Bà Rịa - Vũng Tàu
772,Highlands Coffee 43 Phan Dang Luu,"43 Phan Đăng Lưu, Phường 3, Bình Thạnh, Tp. Hồ Chí Minh",028 7108 0043,7:00 – 23:00 * 7 ngày/ tuần,Wifi Miễn Phí Thanh toán bằng thẻ,https://www.highlandscoffee.com.vn/vnt_upload/dealer/02_2018/thumbs/2000_crop_Highlands-Coffee-anh1.jpg,https://www.highlandscoffee.com.vn/vn/he-thong-cua-hang/772/x.html,Hồ Chí Minh
773,Highlands Coffee Kenh Tan Hoa Tan Phu,"82-84 Kênh Tân Hóa, Phường Phú Trung, Tân Phú, Tp. Hồ Chí Minh",028 7108 0082,7:00 – 23:00 * 7 ngày/ tuần,Wifi Miễn Phí Thanh toán bằng thẻ,https://www.highlandscoffee.com.vn/vnt_upload/dealer/02_2018/thumbs/2000_crop_Highlands-Coffee-anh1.jpg,https://www.highlandscoffee.com.vn/vn/he-thong-cua-hang/773/x.html,Hồ Chí Minh
774,Highlands Coffee 97 Ung Van Khiem,"97 Ung Văn Khiêm, Phường 25, Quận Bình Thạnh, Tp. Hồ Chí Minh",028 7108 0097,7:00 – 23:00 * 7 ngày/ tuần,Wifi Miễn Phí Thanh toán bằng thẻ,https://www.highlandscoffee.com.vn/vnt_upload/dealer/02_2018/thumbs/2000_crop_Highlands-Coffee-anh1.jpg,https://www.highlandscoffee.com.vn/vn/he-thong-cua-hang/774/x.html,Hồ Chí Minh
777,Highlands Coffee Dai Hoc Dai Nam HN,"Đại học Đại Nam, số 01 Phố Xốm, Phú Lãm, Hà Đông, Hà Nội",024 56780200,7:00 – 19:00 * 7 ngày/ tuần,Wifi Miễn Phí Thanh toán bằng thẻ,https://www.highlandscoffee.com.vn/vnt_upload/dealer/02_2018/thumbs/2000_crop_Highlands-Coffee-anh1.jpg,https://www.highlandscoffee.com.vn/vn/he-thong-cua-hang/777/x.html,Quảng Trị
776,Highlands Coffee Trương Quang Giao - Quảng Ngãi,"71 Trương Quang Giao, Phường Nghĩa Chánh, Thành Phố Quảng Ngãi",0255 730 0009,7:00 – 23:00 * 7 ngày/ tuần,Wifi Miễn Phí Thanh toán bằng thẻ,https://www.highlandscoffee.com.vn/vnt_upload/dealer/02_2018/thumbs/2000_crop_Highlands-Coffee-anh1.jpg,https://www.highlandscoffee.com.vn/vn/he-thong-cua-hang/776/x.html,Quảng Ngãi
775,Highlands Coffee Kinh Duong Vuong D6,"36 Kinh Dương Vương, Phường 13, Quận 6, Tp. Hồ Chí Minh",028 7108 8036,7:00 – 23:00 * 7 ngày/ tuần,Wifi Miễn Phí Thanh toán bằng thẻ,https://www.highlandscoffee.com.vn/vnt_upload/dealer/02_2018/thumbs/2000_crop_Highlands-Coffee-anh1.jpg,https://www.highlandscoffee.com.vn/vn/he-thong-cua-hang/775/x.html,Hồ Chí Minh
778,Highlands Coffee Hoang Huy Hai Phong,"Gian hàng 1-1, 1-2, Tầng 1, Tòa nhà Hoàng Huy Commerce, Phường Kênh Dương và Phường Vĩnh Niệm, Quận Lê Chân, TP Hải Phòng",0225 7300426,7:00 – 23:00 * 7 ngày/ tuần,Wifi Miễn Phí Thanh toán bằng thẻ,https://www.highlandscoffee.com.vn/vnt_upload/dealer/02_2018/thumbs/2000_crop_Highlands-Coffee-anh1.jpg,https://www.highlandscoffee.com.vn/vn/he-thong-cua-hang/778/x.html,Hải Phòng
780,Highlands Coffee BT6 Luu Khanh Dam HN,"Số A7-BT06 Khu đô thị mới Việt Hưng, P.Việt Hưng, Q. Long Biên, Hà Nội",024 56780207,7:00 – 23:00 * 7 ngày/ tuần,Wifi Miễn Phí Thanh toán bằng thẻ,https://www.highlandscoffee.com.vn/vnt_upload/dealer/02_2018/thumbs/2000_crop_Highlands-Coffee-anh1.jpg,https://www.highlandscoffee.com.vn/vn/he-thong-cua-hang/780/x.html,Hà Nội
781,Highlands Coffee Vin University HN,"Thư viện trường Đại học Vin, Khu đô thị Vinhomes Ocean Park, TT Trâu Quỳ, Gia Lâm, Hà Nội",024 56780208,8:00 – 17:30 * 7 ngày/ tuần,Wifi Miễn Phí Thanh toán bằng thẻ,https://www.highlandscoffee.com.vn/vnt_upload/dealer/02_2018/thumbs/2000_crop_Highlands-Coffee-anh1.jpg,https://www.highlandscoffee.com.vn/vn/he-thong-cua-hang/781/x.html,Hà Nội
779,Highlands Coffee Ecopark 3 Hung Yen,"TT-PT3A.01 Sol Forest, Khu đô thị Văn Giang, Xuân Quan, Văn Giang, Hưng Yên",0221 7300105,7:00 – 23:00 * 7 ngày/ tuần,Wifi Miễn Phí Thanh toán bằng thẻ,https://www.highlandscoffee.com.vn/vnt_upload/dealer/02_2018/thumbs/2000_crop_Highlands-Coffee-anh1.jpg,https://www.highlandscoffee.com.vn/vn/he-thong-cua-hang/779/x.html,Hưng Yên
782,Highlands Coffee 36 Duy Tan HN,"36 Duy Tân, Dịch Vọng Hậu, Cầu Giấy, Hà Nội",024 56780209,7:00 – 23:00 * 7 ngày/ tuần,Wifi Miễn Phí Thanh toán bằng thẻ,https://www.highlandscoffee.com.vn/vnt_upload/dealer/02_2018/thumbs/2000_crop_Highlands-Coffee-anh1.jpg,https://www.highlandscoffee.com.vn/vn/he-thong-cua-hang/782/x.html,Hà Nội
783,Highlands Coffee DLSH VH Ocean Park,"Shophouse Đại Lộ Bốn Mùa, The Venice, Mega Grand World, Nghĩa Trụ, Văn Lâm, Hưng Yên",0221 7300225,7:00 – 23:00 * 7 ngày/ tuần,Wifi Miễn Phí Thanh toán bằng thẻ,https://www.highlandscoffee.com.vn/vnt_upload/dealer/02_2018/thumbs/2000_crop_Highlands-Coffee-anh1.jpg,https://www.highlandscoffee.com.vn/vn/he-thong-cua-hang/783/x.html,Hưng Yên
784,Highlands Coffee Water Front HP,"137_LK05 Khu đô thị ven sông Lạy Tray, Vĩnh Niệm, Lê Chân, Hải Phòng.",0225 7309967,7:00 – 23:00 * 7 ngày/ tuần,Wifi Miễn Phí Thanh toán bằng thẻ,https://www.highlandscoffee.com.vn/vnt_upload/dealer/02_2018/thumbs/2000_crop_Highlands-Coffee-anh1.jpg,https://www.highlandscoffee.com.vn/vn/he-thong-cua-hang/784/x.html,Hải Phòng
786,Highlands Coffee Bamboo Airways - Phú Nhuận,"130 - 132 Hồng Hà, Phường 9, Quận Phú Nhuận, Tp. Hồ Chí Minh",028 7108 0130,7:00 – 23:00 * 7 ngày/ tuần,Thanh toán bằng thẻ,https://www.highlandscoffee.com.vn/vnt_upload/dealer/02_2018/thumbs/2000_crop_Highlands-Coffee-anh1.jpg,https://www.highlandscoffee.com.vn/vn/he-thong-cua-hang/786/x.html,Hồ Chí Minh
785,Highlands Coffee Kiosk VJET G24 - Tân Sơn Nhất Airport,"Khu vực cách ly Quốc nội, Ga đi Gate 22-25, Sân bay Quốc Tế Tân Sơn Nhất - 45 Trường Sơn, Phường 2, Quận Tân Bình, TP. Hồ Chí Minh",028 7106 8032,24 * 7 ngày/ tuần,Wifi Miễn Phí Thanh toán bằng thẻ,https://www.highlandscoffee.com.vn/vnt_upload/dealer/02_2018/thumbs/2000_crop_Highlands-Coffee-anh1.jpg,https://www.highlandscoffee.com.vn/vn/he-thong-cua-hang/785/x.html,Hồ Chí Minh
789,Highlands Coffee 1800 Nguyen Anh Thu,"1800 Nguyễn Ảnh Thủ, Bà Điểm, Hóc Môn, Tp. Hồ Chí Minh",028 7108 1180,7:00 – 23:00 * 7 ngày/ tuần,Wifi Miễn Phí Thanh toán bằng thẻ,https://www.highlandscoffee.com.vn/vnt_upload/dealer/02_2018/thumbs/2000_crop_Highlands-Coffee-anh1.jpg,https://www.highlandscoffee.com.vn/vn/he-thong-cua-hang/789/x.html,Hồ Chí Minh
788,Highlands Coffee 621A Dai Lo Binh Duong,"621a Đại Lộ Bình Dương , Phú Cường, Thủ Dầu Một, Bình Dương",0274 730 2099,7:00 – 23:00 * 7 ngày/ tuần,Wifi Miễn Phí Thanh toán bằng thẻ,https://www.highlandscoffee.com.vn/vnt_upload/dealer/02_2018/thumbs/2000_crop_Highlands-Coffee-anh1.jpg,https://www.highlandscoffee.com.vn/vn/he-thong-cua-hang/788/x.html,Bình Dương
787,Highlands Coffee 49B Thảo Điền - Thủ Đức,"Số 15-17 Hẻm 8, Đường số 49B, Phường Thảo Điền, Tp. Thủ Đức, Tp. Hồ Chí Minh",028 7106 0815,7:00 – 23:00 * 7 ngày/ tuần,Wifi Miễn Phí Thanh toán bằng thẻ,https://www.highlandscoffee.com.vn/vnt_upload/dealer/02_2018/thumbs/2000_crop_Highlands-Coffee-anh1.jpg,https://www.highlandscoffee.com.vn/vn/he-thong-cua-hang/787/x.html,Hồ Chí Minh
790,Highlands Coffee 533 Nguyen Tri Phuong,"533 Nguyễn Tri Phương, Phường 8, Quận 10, Tp.Hồ Chí Minh",028 7108 0533,7:00 – 23:00 * 7 ngày/ tuần,Wifi Miễn Phí Thanh toán bằng thẻ,https://www.highlandscoffee.com.vn/vnt_upload/dealer/02_2018/thumbs/2000_crop_Highlands-Coffee-anh1.jpg,https://www.highlandscoffee.com.vn/vn/he-thong-cua-hang/790/x.html,Hồ Chí Minh
792,Highlands Coffee 91 3/2 Can Tho,"91 đường 3 Tháng 2, Phường Hưng Lợi, Quận Ninh Kiều, Tp. Cần Thơ",0292 730 0014,7:00 – 23:00 * 7 ngày/ tuần,Wifi Miễn Phí Thanh toán bằng thẻ,https://www.highlandscoffee.com.vn/vnt_upload/dealer/02_2018/thumbs/2000_crop_Highlands-Coffee-anh1.jpg,https://www.highlandscoffee.com.vn/vn/he-thong-cua-hang/792/x.html,Cần Thơ
791,Highlands Coffee 415 Le Dai Hanh D11,"415-417-419 Lê Đại Hành, Quận 11, Tp.Hồ Chí Minh",028 7100 0415,7:00 – 23:00 * 7 ngày/ tuần,Wifi Miễn Phí Thanh toán bằng thẻ,https://www.highlandscoffee.com.vn/vnt_upload/dealer/02_2018/thumbs/2000_crop_Highlands-Coffee-anh1.jpg,https://www.highlandscoffee.com.vn/vn/he-thong-cua-hang/791/x.html,Hồ Chí Minh
794,Highlands Coffee Trạm dừng chân Phúc Lộc,"Trạm dừng chân Phúc Lộc, Quốc lộ 1A, Xã Hòa Khánh, Huyện Cái Bè, Tỉnh Tiền Giang",0273 730 0245,7:00 – 23:00 * 7 ngày/ tuần,Wifi Miễn Phí Thanh toán bằng thẻ,https://www.highlandscoffee.com.vn/vnt_upload/dealer/02_2018/thumbs/2000_crop_Highlands-Coffee-anh1.jpg,https://www.highlandscoffee.com.vn/vn/he-thong-cua-hang/794/x.html,Tiền Giang
795,Highlands Coffee Gateway,"Tòa nhà Gateway Thảo Điền, 02 Lê Thước, Phường Thảo Điền, Tp. Thủ Đức, TP. HCM",028 7106 8902,7:00 – 23:00 * 7 ngày/ tuần,Wifi Miễn Phí Thanh toán bằng thẻ,https://www.highlandscoffee.com.vn/vnt_upload/dealer/02_2018/thumbs/2000_crop_Highlands-Coffee-anh1.jpg,https://www.highlandscoffee.com.vn/vn/he-thong-cua-hang/795/x.html,Hồ Chí Minh
793,Highlands Coffee Lạc Long Quân - Quận 11,"343E-343F Lạc Long Quân, Phường 5, Quận 11, Tp. Hồ Chí Minh",028 7106 6343,7:00 – 23:00 * 7 ngày/ tuần,Wifi Miễn Phí Thanh toán bằng thẻ,https://www.highlandscoffee.com.vn/vnt_upload/dealer/02_2018/thumbs/2000_crop_Highlands-Coffee-anh1.jpg,https://www.highlandscoffee.com.vn/vn/he-thong-cua-hang/793/x.html,Hồ Chí Minh
797,Highlands Coffee Bà Hom - Quận 6,"A15 Cứ Xá Phú Lâm, Đường Bà Hom, Phường 13, Quận 6, TP. HCM",028 710 69308,7:00 – 23:00 * 7 ngày/ tuần,Wifi Miễn Phí Thanh toán bằng thẻ,https://www.highlandscoffee.com.vn/vnt_upload/dealer/02_2018/thumbs/2000_crop_Highlands-Coffee-anh1.jpg,https://www.highlandscoffee.com.vn/vn/he-thong-cua-hang/797/x.html,Hồ Chí Minh
796,Highlands Coffee 803 Hoàng Sa,"803 Hoàng Sa, Phường 9, Quận 3, TP. HCM",028 7106 0803,7:00 – 23:00 * 7 ngày/ tuần,Wifi Miễn Phí Thanh toán bằng thẻ,https://www.highlandscoffee.com.vn/vnt_upload/dealer/02_2018/thumbs/2000_crop_Highlands-Coffee-anh1.jpg,https://www.highlandscoffee.com.vn/vn/he-thong-cua-hang/796/x.html,Hồ Chí Minh
798,Highlands Coffee Vincom 3 Tháng 2 - Quận 10,"3C Đường 3 Tháng 2, Phường 11, Quận 10, TP. HCM",028 710 69808,7:00 – 22:00 * 7 ngày/ tuần,Wifi Miễn Phí Thanh toán bằng thẻ,https://www.highlandscoffee.com.vn/vnt_upload/dealer/02_2018/thumbs/2000_crop_Highlands-Coffee-anh1.jpg,https://www.highlandscoffee.com.vn/vn/he-thong-cua-hang/798/x.html,Hồ Chí Minh
799,Highlands Coffee Vincom Grandpark D9,"Vincom Grand Park, Nguyễn Xiển, Long Thạnh Mỹ, Quận 9, Tp. Thủ Đức, Tp. HCM",028 7106 2608,7:00 – 23:00 * 7 ngày/ tuần,Wifi Miễn Phí Thanh toán bằng thẻ,https://www.highlandscoffee.com.vn/vnt_upload/dealer/02_2018/thumbs/2000_crop_Highlands-Coffee-anh1.jpg,https://www.highlandscoffee.com.vn/vn/he-thong-cua-hang/799/x.html,Hồ Chí Minh
801,Highlands Coffee Thu Thiem Park,"Công viên bờ sông Thủ Đức, Phường Thủ Thiêm, Thành phố Thủ Đức, Tp. HCM",028 7109 5094,7:00 – 23:00 * 7 ngày/ tuần,Wifi Miễn Phí Thanh toán bằng thẻ,https://www.highlandscoffee.com.vn/vnt_upload/dealer/02_2018/thumbs/2000_crop_Highlands-Coffee-anh1.jpg,https://www.highlandscoffee.com.vn/vn/he-thong-cua-hang/801/x.html,Hồ Chí Minh
800,Highlands Coffee 85 No.3 Binh Tan,"85 Đường Số 3, Phường Bình Hưng Hòa B, Quận Bình Tân, Tp. Hồ Chí Minh",028 7109 5140,7:00 – 23:00 * 7 ngày/ tuần,Wifi Miễn Phí Thanh toán bằng thẻ,https://www.highlandscoffee.com.vn/vnt_upload/dealer/02_2018/thumbs/2000_crop_Highlands-Coffee-anh1.jpg,https://www.highlandscoffee.com.vn/vn/he-thong-cua-hang/800/x.html,Hồ Chí Minh
802,Highlands Coffee FPT Complex Da Nang,"Tầng 1, Tòa nhà FPT Complex, Nam Kỳ Khởi Nghĩa, Ngũ Hành Sơn, Đà Nẵng",02367301771,7:00 – 18:00 * 7 ngày/ tuần,Wifi Miễn Phí Thanh toán bằng thẻ,https://www.highlandscoffee.com.vn/vnt_upload/dealer/02_2018/thumbs/2000_crop_Highlands-Coffee-anh1.jpg,https://www.highlandscoffee.com.vn/vn/he-thong-cua-hang/802/x.html,Đà Nẵng
804,Highlands Coffee Vinh Airport-2.4,"Ma Vi Tri 2.40 Cảng hàng không Vinh, xã Nghi Liên, TP Vinh, Nghệ An",0238 7301025,7:00 – 23:00 * 7 ngày/ tuần,Wifi Miễn Phí Thanh toán bằng thẻ,https://www.highlandscoffee.com.vn/vnt_upload/dealer/02_2018/thumbs/2000_crop_Highlands-Coffee-anh1.jpg,https://www.highlandscoffee.com.vn/vn/he-thong-cua-hang/804/x.html,Nghệ An
805,Highlands Coffee 109 Duong Lang HN,"109A Đường Láng, Thịnh Quang, Đống Đa, Hà Nội",024 56780268,7:00 – 23:00 * 7 ngày/ tuần,Wifi Miễn Phí Thanh toán bằng thẻ,https://www.highlandscoffee.com.vn/vnt_upload/dealer/02_2018/thumbs/2000_crop_Highlands-Coffee-anh1.jpg,https://www.highlandscoffee.com.vn/vn/he-thong-cua-hang/805/x.html,Hà Nội
803,Highlands Coffee Vinh Airport-2.1 ISO,"Ma Vi Tri 2.10, Cảng hàng không Vinh, xã Nghi Liên, TP Vinh, Nghệ An",0238 7300084,,,https://www.highlandscoffee.com.vn/vnt_upload/dealer/02_2018/thumbs/2000_crop_Highlands-Coffee-anh1.jpg,https://www.highlandscoffee.com.vn/vn/he-thong-cua-hang/803/x.html,Nghệ An
807,Highlands Coffee 33 Hoang Cau HN,"33 Hoàng Cầu, Ô Chợ Dừa, Đống Đa, Hà Nội",024 56780168,7:00 – 23:00 * 7 ngày/ tuần,Wifi Miễn Phí Thanh toán bằng thẻ,https://www.highlandscoffee.com.vn/vnt_upload/dealer/02_2018/thumbs/2000_crop_Highlands-Coffee-anh1.jpg,https://www.highlandscoffee.com.vn/vn/he-thong-cua-hang/807/x.html,Hà Nội
810,Highlands Coffee Bến Bạch Đằng,"Cầu tàu số 2, CV Bến Bạch Đằng, 10B Tôn Đức Thắng, Bến Nghé, Quận 1, TP.HCM",028 7109 4987,6:30 – 23:00 * 7 ngày/ tuần,Wifi Miễn Phí Thanh toán bằng thẻ,https://www.highlandscoffee.com.vn/vnt_upload/dealer/02_2018/thumbs/2000_crop_Highlands-Coffee-anh1.jpg,https://www.highlandscoffee.com.vn/vn/he-thong-cua-hang/810/x.html,Hồ Chí Minh
809,Highlands Coffee G4 Vu Pham Ham,"Chung cư G4, 68 Vũ Phạm Hàm, Trung Hòa, Hà Nội",024 56780279,7:00 – 23:00 * 7 ngày/ tuần,Wifi Miễn Phí Thanh toán bằng thẻ,https://www.highlandscoffee.com.vn/vnt_upload/dealer/02_2018/thumbs/2000_crop_Highlands-Coffee-anh1.jpg,https://www.highlandscoffee.com.vn/vn/he-thong-cua-hang/809/x.html,Hà Nội
812,Highlands Coffee 1215 Ba Tháng Hai - Quận 11,"1215 Ba Tháng Hai, Phường 11, Quận 11, TP. HCM",028 7109 2201,7:00 – 23:00 * 7 ngày/ tuần,Wifi Miễn Phí Thanh toán bằng thẻ,https://www.highlandscoffee.com.vn/vnt_upload/dealer/02_2018/thumbs/2000_crop_Highlands-Coffee-anh1.jpg,https://www.highlandscoffee.com.vn/vn/he-thong-cua-hang/812/x.html,Hồ Chí Minh
808,Highlands Coffee 120 Hai Ba Trung HP,"118-120 Hai Bà Trưng, An Biên, Lê Chân, TP Hải Phòng",0225 7300557,7:00 – 23:00 * 7 ngày/ tuần,Wifi Miễn Phí Thanh toán bằng thẻ,https://www.highlandscoffee.com.vn/vnt_upload/dealer/02_2018/thumbs/2000_crop_Highlands-Coffee-anh1.jpg,https://www.highlandscoffee.com.vn/vn/he-thong-cua-hang/808/x.html,Hà Nội
806,Highlands Coffee Park City HN,"Lô105 F&amp;B, TTTM Park City- Park City Mall, Lê Trọng Tấn, P. La Khê, Q. Hà Đông, Hà Nội",024 56780068,7:00 – 23:00 * 7 ngày/ tuần,Wifi Miễn Phí Thanh toán bằng thẻ,https://www.highlandscoffee.com.vn/vnt_upload/dealer/02_2018/thumbs/2000_crop_Highlands-Coffee-anh1.jpg,https://www.highlandscoffee.com.vn/vn/he-thong-cua-hang/806/x.html,Quảng Trị
811,Highlands Coffee Dương Bá Trạc - Quận 8,"298-300 Dương Bá Trạc, Phường 1, Quận 8, TP. HCM",028 7109 2205,7:00 – 22:00 * 7 ngày/ tuần,Wifi Miễn Phí Thanh toán bằng thẻ,https://www.highlandscoffee.com.vn/vnt_upload/dealer/02_2018/thumbs/2000_crop_Highlands-Coffee-anh1.jpg,https://www.highlandscoffee.com.vn/vn/he-thong-cua-hang/811/x.html,Hồ Chí Minh
813,Highlands Coffee 66 Nguyễn Huệ - Quận 1,"66 Nguyễn Huệ, Bến Nghé, Quận 1, TP.HCM",028 7109 2195,6:00 – 23:00 * 7 ngày/ tuần,Wifi Miễn Phí Thanh toán bằng thẻ,https://www.highlandscoffee.com.vn/vnt_upload/dealer/02_2018/thumbs/2000_crop_Highlands-Coffee-anh1.jpg,https://www.highlandscoffee.com.vn/vn/he-thong-cua-hang/813/x.html,Hồ Chí Minh
814,Highlands Coffee 606 Dien Bien Phu,"606 Điện Biên Phủ, Phường 22, Quận Bình Thạnh, TP. HCM",028 7109 1723,7:00 – 23:00 * 7 ngày/ tuần,,https://www.highlandscoffee.com.vn/vnt_upload/dealer/02_2018/thumbs/2000_crop_Highlands-Coffee-anh1.jpg,https://www.highlandscoffee.com.vn/vn/he-thong-cua-hang/814/x.html,Hồ Chí Minh
815,Highlands Coffee Parc Mall D8,"L1-03, Lầu L1, TTTM Parc Mall, 547-549 Tạ Quang Bửu, Phường 4, Quận 8, TP. HCM",028 7109 1721,7:00 – 22:00 * 7 ngày/ tuần,Wifi Miễn Phí Thanh toán bằng thẻ,https://www.highlandscoffee.com.vn/vnt_upload/dealer/02_2018/thumbs/2000_crop_Highlands-Coffee-anh1.jpg,https://www.highlandscoffee.com.vn/vn/he-thong-cua-hang/815/x.html,Hồ Chí Minh
816,Highlands Coffee CMC Space D7,"Khu chế xuất Tân Thuận, Đường số 19, P. Tân Thuận Đông, Quận 7, TP. HCM",028 7109 1722,7:00 – 18:00 * 7 ngày/ tuần,Wifi Miễn Phí Thanh toán bằng thẻ,https://www.highlandscoffee.com.vn/vnt_upload/dealer/02_2018/thumbs/2000_crop_Highlands-Coffee-anh1.jpg,https://www.highlandscoffee.com.vn/vn/he-thong-cua-hang/816/x.html,Hồ Chí Minh
818,Highlands Coffee Historical Museum HN,"Bảo tàng Quốc gia, 216 Trần Quang Khải, Tràng Tiền, Hoàn Kiếm, Hà Nội",024 56780286,6:00 – 00:00 * 7 ngày/ tuần,Wifi Miễn Phí Thanh toán bằng thẻ,https://www.highlandscoffee.com.vn/vnt_upload/dealer/02_2018/thumbs/2000_crop_Highlands-Coffee-anh1.jpg,https://www.highlandscoffee.com.vn/vn/he-thong-cua-hang/818/x.html,Hà Nội
817,Highlands Coffee Vinfast Factory HP,"Nhà máy VinFast Hải Phòng, Khu kinh tế dịch vụ Cát Hải, Thị trấn Cát hải, Hải Phòng",0225 7300552,7:00 – 23:00 * 7 ngày/ tuần,Wifi Miễn Phí Thanh toán bằng thẻ,https://www.highlandscoffee.com.vn/vnt_upload/dealer/02_2018/thumbs/2000_crop_Highlands-Coffee-anh1.jpg,https://www.highlandscoffee.com.vn/vn/he-thong-cua-hang/817/x.html,Hải Phòng
819,Highlands Coffee Nguy Nhu Kon Tum HN,"102 Ngụy Như Kon Tum, Thanh Xuân Bắc, Thanh Xuân, Hà Nội",024 56780177,7:00 – 23:00 * 7 ngày/ tuần,Wifi Miễn Phí Thanh toán bằng thẻ,https://www.highlandscoffee.com.vn/vnt_upload/dealer/02_2018/thumbs/2000_crop_Highlands-Coffee-anh1.jpg,https://www.highlandscoffee.com.vn/vn/he-thong-cua-hang/819/x.html,Hà Nội
820,Highlands Coffee Lang Nuong Yen Tu,"Làng Nương Yên Tử, Chùa Yên Tử, Uông Bí, Quảng Ninh",02037300116,7:00 – 23:00 * 7 ngày/ tuần,Wifi Miễn Phí Thanh toán bằng thẻ,https://www.highlandscoffee.com.vn/vnt_upload/dealer/02_2018/thumbs/2000_crop_Highlands-Coffee-anh1.jpg,https://www.highlandscoffee.com.vn/vn/he-thong-cua-hang/820/x.html,Quảng Ninh
821,Highlands Coffee Cable Car Yen Tu,"Trạm cáp treo 1, Chùa Yên Tử, Uông Bí, Quảng Ninh",02037300032,7:00 – 23:00 * 7 ngày/ tuần,Wifi Miễn Phí Thanh toán bằng thẻ,https://www.highlandscoffee.com.vn/vnt_upload/dealer/02_2018/thumbs/2000_crop_Highlands-Coffee-anh1.jpg,https://www.highlandscoffee.com.vn/vn/he-thong-cua-hang/821/x.html,Quảng Ninh
823,Highlands Coffee Sadora Thu Thiem,"Chung cư Sadora – Shop 1 Block A -  phường An Lợi Đông, Tp. Thủ Đức, Tp. HCM",028 7109 9630,7:00 – 23:00 * 7 ngày/ tuần,Wifi Miễn Phí Thanh toán bằng thẻ,https://www.highlandscoffee.com.vn/vnt_upload/dealer/02_2018/thumbs/2000_crop_Highlands-Coffee-anh1.jpg,https://www.highlandscoffee.com.vn/vn/he-thong-cua-hang/823/x.html,Hồ Chí Minh
822,Highlands Coffee Aeon Mall Hue,"Aeon Mall Huế, Phường An Đông, Tp. Huế",02347300009,8:00 – 22:00 * 7 ngày/ tuần,Wifi Miễn Phí Thanh toán bằng thẻ,https://www.highlandscoffee.com.vn/vnt_upload/dealer/02_2018/thumbs/2000_crop_Highlands-Coffee-anh1.jpg,https://www.highlandscoffee.com.vn/vn/he-thong-cua-hang/822/x.html,Thừa Thiên - Huế
824,Highlands Coffee Hoc Vien Phu Nu VN,"43 Pháo Đài Láng, Láng Thượng, Đống Đa, Hà Nội",024 56780086,7:00 – 23:00 * 7 ngày/ tuần,Wifi Miễn Phí Thanh toán bằng thẻ,https://www.highlandscoffee.com.vn/vnt_upload/dealer/02_2018/thumbs/2000_crop_Highlands-Coffee-anh1.jpg,https://www.highlandscoffee.com.vn/vn/he-thong-cua-hang/824/x.html,Hà Nội
825,Highlands Coffee S4.03 VH Smart City,"Tòa S403 Khu Sapphire 4, Vinhomes Smart City, Tây Mỗ, Nam Từ Liêm, Hà Nội",024 56780089,7:00 – 23:00 * 7 ngày/ tuần,Wifi Miễn Phí Thanh toán bằng thẻ,https://www.highlandscoffee.com.vn/vnt_upload/dealer/02_2018/thumbs/2000_crop_Highlands-Coffee-anh1.jpg,https://www.highlandscoffee.com.vn/vn/he-thong-cua-hang/825/x.html,Hà Nội
827,Highlands Coffee Lumiere Riverside D2,"Số 0.13 - Lumiere Riverside, 277 Võ Nguyên Giáp, KP4, Phường An Phú, Tp. Thủ Đức, TP. HCM",028 7109 9609,7:00 – 22:00 * 7 ngày/ tuần,Wifi Miễn Phí Thanh toán bằng thẻ,https://www.highlandscoffee.com.vn/vnt_upload/dealer/02_2018/thumbs/2000_crop_Highlands-Coffee-anh1.jpg,https://www.highlandscoffee.com.vn/vn/he-thong-cua-hang/827/x.html,Hồ Chí Minh
826,Highlands Coffee Sunwah Pearl,"S.House S-12 - Sunwah Pearl, 90 Nguyễn Hữu Cảnh, Phường 22, Quận Bình Thạnh, TP. HCM",028 7109 1890,7:00 – 22:00 * 7 ngày/ tuần,Wifi Miễn Phí Thanh toán bằng thẻ,https://www.highlandscoffee.com.vn/vnt_upload/dealer/02_2018/thumbs/2000_crop_Highlands-Coffee-anh1.jpg,https://www.highlandscoffee.com.vn/vn/he-thong-cua-hang/826/x.html,Hồ Chí Minh
829,Highlands Coffee 261 Tran Phu D5,"261-263 Trần Phú, Phường 8, Quận 5, TP. HCM",028 7102 4261,7:00 – 23:00 * 7 ngày/ tuần,Wifi Miễn Phí Thanh toán bằng thẻ,https://www.highlandscoffee.com.vn/vnt_upload/dealer/02_2018/thumbs/2000_crop_Highlands-Coffee-anh1.jpg,https://www.highlandscoffee.com.vn/vn/he-thong-cua-hang/829/x.html,Hồ Chí Minh
828,Highlands Coffee 659 XVNT Binh Thanh,"659A - 659B Xô Viết Nghệ Tĩnh, Phường 26,  Quận Bình Thạnh, TP. HCM",028 7109 9629,7:00 – 23:00 * 7 ngày/ tuần,Wifi Miễn Phí Thanh toán bằng thẻ,https://www.highlandscoffee.com.vn/vnt_upload/dealer/02_2018/thumbs/2000_crop_Highlands-Coffee-anh1.jpg,https://www.highlandscoffee.com.vn/vn/he-thong-cua-hang/828/x.html,Hồ Chí Minh
830,Highlands Coffee DHSP Ky Thuat TPHCM,"Số 01 Võ Văn Ngân, Liên Chiểu, Thủ Đức, Tp. Hồ Chí Minh",028 7109 6801,7:00 – 23:00 * 7 ngày/ tuần,Wifi Miễn Phí Thanh toán bằng thẻ,https://www.highlandscoffee.com.vn/vnt_upload/dealer/02_2018/thumbs/2000_crop_Highlands-Coffee-anh1.jpg,https://www.highlandscoffee.com.vn/vn/he-thong-cua-hang/830/x.html,Hồ Chí Minh
831,Highlands Coffee Nguyễn Thị Thập - Quận 7,"459C Nguyễn Thị Thập, Phường Tân Phong, Quận 7, TP.HCM",028 7109 5093,7:00 – 22:00 * 7 ngày/ tuần,Wifi Miễn Phí Thanh toán bằng thẻ,https://www.highlandscoffee.com.vn/vnt_upload/dealer/02_2018/thumbs/2000_crop_Highlands-Coffee-anh1.jpg,https://www.highlandscoffee.com.vn/vn/he-thong-cua-hang/831/x.html,Hồ Chí Minh
832,Highlands Coffee 8G Lâm Văn Bền - Quận 7,"8G Lâm Văn Bền, Phường Tân Thuận Tây, Quận 7, TP. HCM",028 7109 6808,7:00 – 22:00 * 7 ngày/ tuần,Wifi Miễn Phí Thanh toán bằng thẻ,https://www.highlandscoffee.com.vn/vnt_upload/dealer/02_2018/thumbs/2000_crop_Highlands-Coffee-anh1.jpg,https://www.highlandscoffee.com.vn/vn/he-thong-cua-hang/832/x.html,Hồ Chí Minh
833,Highlands Coffee KTX Khu B DHQG TP.HCM,"KTX Khu B - ĐHQG TPHCM,  Mạc Đĩnh Chi, KP Tân Hòa, P. Đông Hòa, TP. Dĩ An, Bình Dương",028 7109 7690,7:00 – 22:00 * 7 ngày/ tuần,Wifi Miễn Phí Thanh toán bằng thẻ,https://www.highlandscoffee.com.vn/vnt_upload/dealer/02_2018/thumbs/2000_crop_Highlands-Coffee-anh1.jpg,https://www.highlandscoffee.com.vn/vn/he-thong-cua-hang/833/x.html,Bình Dương
835,Highlands Coffee 110 Hậu Giang - Quận 6,"110-112 Hậu Giang, Phường 6, Quận 6, TP.HCM",028 7107 2112,7:00 – 23:00 * 7 ngày/ tuần,Wifi Miễn Phí Thanh toán bằng thẻ,https://www.highlandscoffee.com.vn/vnt_upload/dealer/02_2018/thumbs/2000_crop_Highlands-Coffee-anh1.jpg,https://www.highlandscoffee.com.vn/vn/he-thong-cua-hang/835/x.html,Hậu Giang
834,Highlands Coffee 43 Truong Chinh D12,"41- 43 Trường Chinh, Phường Tân Thới Nhất, Quận 12, Tp. Hồ Chí Minh",028 7106 4143,7:00 – 23:00 * 7 ngày/ tuần,Wifi Miễn Phí Thanh toán bằng thẻ,https://www.highlandscoffee.com.vn/vnt_upload/dealer/02_2018/thumbs/2000_crop_Highlands-Coffee-anh1.jpg,https://www.highlandscoffee.com.vn/vn/he-thong-cua-hang/834/x.html,Hồ Chí Minh
837,Highlands Coffee Nguyễn Kiệm - Phú Nhuận,"740A Nguyễn Kiệm, Phường 4, Phú Nhuận, TP.HCM",028 7106 8740,7:00 – 23:00 * 7 ngày/ tuần,Wifi Miễn Phí Thanh toán bằng thẻ,https://www.highlandscoffee.com.vn/vnt_upload/dealer/02_2018/thumbs/2000_crop_Highlands-Coffee-anh1.jpg,https://www.highlandscoffee.com.vn/vn/he-thong-cua-hang/837/x.html,Hồ Chí Minh
836,Highlands Coffee 398 Nguyễn Xí - Bình Thạnh,"398 Nguyễn Xí, Phường 13, Bình Thạnh, TP.HCM",028 7106 6398,7:00 – 22:00 * 7 ngày/ tuần,Wifi Miễn Phí Thanh toán bằng thẻ,https://www.highlandscoffee.com.vn/vnt_upload/dealer/02_2018/thumbs/2000_crop_Highlands-Coffee-anh1.jpg,https://www.highlandscoffee.com.vn/vn/he-thong-cua-hang/836/x.html,Hồ Chí Minh
838,Highlands Coffee Song Hành - Thủ Đức,"15-16 Song Hành, Phường Thảo Điền, TP. Thủ Đức, TP.HCM",028 7108 4459,7:00 – 22:00 * 7 ngày/ tuần,Wifi Miễn Phí Thanh toán bằng thẻ,https://www.highlandscoffee.com.vn/vnt_upload/dealer/02_2018/thumbs/2000_crop_Highlands-Coffee-anh1.jpg,https://www.highlandscoffee.com.vn/vn/he-thong-cua-hang/838/x.html,Hồ Chí Minh
839,Highlands Coffee The Emporium - Quận 11,"Tòa nhà The Emporium - 184 Lê Đại Hành, Phường 15, Quận 11, TP.HCM",028 7109 1184,7:00 – 23:00 * 7 ngày/ tuần,Wifi Miễn Phí Thanh toán bằng thẻ,https://www.highlandscoffee.com.vn/vnt_upload/dealer/02_2018/thumbs/2000_crop_Highlands-Coffee-anh1.jpg,https://www.highlandscoffee.com.vn/vn/he-thong-cua-hang/839/x.html,Hồ Chí Minh
841,Highlands Coffee Hong Lac Tan Binh,"291 Hồng Lạc, Phường 10, Quận Tân Bình, Tp. HCM",028 7109 7690,7:00 – 23:00 * 7 ngày/ tuần,Wifi Miễn Phí Thanh toán bằng thẻ,https://www.highlandscoffee.com.vn/vnt_upload/dealer/02_2018/thumbs/2000_crop_Highlands-Coffee-anh1.jpg,https://www.highlandscoffee.com.vn/vn/he-thong-cua-hang/841/x.html,Hồ Chí Minh
843,Highlands Coffee Landmark 4 - Bình Thạnh,"L4-0.01 Landmark 4 - Vinhomes Central Park- 720A Điện Biên Phủ, P.22, Bình Thạnh, TP.HCM",028 7107 7001,7:00 – 22:00 * 7 ngày/ tuần,Wifi Miễn Phí Thanh toán bằng thẻ,https://www.highlandscoffee.com.vn/vnt_upload/dealer/02_2018/thumbs/2000_crop_Highlands-Coffee-anh1.jpg,https://www.highlandscoffee.com.vn/vn/he-thong-cua-hang/843/x.html,Hồ Chí Minh
845,Highlands Coffee Misa Tower Da Nang,"188 Đường 30 tháng 4, P. Hòa Cường Bắc, Q. Hải Châu TP. Đà Nẵng",0236 730 1966,7:00 – 23:00 * 7 ngày/ tuần,Wifi Miễn Phí Thanh toán bằng thẻ,https://www.highlandscoffee.com.vn/vnt_upload/dealer/02_2018/thumbs/2000_crop_Highlands-Coffee-anh1.jpg,https://www.highlandscoffee.com.vn/vn/he-thong-cua-hang/845/x.html,Đà Nẵng
846,Highlands Coffee Pegasuite - Quận 8,"1026 Tạ Quang Bửu, P.6, Quận 8, TP.HCM",028 7123 1026,7:00 – 22:00 * 7 ngày/ tuần,Wifi Miễn Phí Thanh toán bằng thẻ,https://www.highlandscoffee.com.vn/vnt_upload/dealer/02_2018/thumbs/2000_crop_Highlands-Coffee-anh1.jpg,https://www.highlandscoffee.com.vn/vn/he-thong-cua-hang/846/x.html,Hồ Chí Minh
844,Highlands Coffee Vincom Bien Hoa 2,"1096 Phạm Văn Thuận, Tân Mai, Biên Hòa, Đồng Nai",0251 730 0061,7:00 – 23:00 * 7 ngày/ tuần,Wifi Miễn Phí Thanh toán bằng thẻ,https://www.highlandscoffee.com.vn/vnt_upload/dealer/02_2018/thumbs/2000_crop_Highlands-Coffee-anh1.jpg,https://www.highlandscoffee.com.vn/vn/he-thong-cua-hang/844/x.html,Đồng Nai
847,Highlands Coffee Satra Mall - Quận 6,"G-03 Satra Mall, 1466 Võ Văn Kiệt, P.3, Quận 6, TP.HCM",028 7120 1466,8:00 – 22:00 * 7 ngày/ tuần,Wifi Miễn Phí Thanh toán bằng thẻ,https://www.highlandscoffee.com.vn/vnt_upload/dealer/02_2018/thumbs/2000_crop_Highlands-Coffee-anh1.jpg,https://www.highlandscoffee.com.vn/vn/he-thong-cua-hang/847/x.html,Hồ Chí Minh
840,Highlands Coffee 99 Ngô Quyền - Quận 5,"99 Ngô Quyền, Phường 11, Quận 5, TP.HCM",028 7105 9099,7:00 – 23:00 * 7 ngày/ tuần,Wifi Miễn Phí Thanh toán bằng thẻ,https://www.highlandscoffee.com.vn/vnt_upload/dealer/02_2018/thumbs/2000_crop_Highlands-Coffee-anh1.jpg,https://www.highlandscoffee.com.vn/vn/he-thong-cua-hang/840/x.html,Hồ Chí Minh
842,Highlands Coffee 287 Liên Phường - Thủ Đức,"287 Liên Phương, Phường Phước Long B, TP. Thủ Đức, TP.HCM",028 7109 1287,7:00 – 23:00 * 7 ngày/ tuần,Wifi Miễn Phí Thanh toán bằng thẻ,https://www.highlandscoffee.com.vn/vnt_upload/dealer/02_2018/thumbs/2000_crop_Highlands-Coffee-anh1.jpg,https://www.highlandscoffee.com.vn/vn/he-thong-cua-hang/842/x.html,Hồ Chí Minh
849,Highlands Coffee 20 Phan Chu Trinh TH,"Khách sạn Sao Mai, số 20 Phan Chu Trinh, Phường Điện Biên, Thành phố Thanh Hóa, Tỉnh Thanh Hóa",0237 7300225,7:00 – 23:00 * 7 ngày/ tuần,Wifi Miễn Phí Thanh toán bằng thẻ,https://www.highlandscoffee.com.vn/vnt_upload/dealer/02_2018/thumbs/2000_crop_Highlands-Coffee-anh1.jpg,https://www.highlandscoffee.com.vn/vn/he-thong-cua-hang/849/x.html,Điện Biên
848,Highlands Coffee 163 Hoàng Hoa Thám - Tân Bình,"163 Hoàng Hoa Thám, P.13, Q. Tân Bình, TP.HCM",028 7123 0163,7:00 – 23:00 * 7 ngày/ tuần,Wifi Miễn Phí Thanh toán bằng thẻ,https://www.highlandscoffee.com.vn/vnt_upload/dealer/02_2018/thumbs/2000_crop_Highlands-Coffee-anh1.jpg,https://www.highlandscoffee.com.vn/vn/he-thong-cua-hang/848/x.html,Hồ Chí Minh
850,Highlands Coffee Gold Season HN,"L1-01 HH- NO1, 47 Nguyễn Tuân, Thanh xuân Trung, Thanh xuân, Hà nội",024 56781272,7:00 – 23:00 * 7 ngày/ tuần,Wifi Miễn Phí Thanh toán bằng thẻ,https://www.highlandscoffee.com.vn/vnt_upload/dealer/02_2018/thumbs/2000_crop_Highlands-Coffee-anh1.jpg,https://www.highlandscoffee.com.vn/vn/he-thong-cua-hang/850/x.html,Hà Nội
851,Highlands Coffee Lotte Phan Thiết,"Đường Hùng Vương, Phường Phú Thủy, TP. Phan Thiết, Tỉnh Bình Thuận",0258 730 0058,7:00 – 22:00 * 7 ngày/ tuần,Wifi Miễn Phí Thanh toán bằng thẻ,https://www.highlandscoffee.com.vn/vnt_upload/dealer/02_2018/thumbs/2000_crop_Highlands-Coffee-anh1.jpg,https://www.highlandscoffee.com.vn/vn/he-thong-cua-hang/851/x.html,Bình Thuận
852,Highlands Coffee Dã Tượng 2 - Nha Trang,"243B đường Dã Tượng, Phường Vĩnh Nguyên, TP. Nha Trang, Tỉnh Khánh Hòa",0252 730 0357,7:00 – 23:00 * 7 ngày/ tuần,Wifi Miễn Phí Thanh toán bằng thẻ,https://www.highlandscoffee.com.vn/vnt_upload/dealer/02_2018/thumbs/2000_crop_Highlands-Coffee-anh1.jpg,https://www.highlandscoffee.com.vn/vn/he-thong-cua-hang/852/x.html,Khánh Hòa
853,Highlands Coffee The Crest Thủ Thiêm,"Tòa nhà The Crest Thủ Thiêm -  Đường N11, P. An Khánh, Tp. Thủ Đức, TP.HCM",028 7109 6860,7:00 – 23:00 * 7 ngày/ tuần,Wifi Miễn Phí Thanh toán bằng thẻ,https://www.highlandscoffee.com.vn/vnt_upload/dealer/02_2018/thumbs/2000_crop_Highlands-Coffee-anh1.jpg,https://www.highlandscoffee.com.vn/vn/he-thong-cua-hang/853/x.html,Hồ Chí Minh
854,Highlands Coffee Central Premium - Quận 8,"854 Tạ Quang Bửu, P.5, Quận 8, TP.HCM",028 7123 9854,7:00 – 22:00 * 7 ngày/ tuần,,https://www.highlandscoffee.com.vn/vnt_upload/dealer/02_2018/thumbs/2000_crop_Highlands-Coffee-anh1.jpg,https://www.highlandscoffee.com.vn/vn/he-thong-cua-hang/854/x.html,Hồ Chí Minh
855,Highlands Coffee Celadon - Tân Phú,"88 Đường N1 - Khu đô thị Celadon, P. Sơn Kỳ, Q. Tân Phú, TP.HCM",028 7109 6860,7:00 – 23:00 * 7 ngày/ tuần,Wifi Miễn Phí Thanh toán bằng thẻ,https://www.highlandscoffee.com.vn/vnt_upload/dealer/02_2018/thumbs/2000_crop_Highlands-Coffee-anh1.jpg,https://www.highlandscoffee.com.vn/vn/he-thong-cua-hang/855/x.html,Hồ Chí Minh
856,Highlands Coffee - The Vista An Phú,"P1.09, Tòa Oxygen - The Vista An Phú,  628C Võ Nguyên Giáp, P. An Phú, Tp. Thủ Đức, TP. HCM",028 7122 0628,7:00 – 21:30 * 7 ngày/ tuần,Wifi Miễn Phí Thanh toán bằng thẻ,https://www.highlandscoffee.com.vn/vnt_upload/dealer/02_2018/thumbs/2000_crop_Highlands-Coffee-anh1.jpg,https://www.highlandscoffee.com.vn/vn/he-thong-cua-hang/856/x.html,Hồ Chí Minh
858,Highlands Coffee PVoil CHXD Số 7 - Thủ Đức,"CHXD PVoil Số 7, 77 Tô Ngọc Vân, P. Linh Tây, Tp. Thủ Đức, TP.HCM",028 7123 9785,7:00 – 22:00 * 7 ngày/ tuần,Wifi Miễn Phí Thanh toán bằng thẻ,https://www.highlandscoffee.com.vn/vnt_upload/dealer/02_2018/thumbs/2000_crop_Highlands-Coffee-anh1.jpg,https://www.highlandscoffee.com.vn/vn/he-thong-cua-hang/858/x.html,Hồ Chí Minh
857,Highlands Coffee PVoil CHXD Số 61 - Thủ Đức,"CHXD Pvoil Số 61, 785 Kha Vạn Cân, P. Linh Tây, Tp. Thủ Đức, TP.HCM",028 7123 9236,7:00 – 22:00 * 7 ngày/ tuần,Wifi Miễn Phí Thanh toán bằng thẻ,https://www.highlandscoffee.com.vn/vnt_upload/dealer/02_2018/thumbs/2000_crop_Highlands-Coffee-anh1.jpg,https://www.highlandscoffee.com.vn/vn/he-thong-cua-hang/857/x.html,Hồ Chí Minh
859,Highlands Coffee PVoil CHXD Số 4 - Thủ Đức,"CHXD Pvoil Số 4, 236 Võ Văn Ngân, P. Trường Thọ, Tp. Thủ Đức, TP.HCM",0251 730 0061,7:00 – 22:00 * 7 ngày/ tuần,Wifi Miễn Phí Thanh toán bằng thẻ,https://www.highlandscoffee.com.vn/vnt_upload/dealer/02_2018/thumbs/2000_crop_Highlands-Coffee-anh1.jpg,https://www.highlandscoffee.com.vn/vn/he-thong-cua-hang/859/x.html,Hồ Chí Minh
860,Highlands Coffee PVoil CHXD Số 5 - Thủ Đức,"CHXD Pvoil Số 5, 163A Lê Văn Việt, P. Hiệp Phú, Tp. Thủ Đức, TP. HCM",028 7123 9163,7:00 – 22:00 * 7 ngày/ tuần,,https://www.highlandscoffee.com.vn/vnt_upload/dealer/02_2018/thumbs/2000_crop_Highlands-Coffee-anh1.jpg,https://www.highlandscoffee.com.vn/vn/he-thong-cua-hang/860/x.html,Hồ Chí Minh
862,Highlands Coffee VTV8 Da Nang 2,"258 Bạch Đằng (Mặt Bạch Đằng), Phước Ninh, Quận Hải Châu, Tp. Đà Nẵng",023 6730 2004,7:00 – 23:00 * 7 ngày/ tuần,Wifi Miễn Phí Thanh toán bằng thẻ,https://www.highlandscoffee.com.vn/vnt_upload/dealer/02_2018/thumbs/2000_crop_Highlands-Coffee-anh1.jpg,https://www.highlandscoffee.com.vn/vn/he-thong-cua-hang/862/x.html,Đà Nẵng
863,Highlands Coffee 2 Thang 9 Da Nang,"342 Đường 2/9, Hòa Cường Bắc, Hải Châu., Tp. Đà Nẵng",0236 730 2343,7:00 – 23:00 * 7 ngày/ tuần,Wifi Miễn Phí Thanh toán bằng thẻ,https://www.highlandscoffee.com.vn/vnt_upload/dealer/02_2018/thumbs/2000_crop_Highlands-Coffee-anh1.jpg,https://www.highlandscoffee.com.vn/vn/he-thong-cua-hang/863/x.html,Đà Nẵng
861,Highlands Coffee PVoil CHXD Bình Thọ - Thủ Đức,"CHXD Pvoil Bình Thọ, 2 Đặng Văn Bi, P. Bình Thọ, Tp. Thủ Đức, TP. HCM",028 7123 9902,7:00 – 22:00 * 7 ngày/ tuần,Wifi Miễn Phí Thanh toán bằng thẻ,https://www.highlandscoffee.com.vn/vnt_upload/dealer/02_2018/thumbs/2000_crop_Highlands-Coffee-anh1.jpg,https://www.highlandscoffee.com.vn/vn/he-thong-cua-hang/861/x.html,Hồ Chí Minh
864,Highlands Coffee Phu Bai Airport 3,"Khu B, sân bay Phú Bài, Hương Thủy, Tp. Huế, tỉnh Thừa Thiên Huế",0234 730 0408,7:00 – 23:00 * 7 ngày/ tuần,Wifi Miễn Phí Thanh toán bằng thẻ,https://www.highlandscoffee.com.vn/vnt_upload/dealer/02_2018/thumbs/2000_crop_Highlands-Coffee-anh1.jpg,https://www.highlandscoffee.com.vn/vn/he-thong-cua-hang/864/x.html,Thừa Thiên - Huế
865,Highlands Coffee Trà Khúc - Tân Bình,"1 Trà Khúc, Phường 2, Tân Bình, TP. HCM",028 7123 9001,7:00 – 23:00 * 7 ngày/ tuần,Wifi Miễn Phí Thanh toán bằng thẻ,https://www.highlandscoffee.com.vn/vnt_upload/dealer/02_2018/thumbs/2000_crop_Highlands-Coffee-anh1.jpg,https://www.highlandscoffee.com.vn/vn/he-thong-cua-hang/865/x.html,Hồ Chí Minh
867,Highlands Coffee 55 Nguyen Luong Bang HN,"55 Nguyễn Lương Bằng, Phường Nam Đồng, Quận Đống Đa, Hà Nội",024 56780800,7:00 – 23:00 * 7 ngày/ tuần,Wifi Miễn Phí Thanh toán bằng thẻ,https://www.highlandscoffee.com.vn/vnt_upload/dealer/02_2018/thumbs/2000_crop_Highlands-Coffee-anh1.jpg,https://www.highlandscoffee.com.vn/vn/he-thong-cua-hang/867/x.html,Hà Nội
866,Highlands Coffee Tạ Hiện - Thủ Đức,"6 Tạ Hiện, P. Thạnh Mỹ Lợi, Tp. Thủ Đức, TP. HCM",028 7300 0334,7:00 – 23:00 * 7 ngày/ tuần,Wifi Miễn Phí Thanh toán bằng thẻ,https://www.highlandscoffee.com.vn/vnt_upload/dealer/02_2018/thumbs/2000_crop_Highlands-Coffee-anh1.jpg,https://www.highlandscoffee.com.vn/vn/he-thong-cua-hang/866/x.html,Hồ Chí Minh
869,Highlands Coffee CHXD Lộc An Nam Định,"KM số 2, đường Văn Cao, TP. Nam Định, tỉnh Nam Định",0228 7300310,7:00 – 22:00 * 7 ngày/ tuần,Wifi Miễn Phí Thanh toán bằng thẻ,https://www.highlandscoffee.com.vn/vnt_upload/dealer/02_2018/thumbs/2000_crop_Highlands-Coffee-anh1.jpg,https://www.highlandscoffee.com.vn/vn/he-thong-cua-hang/869/x.html,Nam Định
870,Highlands Coffee CHXD Thành Tô Hải Phòng,"Lô CC2, Dự án Thành Tô, Phường Thành Tô, Q. Hải An, TP. Hải Phòng",0225 7300589,7:00 – 22:00 * 7 ngày/ tuần,Wifi Miễn Phí Thanh toán bằng thẻ,https://www.highlandscoffee.com.vn/vnt_upload/dealer/02_2018/thumbs/2000_crop_Highlands-Coffee-anh1.jpg,https://www.highlandscoffee.com.vn/vn/he-thong-cua-hang/870/x.html,Hải Phòng
868,Highlands Coffee Bến Xe Miền Đông Cũ - Bình Thạnh,"Cổng chính Bến Xe Miền Đông Cũ, 292 Đinh Bộ Lĩnh, Phường 26, Bình Thạnh, TP.HCM",02873000916,7:00 – 22:00 * 7 ngày/ tuần,Wifi Miễn Phí Thanh toán bằng thẻ,https://www.highlandscoffee.com.vn/vnt_upload/dealer/02_2018/thumbs/2000_crop_Highlands-Coffee-anh1.jpg,https://www.highlandscoffee.com.vn/vn/he-thong-cua-hang/868/x.html,Hồ Chí Minh
871,Highlands Coffee CHXD Lê Lai Thanh Hóa,"02 Lê Lai, TP. Thanh Hóa, Tỉnh Thanh Hóa",0237 7300148,7:00 – 22:00 * 7 ngày/ tuần,Wifi Miễn Phí Thanh toán bằng thẻ,https://www.highlandscoffee.com.vn/vnt_upload/dealer/02_2018/thumbs/2000_crop_Highlands-Coffee-anh1.jpg,https://www.highlandscoffee.com.vn/vn/he-thong-cua-hang/871/x.html,Thanh Hóa
873,Highlands Coffee Tôn Thất Thiệp - Quận 1,"15-17-19 Tôn Thất Thiệp, Phường Bến Nghé, Quận 1, TP.HCM",028 7123 1719,7:00 – 23:00 * 7 ngày/ tuần,Wifi Miễn Phí Thanh toán bằng thẻ,https://www.highlandscoffee.com.vn/vnt_upload/dealer/02_2018/thumbs/2000_crop_Highlands-Coffee-anh1.jpg,https://www.highlandscoffee.com.vn/vn/he-thong-cua-hang/873/x.html,Hồ Chí Minh
874,Highlands Coffee Hòn Thơm Phú Quốc,"Hòn Thơm, TT. An Thới, H. Phú Quốc, Tỉnh Kiên Giang",,9:00 – 18:00 * 7 ngày/ tuần,Wifi Miễn Phí Thanh toán bằng thẻ,https://www.highlandscoffee.com.vn/vnt_upload/dealer/02_2018/thumbs/2000_crop_Highlands-Coffee-anh1.jpg,https://www.highlandscoffee.com.vn/vn/he-thong-cua-hang/874/x.html,Kiên Giang
875,Highlands Coffee Cable Car An Thới PQ,"Cáp Treo An Thới (Ga đi Ánh Dương), TT. An Thới, H. Phú Quốc, Tỉnh Kiên Giang",0297 730 0089,9:00 – 18:00 * 7 ngày/ tuần,Wifi Miễn Phí Thanh toán bằng thẻ,https://www.highlandscoffee.com.vn/vnt_upload/dealer/02_2018/thumbs/2000_crop_Highlands-Coffee-anh1.jpg,https://www.highlandscoffee.com.vn/vn/he-thong-cua-hang/875/x.html,Kiên Giang
876,Highlands Coffee 957 Ng Tat Thanh DNG,"957 Nguyễn Tất Thành, Thanh Khê, Đà Nẵng",0236 730 2500,7:00 – 23:00 * 7 ngày/ tuần,Wifi Miễn Phí Thanh toán bằng thẻ,https://www.highlandscoffee.com.vn/vnt_upload/dealer/02_2018/thumbs/2000_crop_Highlands-Coffee-anh1.jpg,https://www.highlandscoffee.com.vn/vn/he-thong-cua-hang/876/x.html,Đà Nẵng
877,Highlands Coffee Ha Noi Post Office,"75 P. Đinh Tiên Hoàng, Tràng Tiền, Hoàn Kiếm, Hà Nội",024 56780801,7:00 – 23:00 * 7 ngày/ tuần,Wifi Miễn Phí Thanh toán bằng thẻ,https://www.highlandscoffee.com.vn/vnt_upload/dealer/02_2018/thumbs/2000_crop_Highlands-Coffee-anh1.jpg,https://www.highlandscoffee.com.vn/vn/he-thong-cua-hang/877/x.html,Hà Nội
878,Highlands Coffee Cable Car Cat Hai HP,"Nhà Ga Cát Hải, Đồng Bài, Cát Hải, Hải Phòng",0225 7300585,7:00 – 23:00 * 7 ngày/ tuần,Wifi Miễn Phí Thanh toán bằng thẻ,https://www.highlandscoffee.com.vn/vnt_upload/dealer/02_2018/thumbs/2000_crop_Highlands-Coffee-anh1.jpg,https://www.highlandscoffee.com.vn/vn/he-thong-cua-hang/878/x.html,Hải Phòng
879,Highlands Coffee Vạn Phúc City 2 - Thủ Đức,"49 Đinh Thị Thi, KĐT Vạn Phúc City, P. Hiệp Bình Phước, Tp. Thủ Đức, TP. HCM",028 730 01105,7:00 – 23:00 * 7 ngày/ tuần,Wifi Miễn Phí Thanh toán bằng thẻ,https://www.highlandscoffee.com.vn/vnt_upload/dealer/02_2018/thumbs/2000_crop_Highlands-Coffee-anh1.jpg,https://www.highlandscoffee.com.vn/vn/he-thong-cua-hang/879/x.html,Bình Phước
880,Highlands Coffee Cable Car Nui Ba Den,"Núi Bà Đen, Khu phố Ninh Phú, P. Ninh Sơn, Tp. Tây Ninh, Tỉnh Tây Ninh",0276 730 0002,7:00 – 16:00 * 7 ngày/ tuần,Wifi Miễn Phí Thanh toán bằng thẻ,https://www.highlandscoffee.com.vn/vnt_upload/dealer/02_2018/thumbs/2000_crop_Highlands-Coffee-anh1.jpg,https://www.highlandscoffee.com.vn/vn/he-thong-cua-hang/880/x.html,Tây Ninh
882,Highlands Coffee 175B Cao Thắng - Quận 10,"175B Cao Thắng, Phường 12, Quận 10, TP. HCM",028 7300 9598,7:00 – 23:00 * 7 ngày/ tuần,Wifi Miễn Phí Thanh toán bằng thẻ,https://www.highlandscoffee.com.vn/vnt_upload/dealer/02_2018/thumbs/2000_crop_Highlands-Coffee-anh1.jpg,https://www.highlandscoffee.com.vn/vn/he-thong-cua-hang/882/x.html,Hồ Chí Minh
883,Highlands Coffee Tỉnh lộ 8 - Củ Chi,"92 Tỉnh lộ 8, Huyện Củ Chi, TP. HCM",028 7300 9478,7:00 – 22:00 * 7 ngày/ tuần,Wifi Miễn Phí Thanh toán bằng thẻ,https://www.highlandscoffee.com.vn/vnt_upload/dealer/02_2018/thumbs/2000_crop_Highlands-Coffee-anh1.jpg,https://www.highlandscoffee.com.vn/vn/he-thong-cua-hang/883/x.html,Hồ Chí Minh
881,Highlands Coffee Riverside Complex - Quận 7,"Block AB, Tầng Trệt, KDC &amp; TM hỗn hợp Khải Vy, 04 Đào Trí, P. Phú Mỹ, Q. 07, TP. HCM",028 7300 7202,7:00 – 22:00 * 7 ngày/ tuần,Wifi Miễn Phí Thanh toán bằng thẻ,https://www.highlandscoffee.com.vn/vnt_upload/dealer/02_2018/thumbs/2000_crop_Highlands-Coffee-anh1.jpg,https://www.highlandscoffee.com.vn/vn/he-thong-cua-hang/881/x.html,Hồ Chí Minh
884,Highlands Coffee DHA - Quận 7,"Khu tổ hợp DHA, Nguyễn Lương Bằng, P. Tân Phú, Quận 07, TP. HCM",028 7300 6722,7:00 – 22:00 * 7 ngày/ tuần,Wifi Miễn Phí Thanh toán bằng thẻ,https://www.highlandscoffee.com.vn/vnt_upload/dealer/02_2018/thumbs/2000_crop_Highlands-Coffee-anh1.jpg,https://www.highlandscoffee.com.vn/vn/he-thong-cua-hang/884/x.html,Hồ Chí Minh
885,Highlands Coffee Onehub - Thủ Đức,"Tòa nhà OneHub Saigon, Đường D1, Khu công nghệ cao TP.HCM, P. Tân Phú, TP Thủ Đức, TP. HCM",028 7300 9602,7:00 – 22:00 * 7 ngày/ tuần,Wifi Miễn Phí Thanh toán bằng thẻ,https://www.highlandscoffee.com.vn/vnt_upload/dealer/02_2018/thumbs/2000_crop_Highlands-Coffee-anh1.jpg,https://www.highlandscoffee.com.vn/vn/he-thong-cua-hang/885/x.html,Hồ Chí Minh
887,Highlands PVoil No.12 QL51 VT,"PVOIL No.12 Quốc Lộ 51, Bà Rịa Vũng Tàu",0254 730 1202,7:00 – 22:00 * 7 ngày/ tuần,Wifi Miễn Phí Thanh toán bằng thẻ,https://www.highlandscoffee.com.vn/vnt_upload/dealer/02_2018/thumbs/2000_crop_Highlands-Coffee-anh1.jpg,https://www.highlandscoffee.com.vn/vn/he-thong-cua-hang/887/x.html,Bà Rịa - Vũng Tàu
886,Highlands PVoil No.7 QL51 VT,"PVOIL No.7 Quốc Lộ 51, Bà Rịa Vũng Tàu",0254 730 1201,7:00 – 22:00 * 7 ngày/ tuần,Wifi Miễn Phí Thanh toán bằng thẻ,https://www.highlandscoffee.com.vn/vnt_upload/dealer/02_2018/thumbs/2000_crop_Highlands-Coffee-anh1.jpg,https://www.highlandscoffee.com.vn/vn/he-thong-cua-hang/886/x.html,Bà Rịa - Vũng Tàu
888,Highlands Coffee PVOIL CHXD Lien Ninh HN,"Km15 quốc lộ 1A, xã Liên Ninh, huyện Thanh Trì, Thành phố Hà Nội",024 56780310,7:00 – 23:00 * 7 ngày/ tuần,Wifi Miễn Phí Thanh toán bằng thẻ,https://www.highlandscoffee.com.vn/vnt_upload/dealer/02_2018/thumbs/2000_crop_Highlands-Coffee-anh1.jpg,https://www.highlandscoffee.com.vn/vn/he-thong-cua-hang/888/x.html,Hà Nội
889,Highlands Coffee Sunworld Ha Long,"9 Bãi Cháy, Hạ Long, Quảng Ninh",02037300086,7:00 – 18:00 * 7 ngày/ tuần,Wifi Miễn Phí Thanh toán bằng thẻ,https://www.highlandscoffee.com.vn/vnt_upload/dealer/02_2018/thumbs/2000_crop_Highlands-Coffee-anh1.jpg,https://www.highlandscoffee.com.vn/vn/he-thong-cua-hang/889/x.html,Quảng Ninh
890,Highlands Coffee  Hanh Phuc Hospital BD,"18 Đại lộ Bình Dương, Thuận An, Bình Dương",0274 730 6045,8:00 – 17:00 * 7 ngày/ tuần,Wifi Miễn Phí Thanh toán bằng thẻ,https://www.highlandscoffee.com.vn/vnt_upload/dealer/02_2018/thumbs/2000_crop_Highlands-Coffee-anh1.jpg,https://www.highlandscoffee.com.vn/vn/he-thong-cua-hang/890/x.html,Bình Dương
891,Highlands Coffee CHXD No.4 QL91 Can Tho,"PV Oil No 4 QL91, P. Châu Văn Liêm , Quận Ô Môn, TP Cần Thơ",0292 730 0733,7:00 – 22:00 * 7 ngày/ tuần,Wifi Miễn Phí Thanh toán bằng thẻ,https://www.highlandscoffee.com.vn/vnt_upload/dealer/02_2018/thumbs/2000_crop_Highlands-Coffee-anh1.jpg,https://www.highlandscoffee.com.vn/vn/he-thong-cua-hang/891/x.html,Cần Thơ
892,Highlands Coffee CHXD No.18 QL1A Binh Thuan,"PVOIL No.18  QL1A, P. Hàm Mỹ, Hàm Thuận Nam, Tỉnh Bình Thuận",0252 730 0400,7:00 – 22:00 * 7 ngày/ tuần,Wifi Miễn Phí Thanh toán bằng thẻ,https://www.highlandscoffee.com.vn/vnt_upload/dealer/02_2018/thumbs/2000_crop_Highlands-Coffee-anh1.jpg,https://www.highlandscoffee.com.vn/vn/he-thong-cua-hang/892/x.html,Bình Thuận
893,Highlands Coffee CHXD No.8 QL1A Hau Giang,"PV Oil No.8 QL1A, Châu Thành A, Hậu Giang",0293 730 0166,7:00 – 22:00 * 7 ngày/ tuần,Wifi Miễn Phí Thanh toán bằng thẻ,https://www.highlandscoffee.com.vn/vnt_upload/dealer/02_2018/thumbs/2000_crop_Highlands-Coffee-anh1.jpg,https://www.highlandscoffee.com.vn/vn/he-thong-cua-hang/893/x.html,Hậu Giang
894,Highlands Coffee Hoan My Cuu Long CT,"Lô 20 Võ Nguyên Giáp, Phú Thứ, Cái Răng, Tp. Cần Thơ",2927300457,7:00 – 22:00 * 7 ngày/ tuần,Wifi Miễn Phí Thanh toán bằng thẻ,https://www.highlandscoffee.com.vn/vnt_upload/dealer/02_2018/thumbs/2000_crop_Highlands-Coffee-anh1.jpg,https://www.highlandscoffee.com.vn/vn/he-thong-cua-hang/894/x.html,Cần Thơ
895,Highlands Coffee Go&#33; Thang Long,"222 Đ. Trần Duy Hưng, Trung Hoà, Cầu Giấy, Hà Nội",024 56780306,7:00 – 22:00 * 7 ngày/ tuần,Wifi Miễn Phí Thanh toán bằng thẻ,https://www.highlandscoffee.com.vn/vnt_upload/dealer/02_2018/thumbs/2000_crop_Highlands-Coffee-anh1.jpg,https://www.highlandscoffee.com.vn/vn/he-thong-cua-hang/895/x.html,Hà Nội
896,Highlands Coffee Sun Plaza Sapa,"Đường Nguyễn Chí Thanh, Sa Pa, Lào Cai, Việt Nam",0214 7300310,7:00 – 22:00 * 7 ngày/ tuần,Wifi Miễn Phí Thanh toán bằng thẻ,https://www.highlandscoffee.com.vn/vnt_upload/dealer/02_2018/thumbs/2000_crop_Highlands-Coffee-anh1.jpg,https://www.highlandscoffee.com.vn/vn/he-thong-cua-hang/896/x.html,Lào Cai
897,Highlands Coffee KCN My Phuoc,"Lô N5 - D9, Khu TM - DV - TĐC Mỹ Phước, Phường Thới Hòa, Thành phố Bến Cát, Tỉnh Bình Dương",0274 730 0098,6:30 – 22:00 * 7 ngày/ tuần,Wifi Miễn Phí Thanh toán bằng thẻ,https://www.highlandscoffee.com.vn/vnt_upload/dealer/02_2018/thumbs/2000_crop_Highlands-Coffee-anh1.jpg,https://www.highlandscoffee.com.vn/vn/he-thong-cua-hang/897/x.html,Bình Dương
898,Highlands Coffee 140 Trường Chinh - Tân Bình,"140 Trường Chinh, Phường 12, Quận Tân Bình, TP. Hồ Chí Minh",028 7300 5822,7:00 – 23:00 * 7 ngày/ tuần,Wifi Miễn Phí Thanh toán bằng thẻ,https://www.highlandscoffee.com.vn/vnt_upload/dealer/02_2018/thumbs/2000_crop_Highlands-Coffee-anh1.jpg,https://www.highlandscoffee.com.vn/vn/he-thong-cua-hang/898/x.html,Hồ Chí Minh
899,Highlands Coffee 249 Hoàng Văn Thụ - Tân Bình,"249 Hoàng Văn Thụ, Phường 1, Quận Tân Bình, TP. Hồ Chí Minh",028 7300 1104,7:00 – 23:00 * 7 ngày/ tuần,Wifi Miễn Phí Thanh toán bằng thẻ,https://www.highlandscoffee.com.vn/vnt_upload/dealer/02_2018/thumbs/2000_crop_Highlands-Coffee-anh1.jpg,https://www.highlandscoffee.com.vn/vn/he-thong-cua-hang/899/x.html,Hồ Chí Minh
901,Highlands Coffee 270 Võ Thị Sáu - Quận 3,"270L Võ Thị Sáu, Phường 7, Quận 3, TP. Hồ Chí Minh",028 7300 3426,7:00 – 23:00 * 7 ngày/ tuần,Wifi Miễn Phí Thanh toán bằng thẻ,https://www.highlandscoffee.com.vn/vnt_upload/dealer/02_2018/thumbs/2000_crop_Highlands-Coffee-anh1.jpg,https://www.highlandscoffee.com.vn/vn/he-thong-cua-hang/901/x.html,Hồ Chí Minh
900,Highlands Coffee Lương Khải Siêu - Thủ Đức,"6 Lương Khải Siêu, Phường Bình Thọ, Tp. Thủ Đức, TP. Hồ Chí Minh",028 7300 3007,7:00 – 23:00 * 7 ngày/ tuần,Wifi Miễn Phí Thanh toán bằng thẻ,https://www.highlandscoffee.com.vn/vnt_upload/dealer/02_2018/thumbs/2000_crop_Highlands-Coffee-anh1.jpg,https://www.highlandscoffee.com.vn/vn/he-thong-cua-hang/900/x.html,Hồ Chí Minh
902,Highlands Coffee PVOil CHXD Petec Nga Ba Lo Te CT,"QL 91, Phường Thới Hòa, Phường Thới Thuận, Quận Thốt Nốt, Tp. Cần Thơ",0292 730 0474,7:00 – 22:00 * 7 ngày/ tuần,Wifi Miễn Phí Thanh toán bằng thẻ,https://www.highlandscoffee.com.vn/vnt_upload/dealer/02_2018/thumbs/2000_crop_Highlands-Coffee-anh1.jpg,https://www.highlandscoffee.com.vn/vn/he-thong-cua-hang/902/x.html,Cần Thơ
903,Highlands Coffee PVOil Mekong Hau Giang,"QL 1A, Thị trấn Cái Tắc, huyện Châu Thành A, tỉnh Hậu Giang",0293 730 0115,6:30 – 22:00 * 7 ngày/ tuần,Wifi Miễn Phí Thanh toán bằng thẻ,https://www.highlandscoffee.com.vn/vnt_upload/dealer/02_2018/thumbs/2000_crop_Highlands-Coffee-anh1.jpg,https://www.highlandscoffee.com.vn/vn/he-thong-cua-hang/903/x.html,Hậu Giang
904,Highlands Coffee PVOIL CHXD Vinh Yen Vinh Phuc,"PV Oil Vĩnh Yên QL2, Khai Quang, Vĩnh Yên, Vĩnh Phúc",0211 7301368,7:00 – 23:00 * 7 ngày/ tuần,Wifi Miễn Phí Thanh toán bằng thẻ,https://www.highlandscoffee.com.vn/vnt_upload/dealer/02_2018/thumbs/2000_crop_Highlands-Coffee-anh1.jpg,https://www.highlandscoffee.com.vn/vn/he-thong-cua-hang/904/x.html,Vĩnh Phúc
906,Highlands Coffee PVOIL CHXD An Hai Hai Phong,"Thôn Thắng Lợi, xã An Hưng, huyện An Dương, Hải Phòng",0225 7300768,7:00 – 18:00 * 7 ngày/ tuần,Wifi Miễn Phí Thanh toán bằng thẻ,https://www.highlandscoffee.com.vn/vnt_upload/dealer/02_2018/thumbs/2000_crop_Highlands-Coffee-anh1.jpg,https://www.highlandscoffee.com.vn/vn/he-thong-cua-hang/906/x.html,Hải Phòng
907,Highlands Coffee Frasers KCN Yen Phong BN,"Frasers - Khu công nghiệp Yên Phong 2C, xã Yên Trung, huyện Yên Phong, tỉnh Bắc Ninh",0222 7301268,7:00 – 23:00 * 7 ngày/ tuần,Wifi Miễn Phí Thanh toán bằng thẻ,https://www.highlandscoffee.com.vn/vnt_upload/dealer/02_2018/thumbs/2000_crop_Highlands-Coffee-anh1.jpg,https://www.highlandscoffee.com.vn/vn/he-thong-cua-hang/907/x.html,Bắc Ninh
908,Highlands Coffee Phú Quốc Airport Nội Địa,"MD5 - Nhà Ga nội Địa, Cảng Hàng không Quốc Tế Phú Quốc, Dương Tơ, Tp. Phú Quốc",0297 730 0242,6:00 – 20:00 * 7 ngày/ tuần,Wifi Miễn Phí Thanh toán bằng thẻ,https://www.highlandscoffee.com.vn/vnt_upload/dealer/02_2018/thumbs/2000_crop_Highlands-Coffee-anh1.jpg,https://www.highlandscoffee.com.vn/vn/he-thong-cua-hang/908/x.html,Kiên Giang
911,Highlands CoffeeTTTM Times City HN,"458 Minh Khai, KDT Times City, Hai Ba Trung, Ha Noi",024 56780231,9:30 – 22:00 * 7 ngày/ tuần,Wifi Miễn Phí Thanh toán bằng thẻ,https://www.highlandscoffee.com.vn/vnt_upload/dealer/02_2018/thumbs/2000_crop_Highlands-Coffee-anh1.jpg,https://www.highlandscoffee.com.vn/vn/he-thong-cua-hang/911/x.html,Hà Nội
912,Highlands Coffee Sun Cat Ba HP,"1/4 Street, Cat Ba Town, Cat Hai, Hai Phong",0225 7300610,7:00 – 23:00 * 7 ngày/ tuần,Wifi Miễn Phí Thanh toán bằng thẻ,https://www.highlandscoffee.com.vn/vnt_upload/dealer/02_2018/thumbs/2000_crop_Highlands-Coffee-anh1.jpg,https://www.highlandscoffee.com.vn/vn/he-thong-cua-hang/912/x.html,Hải Phòng
909,Highlands Coffee Frasers 2 KCN Yen Phong BN,"Frasers - Khu công nghiệp Yên Phong 2C, xã Yên Trung, huyện Yên Phong, tỉnh Bắc Ninh",0222 7301568,7:00 – 23:00 * 7 ngày/ tuần,Wifi Miễn Phí Thanh toán bằng thẻ,https://www.highlandscoffee.com.vn/vnt_upload/dealer/02_2018/thumbs/2000_crop_Highlands-Coffee-anh1.jpg,https://www.highlandscoffee.com.vn/vn/he-thong-cua-hang/909/x.html,Bắc Ninh
910,Highlands Coffee 38-40 Le Thai To HN,"38-40 Le Thai To, Hang Trong, Hoan Kiem, Ha Noi",024 56780232,7:00 – 23:00 * 7 ngày/ tuần,Wifi Miễn Phí Thanh toán bằng thẻ,https://www.highlandscoffee.com.vn/vnt_upload/dealer/02_2018/thumbs/2000_crop_Highlands-Coffee-anh1.jpg,https://www.highlandscoffee.com.vn/vn/he-thong-cua-hang/910/x.html,Hà Nội
913,Highlands Coffee Ba Na Hill Da Nang,"P. Hóa Phú Q. Hòa Vang, TP. Đà Nẵng",0236 7301679,8:30 – 17:00 * 7 ngày/ tuần,Wifi Miễn Phí Thanh toán bằng thẻ,https://www.highlandscoffee.com.vn/vnt_upload/dealer/02_2018/thumbs/2000_crop_Highlands-Coffee-anh1.jpg,https://www.highlandscoffee.com.vn/vn/he-thong-cua-hang/913/x.html,Đà Nẵng
914,Highlands Coffee Ong Ich Khiem 2 DNG,"02 Ông Ích Khiêm, P. Thanh Bình, Q.Hải Châu, TP. Đà Nẵng",02367300773,6:30 – 22:30 * 7 ngày/ tuần,Wifi Miễn Phí Thanh toán bằng thẻ,https://www.highlandscoffee.com.vn/vnt_upload/dealer/02_2018/thumbs/2000_crop_Highlands-Coffee-anh1.jpg,https://www.highlandscoffee.com.vn/vn/he-thong-cua-hang/914/x.html,Đà Nẵng
916,Highlands Coffe Bệnh Viện Becamex - Bình Dương,"Khu Gò Cát, Đại lộ Bình Dương, Thuận An, Bình Dương",0274 730 0051,7:00 – 22:00 * 7 ngày/ tuần,Wifi Miễn Phí Thanh toán bằng thẻ,https://www.highlandscoffee.com.vn/vnt_upload/dealer/02_2018/thumbs/2000_crop_Highlands-Coffee-anh1.jpg,https://www.highlandscoffee.com.vn/vn/he-thong-cua-hang/916/x.html,Bình Dương
917,Highlands Coffee PVOil Trảng Bàng - Tây Ninh,"PVOil Tây Ninh CHXD Số 3, xã An Tịnh, huyện Trảng Bàng, tính Tây Ninh",0276 730 0005,6:00 – 20:00 * 7 ngày/ tuần,Wifi Miễn Phí Thanh toán bằng thẻ,https://www.highlandscoffee.com.vn/vnt_upload/dealer/02_2018/thumbs/2000_crop_Highlands-Coffee-anh1.jpg,https://www.highlandscoffee.com.vn/vn/he-thong-cua-hang/917/x.html,Tây Ninh
1134,Highlands Coffee Mipec Long Bien HN,"TTTM Mipec Long Biên, Số 2, Phố Long Biên 2, Ngọc Lâm, Long Biên, Hà Nội",024 56780258,8:00 – 22:00 * 7 ngày/ tuần,,https://www.highlandscoffee.com.vn/vnt_upload/dealer/02_2018/thumbs/2000_crop_Highlands-Coffee-anh1.jpg,https://www.highlandscoffee.com.vn/vn/he-thong-cua-hang/1134/x.html,Hà Nội
1136,Highlands Coffee No.1 Binh Tan,"97-99-101 Đường số 1, Phường An Lạc, TP. Hồ Chí Minh",028 7302 9904,7:00 – 23:00 * 7 ngày/ tuần,,https://www.highlandscoffee.com.vn/vnt_upload/dealer/02_2018/thumbs/2000_crop_Highlands-Coffee-anh1.jpg,https://www.highlandscoffee.com.vn/vn/he-thong-cua-hang/1136/x.html,Hồ Chí Minh
1135,Highlands Coffee Fulbright University,"Trường Fulbright, 105 Tôn Dật Tiên, Phường Tân Mỹ, TP. Hồ Chí Minh",028 7302 9909,7:00 – 17:00 * 6 ngày/ tuần,,https://www.highlandscoffee.com.vn/vnt_upload/dealer/02_2018/thumbs/2000_crop_Highlands-Coffee-anh1.jpg,https://www.highlandscoffee.com.vn/vn/he-thong-cua-hang/1135/x.html,Hồ Chí Minh
1137,Highlands Coffee 48 Le Thi Cho D7,"48 Lê Thị Chợ,  Phường Phú Thuận, TP. Hồ Chí Minh",028 7302 9905,7:00 – 23:00 * 7 ngày/ tuần,,https://www.highlandscoffee.com.vn/vnt_upload/dealer/02_2018/thumbs/2000_crop_Highlands-Coffee-anh1.jpg,https://www.highlandscoffee.com.vn/vn/he-thong-cua-hang/1137/x.html,Hồ Chí Minh
1138,Highlands Coffee Long Tower Binh Thanh,"101-103 Nguyễn Cửu Vân, Phường Gia Định, TP. Hồ Chí Minh",028 7302 9908,7:00 – 18:00 * 6 ngày/ tuần,,https://www.highlandscoffee.com.vn/vnt_upload/dealer/02_2018/thumbs/2000_crop_Highlands-Coffee-anh1.jpg,https://www.highlandscoffee.com.vn/vn/he-thong-cua-hang/1138/x.html,Hồ Chí Minh
1139,Highlands Coffee Phu Quoc Airport 2,GD06- Khu vực cách ly ga đi Quốc Tế – Nhà ga hành khách - Cảng hàng không quốc tế Phú Quốc,0297 730 0150,10:30 – 18:30 * 7 ngày/ tuần,,https://www.highlandscoffee.com.vn/vnt_upload/dealer/02_2018/thumbs/2000_crop_Highlands-Coffee-anh1.jpg,https://www.highlandscoffee.com.vn/vn/he-thong-cua-hang/1139/x.html,Kiên Giang
1140,Highlands Coffee Muong Thanh Vien Trieu,"Khu Bãi Dương, Phường Bắc Nha Trang, Tỉnh Khánh Hòa",,,,https://www.highlandscoffee.com.vn/vnt_upload/dealer/02_2018/thumbs/2000_crop_Highlands-Coffee-anh1.jpg,https://www.highlandscoffee.com.vn/vn/he-thong-cua-hang/1140/x.html,Khánh Hòa
1141,Highlands Coffee Hanoi Centre Nguyen Thai Hoc,"175 Nguyễn Thái Học, quận Ba Đình, Hà Nội",024 56780042,8:00 – 22:00 * 7 ngày/ tuần,,https://www.highlandscoffee.com.vn/vnt_upload/dealer/02_2018/thumbs/2000_crop_Highlands-Coffee-anh1.jpg,https://www.highlandscoffee.com.vn/vn/he-thong-cua-hang/1141/x.html,Hà Nội
1142,Highlands Coffee FPT Pham Van Bach,"10 Phạm Văn Bạch, Dịch Vọng, Cầu Giấy, Hà Nội",024 56780254,8:00 – 18:00 * 7 ngày/ tuần,,https://www.highlandscoffee.com.vn/vnt_upload/dealer/02_2018/thumbs/2000_crop_Highlands-Coffee-anh1.jpg,https://www.highlandscoffee.com.vn/vn/he-thong-cua-hang/1142/x.html,Hà Nội
1143,Highlands Coffee 173 Truong Chinh HN,"173 Trường Chinh, P. Khương Mai, Q. Thanh Xuân, Tp. Hà Nội",024 56780047,7:00 – 23:00 * 7 ngày/ tuần,,https://www.highlandscoffee.com.vn/vnt_upload/dealer/02_2018/thumbs/2000_crop_Highlands-Coffee-anh1.jpg,https://www.highlandscoffee.com.vn/vn/he-thong-cua-hang/1143/x.html,Hà Nội
1144,Highlands Coffee Muong Thanh Ha Long QNI,"Ô 7, Lô 20, Đông Hùng Thắng, phường Bãi Cháy, tỉnh Quảng Ninh",,7:00 – 23:00 * 7 ngày/ tuần,,https://www.highlandscoffee.com.vn/vnt_upload/dealer/02_2018/thumbs/2000_crop_Highlands-Coffee-anh1.jpg,https://www.highlandscoffee.com.vn/vn/he-thong-cua-hang/1144/x.html,Quảng Ninh
1146,Highlands Coffee 103 Tam Bac HP,"103 Tam Bạc, P. Quang Trung , Quận Hồng Bàng , Hải Phòng",0225 7303268,7:00 – 23:00 * 7 ngày/ tuần,,https://www.highlandscoffee.com.vn/vnt_upload/dealer/02_2018/thumbs/2000_crop_Highlands-Coffee-anh1.jpg,https://www.highlandscoffee.com.vn/vn/he-thong-cua-hang/1146/x.html,Hải Phòng
1145,Highlands Coffee 789 Building HN,"147 Hoàng Quốc Việt, Phường Nghĩa Đô, Quận Cầu Giấy, Hà Nội",024 56780259,,,https://www.highlandscoffee.com.vn/vnt_upload/dealer/02_2018/thumbs/2000_crop_Highlands-Coffee-anh1.jpg,https://www.highlandscoffee.com.vn/vn/he-thong-cua-hang/1145/x.html,Hà Nội
1147,Highlands Coffee Cho Lon Post Office,"03 Mạc Cửu, Phường 13, Quận 05, TP. Hồ Chí Minh",028 7300 6715,7:00 – 23:00 * 7 ngày/ tuần,,https://www.highlandscoffee.com.vn/vnt_upload/dealer/02_2018/thumbs/2000_crop_Highlands-Coffee-anh1.jpg,https://www.highlandscoffee.com.vn/vn/he-thong-cua-hang/1147/x.html,Hồ Chí Minh
1149,Highlands Coffee 631 Le Duc Tho Go Vap,"631 Lê Đức Thọ, Phường 16, Quận Gò Vấp, TP. Hồ Chí Minh",028 7300 6717,7:00 – 23:00 * 7 ngày/ tuần,,https://www.highlandscoffee.com.vn/vnt_upload/dealer/02_2018/thumbs/2000_crop_Highlands-Coffee-anh1.jpg,https://www.highlandscoffee.com.vn/vn/he-thong-cua-hang/1149/x.html,Hồ Chí Minh
1148,Highlands Coffee Vincom Ocean Park 2 HY,"L1-38A, Vincom Mega Mall Ocean City, Xã Nghĩa Trụ, Huyện Văn Giang, Tỉnh Hưng Yên",0221 7302668,7:00 – 23:00 * 7 ngày/ tuần,,https://www.highlandscoffee.com.vn/vnt_upload/dealer/02_2018/thumbs/2000_crop_Highlands-Coffee-anh1.jpg,https://www.highlandscoffee.com.vn/vn/he-thong-cua-hang/1148/x.html,Hưng Yên
1152,Highlands Coffee The Grand Expo Dong Anh,"Trung tâm Hội chợ Triển lãm Quốc gia, Đông Hội, Đông Anh, Hà Nội",,7:00 – 17:00 * 7 ngày/ tuần,,https://www.highlandscoffee.com.vn/vnt_upload/dealer/02_2018/thumbs/2000_crop_Highlands-Coffee-anh1.jpg,https://www.highlandscoffee.com.vn/vn/he-thong-cua-hang/1152/x.html,Quảng Bình
1150,Highlands Coffee Huynh Tan Phat Nha Be,"1917 Huỳnh Tấn Phát, Huyện Nhà Bè, TP. Hồ Chí Minh",028 7300 6703,7:00 – 22:00 * 7 ngày/ tuần,,https://www.highlandscoffee.com.vn/vnt_upload/dealer/02_2018/thumbs/2000_crop_Highlands-Coffee-anh1.jpg,https://www.highlandscoffee.com.vn/vn/he-thong-cua-hang/1150/x.html,Hồ Chí Minh
1153,Highlands Coffee Cho Dau Moi Nam Ha Noi,"Chợ đầu mối Nam Hà Nội, Km3+500, đường quốc lộ 21b, Xã Bình Minh, Thành phố Hà Nội, Việt Nam",0225 7300278,18:00 – 06:00 * 7 ngày/ tuần,,https://www.highlandscoffee.com.vn/vnt_upload/dealer/02_2018/thumbs/2000_crop_Highlands-Coffee-anh1.jpg,https://www.highlandscoffee.com.vn/vn/he-thong-cua-hang/1153/x.html,Hà Nội
1156,Highlands Coffee Mipec Xuan Thuy HN,"124 Đ. Xuân Thủy, Dịch Vọng Hậu, Cầu Giấy, Hà Nội",024 56780048,7:00 – 23:00 * 7 ngày/ tuần,,https://www.highlandscoffee.com.vn/vnt_upload/dealer/02_2018/thumbs/2000_crop_Highlands-Coffee-anh1.jpg,https://www.highlandscoffee.com.vn/vn/he-thong-cua-hang/1156/x.html,Hà Nội
1155,Highlands Coffee No.10 & No.28 Nha Trang,"Lô NV-05_28, Khu đô thị mới Phước Long, Phường Nam Nha Trang, Tỉnh Khánh Hòa",0258 730 0266,7:00 – 23:00 * 7 ngày/ tuần,,https://www.highlandscoffee.com.vn/vnt_upload/dealer/02_2018/thumbs/2000_crop_Highlands-Coffee-anh1.jpg,https://www.highlandscoffee.com.vn/vn/he-thong-cua-hang/1155/x.html,Khánh Hòa
1154,Highlands Coffee Dinh Vu Plaza Hai Phong,"Km 108, phố Đình Vũ, P. Đông Hải 2, Q. Hải An, TP. Hải Phòng",0225 7300276,,,https://www.highlandscoffee.com.vn/vnt_upload/dealer/02_2018/thumbs/2000_crop_Highlands-Coffee-anh1.jpg,https://www.highlandscoffee.com.vn/vn/he-thong-cua-hang/1154/x.html,Hải Phòng
1151,Highlands Coffee Post Office Hai Phong,"5 Nguyễn Tri Phương, Q. Hồng Bàng, Tp. Hải Phòng",022 57302968,7:00 – 23:00 * 7 ngày/ tuần,,https://www.highlandscoffee.com.vn/vnt_upload/dealer/02_2018/thumbs/2000_crop_Highlands-Coffee-anh1.jpg,https://www.highlandscoffee.com.vn/vn/he-thong-cua-hang/1151/x.html,Hải Phòng
1159,Highlands Coffee Huu Nghi Hotel QB,"22 Quách Xuân Kỳ, Đồng Hải, Đồng Hới, Quảng Bình",0232 7306668,7:00 – 23:00 * 7 ngày/ tuần,,https://www.highlandscoffee.com.vn/vnt_upload/dealer/02_2018/thumbs/2000_crop_Highlands-Coffee-anh1.jpg,https://www.highlandscoffee.com.vn/vn/he-thong-cua-hang/1159/x.html,Quảng Bình
1157,Highlands Coffee FV3 FPT Hoa Lac,"F-VILLE 3, Làng phần mềm số 8, khu CNC Hòa Lạc, H.Thạch Thất, Hà Nội",024 56780253,7:00 – 19:00 * 5 ngày/ tuần,,https://www.highlandscoffee.com.vn/vnt_upload/dealer/02_2018/thumbs/2000_crop_Highlands-Coffee-anh1.jpg,https://www.highlandscoffee.com.vn/vn/he-thong-cua-hang/1157/x.html,Hà Nội
1160,Highlands Coffee Samsora Premier Chu Van An HN,"105 P. Chu Văn An, P. Quang Trung, Hà Đông, Hà Nội",024 56780049,7:00 – 23:00 * 7 ngày/ tuần,,https://www.highlandscoffee.com.vn/vnt_upload/dealer/02_2018/thumbs/2000_crop_Highlands-Coffee-anh1.jpg,https://www.highlandscoffee.com.vn/vn/he-thong-cua-hang/1160/x.html,Quảng Trị
1158,Highlands Coffee Feliz Home Hoang Mai HN,"81b Ng. 279 Đ. Hoàng Mai, Hoàng Văn Thụ, Hai Bà Trưng, Hà Nội",024 56780256,7:00 – 23:00 * 7 ngày/ tuần,,https://www.highlandscoffee.com.vn/vnt_upload/dealer/02_2018/thumbs/2000_crop_Highlands-Coffee-anh1.jpg,https://www.highlandscoffee.com.vn/vn/he-thong-cua-hang/1158/x.html,Hà Nội
1162,Highlands Coffee Vo Van Ngan Thu Duc,"12-14-16 Võ Văn Ngân, Phường Trường Thọ, Thủ Đức, TP.HCM",0287 3001 658,7:00 – 23:00 * 7 ngày/ tuần,,https://www.highlandscoffee.com.vn/vnt_upload/dealer/02_2018/thumbs/2000_crop_Highlands-Coffee-anh1.jpg,https://www.highlandscoffee.com.vn/vn/he-thong-cua-hang/1162/x.html,Hồ Chí Minh
1163,Highlands Coffee AEON Tan An Long An,"Số 84 tuyến tránh Quốc lộ 1, Khu phố Bình Cư 3, Phường Long An, Tỉnh Tây Ninh, Việt Nam",0272 730 0189,10:00 – 22:00 * 7 ngày/ tuần,,https://www.highlandscoffee.com.vn/vnt_upload/dealer/02_2018/thumbs/2000_crop_Highlands-Coffee-anh1.jpg,https://www.highlandscoffee.com.vn/vn/he-thong-cua-hang/1163/x.html,Tây Ninh
1164,Highlands Coffee Pho Moi Thuy Nguyen HP,"Thửa đất số 505, 509, 510, tờ bản đồ số 01, Phường Thủy Nguyên, Thành phố Hải Phòng",0225 7300278,7:00 – 23:00 * 7 ngày/ tuần,,https://www.highlandscoffee.com.vn/vnt_upload/dealer/02_2018/thumbs/2000_crop_Highlands-Coffee-anh1.jpg,https://www.highlandscoffee.com.vn/vn/he-thong-cua-hang/1164/x.html,Hải Phòng
1166,Highlands Coffee No.2 Truong Tho Thu Duc,"92 Đường số 2, Phường Trường Thọ, Thủ Đức, TP.HCM",0287 3065 258,7:00 – 23:00 * 7 ngày/ tuần,,https://www.highlandscoffee.com.vn/vnt_upload/dealer/02_2018/thumbs/2000_crop_Highlands-Coffee-anh1.jpg,https://www.highlandscoffee.com.vn/vn/he-thong-cua-hang/1166/x.html,Hồ Chí Minh
1161,Highlands Coffee Ha Noi Center Point,"27 Lê Văn Lương, Phường Thanh Xuân, (Quận Thanh Xuân) Hà Nội",024 5678 0043,7:00 – 23:00 * 7 ngày/ tuần,,https://www.highlandscoffee.com.vn/vnt_upload/dealer/02_2018/thumbs/2000_crop_Highlands-Coffee-anh1.jpg,https://www.highlandscoffee.com.vn/vn/he-thong-cua-hang/1161/x.html,Hà Nội
1165,Highlands Coffee Hoan My Bien Hoa DN,"1048A Phạm Văn Thuận, Tân Mai, Biên Hòa, Đồng Nai",0251 730 0757,7:00 – 17:00 * 7 ngày/ tuần,,https://www.highlandscoffee.com.vn/vnt_upload/dealer/02_2018/thumbs/2000_crop_Highlands-Coffee-anh1.jpg,https://www.highlandscoffee.com.vn/vn/he-thong-cua-hang/1165/x.html,Đồng Nai
1167,Highlands Coffee Marina Central D1,"Tầng 4 - Tòa nhà Marina Central, 02 Tôn Đức Thắng, Phường Bến Nghé, Quận 01, TP. Hồ Chí Minh",028 7301 1655,9:00 – 21:00 * 7 ngày/ tuần,,https://www.highlandscoffee.com.vn/vnt_upload/dealer/02_2018/thumbs/2000_crop_Highlands-Coffee-anh1.jpg,https://www.highlandscoffee.com.vn/vn/he-thong-cua-hang/1167/x.html,Hồ Chí Minh
1169,Highlands Coffee Ga Xe Lua Saigon,"Ga xe lửa Sài Gòn, 01 Nguyễn Thông, Phường 9, Quận 3, TP.HCM",0287 3001 659,04:00 – 19:00 * 7 ngày/ tuần,,https://www.highlandscoffee.com.vn/vnt_upload/dealer/02_2018/thumbs/2000_crop_Highlands-Coffee-anh1.jpg,https://www.highlandscoffee.com.vn/vn/he-thong-cua-hang/1169/x.html,Hồ Chí Minh
1168,Highlands Coffee Vincom Vu Yen Hai Phong,"Vincom Mega Mall Vũ Yên, Đảo Vũ Yên, Huyện Thủy Nguyên & Hải An,Thành Phố Hải Phòng",0225 7300284,7:00 – 23:00 * 7 ngày/ tuần,,https://www.highlandscoffee.com.vn/vnt_upload/dealer/02_2018/thumbs/2000_crop_Highlands-Coffee-anh1.jpg,https://www.highlandscoffee.com.vn/vn/he-thong-cua-hang/1168/x.html,Hải Phòng
1170,Highlands Coffee Historical Museum HCMC,"Bảo Tàng Lịch Sử, 02 Nguyễn Bỉnh Khiêm, P. Bến Nghé, Quận 1, TP..HCM",028 7302 2822,7:00 – 23:00 * 7 ngày/ tuần,,https://www.highlandscoffee.com.vn/vnt_upload/dealer/02_2018/thumbs/2000_crop_Highlands-Coffee-anh1.jpg,https://www.highlandscoffee.com.vn/vn/he-thong-cua-hang/1170/x.html,Hồ Chí Minh
1171,Highlands Coffee Le Trong Tan BD,"132 Lê Trọng Tấn, Phường An Bình, Thành phố Dĩ An, Tỉnh Bình Dương",0274 730 0669,7:00 – 22:00 * 7 ngày/ tuần,,https://www.highlandscoffee.com.vn/vnt_upload/dealer/02_2018/thumbs/2000_crop_Highlands-Coffee-anh1.jpg,https://www.highlandscoffee.com.vn/vn/he-thong-cua-hang/1171/x.html,Bình Dương
1172,Highlands Coffee Hoan My Da Nang,"Số 161 Nguyễn Văn Linh, Phường Thanh Khê, Thành phố Đà Nẵng",0236 730 2420,6:30 – 10:30 * 7 ngày/ tuần,,https://www.highlandscoffee.com.vn/vnt_upload/dealer/02_2018/thumbs/2000_crop_Highlands-Coffee-anh1.jpg,https://www.highlandscoffee.com.vn/vn/he-thong-cua-hang/1172/x.html,Đà Nẵng
1173,Highlands Coffee Ba Na Hill 2 Da Nang,"Kiosk 03, Đường Carnival, Quần thể khu du lịch sinh thái Bà Nà -Suối Mơ, Thôn An Sơn, Xã Bà Nà, TP. Đà Nẵng",0236 730 2426,8:30 – 17:00 * 7 ngày/ tuần,,https://www.highlandscoffee.com.vn/vnt_upload/dealer/02_2018/thumbs/2000_crop_Highlands-Coffee-anh1.jpg,https://www.highlandscoffee.com.vn/vn/he-thong-cua-hang/1173/x.html,Đà Nẵng
1174,Highlands Coffee Buon Ma Thuot Airport,"Hòa Thắng, Buôn Ma Thuột, Đắk Lắk",0262 7300 676,7:00 – 23:00 * 7 ngày/ tuần,,https://www.highlandscoffee.com.vn/vnt_upload/dealer/02_2018/thumbs/2000_crop_Highlands-Coffee-anh1.jpg,https://www.highlandscoffee.com.vn/vn/he-thong-cua-hang/1174/x.html,Đắk Lắk
1175,Highlands Coffee Buon Ma Thuot Airport 2,"Hòa Thắng, Buôn Ma Thuột, Đắk Lắk",0262 7300 675,7:00 – 23:00 * 7 ngày/ tuần,,https://www.highlandscoffee.com.vn/vnt_upload/dealer/02_2018/thumbs/2000_crop_Highlands-Coffee-anh1.jpg,https://www.highlandscoffee.com.vn/vn/he-thong-cua-hang/1175/x.html,Đắk Lắk
1176,Highlands Coffee 9A Ky Dong D3,"9A Kỳ Đồng, Phường Nhiêu Lộc, TP. Hồ Chí Minh",028 7300 4334,7:00 – 23:00 * 7 ngày/ tuần,,https://www.highlandscoffee.com.vn/vnt_upload/dealer/02_2018/thumbs/2000_crop_Highlands-Coffee-anh1.jpg,https://www.highlandscoffee.com.vn/vn/he-thong-cua-hang/1176/x.html,Hồ Chí Minh
1177,Highlands Coffee A7 Suong Mai Da Lat,"Lô A7 Khu Quy Hoạch Sương Mai, Phường 9, Đà Lạt, Lâm Đồng",028 7302 9907,7:00 – 22:00 * 7 ngày/ tuần,,https://www.highlandscoffee.com.vn/vnt_upload/dealer/02_2018/thumbs/2000_crop_Highlands-Coffee-anh1.jpg,https://www.highlandscoffee.com.vn/vn/he-thong-cua-hang/1177/x.html,Lâm Đồng
1178,Highlands Coffee Lotte Mart Da Nang 2,"6 Nại Nam, phường Hòa Cường Bắc, quận Hải Châu, Tp. Đà Nẵng",02367301549,7:00 – 23:00 * 7 ngày/ tuần,,https://www.highlandscoffee.com.vn/vnt_upload/dealer/02_2018/thumbs/2000_crop_Highlands-Coffee-anh1.jpg,https://www.highlandscoffee.com.vn/vn/he-thong-cua-hang/1178/x.html,Đà Nẵng
1179,Highlands Coffee Tropical VH Grand Park D9,"BS1001.S04, Tropical Vinhome Grand Park , Phường Long Bình, TP. Hồ Chí Minh",028 7300 4699,7:00 – 23:00 * 7 ngày/ tuần,,https://www.highlandscoffee.com.vn/vnt_upload/dealer/02_2018/thumbs/2000_crop_Highlands-Coffee-anh1.jpg,https://www.highlandscoffee.com.vn/vn/he-thong-cua-hang/1179/x.html,Hồ Chí Minh
1180,Highlands Coffee VCCI Tower Dao Duy Anh HN,"Toà Nhà VCCI Tower số 9 Đào Duy Anh, Đống Đa, HN",024 56784880,T2-6: 7-18h T7: 7-12h CN nghỉ,,https://www.highlandscoffee.com.vn/vnt_upload/dealer/02_2018/thumbs/2000_crop_Highlands-Coffee-anh1.jpg,https://www.highlandscoffee.com.vn/vn/he-thong-cua-hang/1180/x.html,Hà Nội
1181,Highlands Coffee Dang Tat Nha Trang,"1 Bãi Dương, Phường Bắc Nha Trang, Khánh Hòa",0258 730 0676,7:00 – 23:00 * 7 ngày/ tuần,,https://www.highlandscoffee.com.vn/vnt_upload/dealer/02_2018/thumbs/2000_crop_Highlands-Coffee-anh1.jpg,https://www.highlandscoffee.com.vn/vn/he-thong-cua-hang/1181/x.html,Khánh Hòa
1182,Highlands Coffee Ga Da Lat LD,"01 Quang Trung, Phường Xuân Hương, Đà Lạt, Lâm Đồng",0263 730 0189,7:00 – 22:00 * 7 ngày/ tuần,,https://www.highlandscoffee.com.vn/vnt_upload/dealer/02_2018/thumbs/2000_crop_Highlands-Coffee-anh1.jpg,https://www.highlandscoffee.com.vn/vn/he-thong-cua-hang/1182/x.html,Lâm Đồng
1183,Highlands Coffee D1 Thu Dau Mot BD,"Số 106 Đường D1, KDC Phú Hòa 1, Thủ Dầu Một, Bình Dương",028 73000878,7:00 – 22:00 * 7 ngày/ tuần,,https://www.highlandscoffee.com.vn/vnt_upload/dealer/02_2018/thumbs/2000_crop_Highlands-Coffee-anh1.jpg,https://www.highlandscoffee.com.vn/vn/he-thong-cua-hang/1183/x.html,Bình Dương
1184,Highlands Coffee Ben tau song Hong HN,"Bến Tàu Sông Hồng, Số 46 Chương Dương Độ, Quận Hoàn Kiếm, HN",024 5678 0779,7:00 – 23:00 * 7 ngày/ tuần,,https://www.highlandscoffee.com.vn/vnt_upload/dealer/02_2018/thumbs/2000_crop_Highlands-Coffee-anh1.jpg,https://www.highlandscoffee.com.vn/vn/he-thong-cua-hang/1184/x.html,Hà Nội
1185,Highlands Coffee Go! Ninh Binh,"Số 10, Đường Trần Nhân Tông, Xã Ninh Phúc, TP Ninh Bình, Tỉnh Ninh Bình",0229 7300158,8:00 – 22:00 * 7 ngày/ tuần,,https://www.highlandscoffee.com.vn/vnt_upload/dealer/02_2018/thumbs/2000_crop_Highlands-Coffee-anh1.jpg,https://www.highlandscoffee.com.vn/vn/he-thong-cua-hang/1185/x.html,Ninh Bình
1186,Highlands Coffee 181 Nhat Chieu Ha Noi,"181 P. Nhật Chiêu, Nhật Tân, Tây Hồ, Hà Nội",024 56784881,7:00 – 23:00 * 7 ngày/ tuần,,https://www.highlandscoffee.com.vn/vnt_upload/dealer/02_2018/thumbs/2000_crop_Highlands-Coffee-anh1.jpg,https://www.highlandscoffee.com.vn/vn/he-thong-cua-hang/1186/x.html,Hà Nội
1187,Highlands Coffee Bui Van Hoa DN,"132 Bùi Văn Hòa, Trấn Biên, Biên Hòa, Đồng Nai",0251 730 3660,7:00 – 22:00 * 7 ngày/ tuần,,https://www.highlandscoffee.com.vn/vnt_upload/dealer/02_2018/thumbs/2000_crop_Highlands-Coffee-anh1.jpg,https://www.highlandscoffee.com.vn/vn/he-thong-cua-hang/1187/x.html,Đồng Nai
1188,Highlands Coffee 43C Hai Thang Tu NT,"43C Hai Tháng Tư, phường Bắc Nha Trang, Khánh Hoà",0236 730 1668,7:00 – 23:00 * 7 ngày/ tuần,,https://www.highlandscoffee.com.vn/vnt_upload/dealer/02_2018/thumbs/2000_crop_Highlands-Coffee-anh1.jpg,https://www.highlandscoffee.com.vn/vn/he-thong-cua-hang/1188/x.html,Khánh Hòa
1189,Highlands Coffee Celia Nesta Da Nang,"254 Võ Nguyên Giáp, Sơn Trà, Đà Nẵng",0236 730 8258,7:00 – 23:00 * 7 ngày/ tuần,,https://www.highlandscoffee.com.vn/vnt_upload/dealer/02_2018/thumbs/2000_crop_Highlands-Coffee-anh1.jpg,https://www.highlandscoffee.com.vn/vn/he-thong-cua-hang/1189/x.html,Đà Nẵng
1190,Highlands Coffee 59-61 Nguyen Dinh Thi HN,"59-61 P. Nguyễn Đình Thi, Thuỵ Khuê, Tây Hồ, Hà Nội",024 56780087,7:00 – 23:00 * 7 ngày/ tuần,,https://www.highlandscoffee.com.vn/vnt_upload/dealer/02_2018/thumbs/2000_crop_Highlands-Coffee-anh1.jpg,https://www.highlandscoffee.com.vn/vn/he-thong-cua-hang/1190/x.html,Hà Nội
1192,Highlands Coffee Hoan My Hospital Thu Duc,"241 Quốc Lộ 1K, Phường Linh Xuân, TP.HCM",02873019939,7:00 – 22:00 * 7 ngày/ tuần,,https://www.highlandscoffee.com.vn/vnt_upload/dealer/02_2018/thumbs/2000_crop_Highlands-Coffee-anh1.jpg,https://www.highlandscoffee.com.vn/vn/he-thong-cua-hang/1192/x.html,Hồ Chí Minh
1191,Highlands Coffee Coopmart Bcons BD,"Thống Nhất, Phường Đông Hòa, Bình Dương",028 730 09897,7:00 – 22:00 * 7 ngày/ tuần,,https://www.highlandscoffee.com.vn/vnt_upload/dealer/02_2018/thumbs/2000_crop_Highlands-Coffee-anh1.jpg,https://www.highlandscoffee.com.vn/vn/he-thong-cua-hang/1191/x.html,Bình Dương
1193,Highlands Coffee 148 Ly Anh Tong Bac Ninh,"114 Đường Lý Anh Tông, Phường Võ Cường, Thành phố Bắc Ninh",022 2730 0115,7:00 – 23:00 * 7 ngày/ tuần,,https://www.highlandscoffee.com.vn/vnt_upload/dealer/02_2018/thumbs/2000_crop_Highlands-Coffee-anh1.jpg,https://www.highlandscoffee.com.vn/vn/he-thong-cua-hang/1193/x.html,Bắc Ninh
1195,Highlands Coffee Phan Van Tri Go Vap,"445-445A Phan Văn Trị, Phường An Nhơn, TP.HCM",02873009901,7:00 – 23:00 * 7 ngày/ tuần,,https://www.highlandscoffee.com.vn/vnt_upload/dealer/02_2018/thumbs/2000_crop_Highlands-Coffee-anh1.jpg,https://www.highlandscoffee.com.vn/vn/he-thong-cua-hang/1195/x.html,Hồ Chí Minh
1196,Highlands Coffee Huong Lo 3 Binh Tan,"457- 457A- 457B Hương Lộ 3, Khu Phố 8, Phường Bình Hưng Hòa, TP.HCM",02873006700,7:00 – 23:00 * 7 ngày/ tuần,,https://www.highlandscoffee.com.vn/vnt_upload/dealer/02_2018/thumbs/2000_crop_Highlands-Coffee-anh1.jpg,https://www.highlandscoffee.com.vn/vn/he-thong-cua-hang/1196/x.html,Hồ Chí Minh
1197,Highlands Coffee Muong Thanh Sai Gon Centre,"8-8A Mạc Đỉnh Chi, Phường Bến Nghé, TP.HCM",,7:00 – 23:00 * 7 ngày/ tuần,,https://www.highlandscoffee.com.vn/vnt_upload/dealer/02_2018/thumbs/2000_crop_Highlands-Coffee-anh1.jpg,https://www.highlandscoffee.com.vn/vn/he-thong-cua-hang/1197/x.html,Hồ Chí Minh
1194,Highlands Coffee QT09-11 Vincom Shophouse Vinh,"QT09-11 Vincom Shophouse Vinh, Đường Quang Trung, TP Vinh, Nghệ An",023 8730 0323,7:00 – 23:00 * 7 ngày/ tuần,,https://www.highlandscoffee.com.vn/vnt_upload/dealer/02_2018/thumbs/2000_crop_Highlands-Coffee-anh1.jpg,https://www.highlandscoffee.com.vn/vn/he-thong-cua-hang/1194/x.html,Nghệ An
1198,Highlands Coffee 301 Doi Can HN,"301 Đội Cấn, Ngọc Hà, Hà Nội",024 56785001,7:00 – 23:00 * 7 ngày/ tuần,,https://www.highlandscoffee.com.vn/vnt_upload/dealer/02_2018/thumbs/2000_crop_Highlands-Coffee-anh1.jpg,https://www.highlandscoffee.com.vn/vn/he-thong-cua-hang/1198/x.html,Hà Nội
1200,Highlands Coffee Muong Thanh Tuyen Quang,"Số 207, đường Bình Thuận, tổ 13, phường Minh Xuân tỉnh Tuyên Quang.",,7:00 – 23:00 * 7 ngày/ tuần,,https://www.highlandscoffee.com.vn/vnt_upload/dealer/02_2018/thumbs/2000_crop_Highlands-Coffee-anh1.jpg,https://www.highlandscoffee.com.vn/vn/he-thong-cua-hang/1200/x.html,Tuyên Quang
1199,Highlands Coffee Muong Thanh Phu Tho,"Lô CC17, Quảng trường Hùng Vương, Phú Thọ",,7:00 – 23:00 * 7 ngày/ tuần,,https://www.highlandscoffee.com.vn/vnt_upload/dealer/02_2018/thumbs/2000_crop_Highlands-Coffee-anh1.jpg,https://www.highlandscoffee.com.vn/vn/he-thong-cua-hang/1199/x.html,Phú Thọ
1202,Highlands Coffee Phong Nha Ke Bang,"Vườn Quốc gia Phong Nha - Kẻ Bàng, Bố Trạch, tỉnh Quảng Bình",0220 7300582,,,https://www.highlandscoffee.com.vn/vnt_upload/dealer/02_2018/thumbs/2000_crop_Highlands-Coffee-anh1.jpg,https://www.highlandscoffee.com.vn/vn/he-thong-cua-hang/1202/x.html,Quảng Bình
1203,Highlands Coffee Muong Thanh Thanh Hoa,"Lô OC1, Võ Nguyên Giáp, KDT Nam, Thanh Hóa",,7:00 – 23:00 * 7 ngày/ tuần,,https://www.highlandscoffee.com.vn/vnt_upload/dealer/02_2018/thumbs/2000_crop_Highlands-Coffee-anh1.jpg,https://www.highlandscoffee.com.vn/vn/he-thong-cua-hang/1203/x.html,Thanh Hóa
1201,Highlands Coffee Sun Plaza Thuy Khue HN,"69B Đ. Thụy Khuê, Thuỵ Khuê, Tây Hồ, Hà Nội",,,,https://www.highlandscoffee.com.vn/vnt_upload/dealer/02_2018/thumbs/2000_crop_Highlands-Coffee-anh1.jpg,https://www.highlandscoffee.com.vn/vn/he-thong-cua-hang/1201/x.html,Hà Nội
1205,Highlands Coffee N04 Hoang Dao Thuy HN,"Chung cư N04 Hoàng Đạo Thúy- KĐT Đông Nam Trần Duy Hưng, quận Cầu Giấy, TP Hà Nội",024 5678 5650,7:00 – 23:00 * 7 ngày/ tuần,,https://www.highlandscoffee.com.vn/vnt_upload/dealer/02_2018/thumbs/2000_crop_Highlands-Coffee-anh1.jpg,https://www.highlandscoffee.com.vn/vn/he-thong-cua-hang/1205/x.html,Hà Nội
1204,Highlands Coffee Thi Nghe Post Office,"23 Xô Viết Nghệ Tĩnh, Phường Gia Định, TP.HCM",02873010323,7:00 – 23:00 * 7 ngày/ tuần,,https://www.highlandscoffee.com.vn/vnt_upload/dealer/02_2018/thumbs/2000_crop_Highlands-Coffee-anh1.jpg,https://www.highlandscoffee.com.vn/vn/he-thong-cua-hang/1204/x.html,Hồ Chí Minh
1207,Highlands Coffee Muong Thanh Quang Nam,"351A Hùng Vương, Phường An Xuân, Tam Kỳ, Quảng Nam",,7:00 – 22:00 * 7 ngày/ tuần,,https://www.highlandscoffee.com.vn/vnt_upload/dealer/02_2018/thumbs/2000_crop_Highlands-Coffee-anh1.jpg,https://www.highlandscoffee.com.vn/vn/he-thong-cua-hang/1207/x.html,Quảng Nam
1206,Highlands Coffee Muong Thanh Da Nang,"Số 962 Đường Ngô Quyền, Phường An Hải, Thành phố Đà Nẵng",,7:00 – 22:00 * 7 ngày/ tuần,,https://www.highlandscoffee.com.vn/vnt_upload/dealer/02_2018/thumbs/2000_crop_Highlands-Coffee-anh1.jpg,https://www.highlandscoffee.com.vn/vn/he-thong-cua-hang/1206/x.html,Đà Nẵng
1208,Highlands Coffee Muong Thanh Can Tho,"Khu E1, Cồn Cái Khế, Phường Cái Khế, Thành Phố Cần Thơ, Việt Nam",,7:00 – 22:00 * 7 ngày/ tuần,,https://www.highlandscoffee.com.vn/vnt_upload/dealer/02_2018/thumbs/2000_crop_Highlands-Coffee-anh1.jpg,https://www.highlandscoffee.com.vn/vn/he-thong-cua-hang/1208/x.html,Cần Thơ
1209,Highlands Coffee Muong Thanh Ca Mau,"Lô C03A, khu Trung tâm hành chính chính trị tỉnh Cà Mau, Phường An Xuyên, Tỉnh Cà Mau",,7:00 – 22:00 * 7 ngày/ tuần,,https://www.highlandscoffee.com.vn/vnt_upload/dealer/02_2018/thumbs/2000_crop_Highlands-Coffee-anh1.jpg,https://www.highlandscoffee.com.vn/vn/he-thong-cua-hang/1209/x.html,Cà Mau
1211,Highlands Coffee Go! Thanh Hoa,"Go Mall Thanh Hóa, Phố Đồng Lễ, Đông Hải, Thanh Hóa",0237 7300037,8:00 – 22:00 * 7 ngày/ tuần,,https://www.highlandscoffee.com.vn/vnt_upload/dealer/02_2018/thumbs/2000_crop_Highlands-Coffee-anh1.jpg,https://www.highlandscoffee.com.vn/vn/he-thong-cua-hang/1211/x.html,Thanh Hóa
1210,Highlands Coffee Warehouse Noi Bai,"Ô số 8, Trung tâm Điều hành cảng Hàng không Miền Bắc, Đường Võ Văn Kiệt, xã Phú Minh, huyện Sóc Sơn, Hà Nội",024 56780308,7:00 – 23:00 * 7 ngày/ tuần,,https://www.highlandscoffee.com.vn/vnt_upload/dealer/02_2018/thumbs/2000_crop_Highlands-Coffee-anh1.jpg,https://www.highlandscoffee.com.vn/vn/he-thong-cua-hang/1210/x.html,Hà Nội
1214,Highlands Coffee Ben Bach Dang D1,"10B Tôn Đức Thắng, Phường Sài Gòn, TP.HCM",028 7303 9897,7:00 – 23:00 * 7 ngày/ tuần,,https://www.highlandscoffee.com.vn/vnt_upload/dealer/02_2018/thumbs/2000_crop_Highlands-Coffee-anh1.jpg,https://www.highlandscoffee.com.vn/vn/he-thong-cua-hang/1214/x.html,Hồ Chí Minh
1215,Highlands Coffee Phan Van Hon Hoc Mon,"2 Phan Văn Hớn, Xã Bà Điểm, TP.HCM",02873010072,7:00 – 22:00 * 7 ngày/ tuần,,https://www.highlandscoffee.com.vn/vnt_upload/dealer/02_2018/thumbs/2000_crop_Highlands-Coffee-anh1.jpg,https://www.highlandscoffee.com.vn/vn/he-thong-cua-hang/1215/x.html,Hồ Chí Minh
1213,Highlands Coffee Go! Hai Duong,"Km 54+100, QL5, P. Nhị Châu, TP. Hải Dương",022 5730 0583,8:00 – 22:00 * 7 ngày/ tuần,,https://www.highlandscoffee.com.vn/vnt_upload/dealer/02_2018/thumbs/2000_crop_Highlands-Coffee-anh1.jpg,https://www.highlandscoffee.com.vn/vn/he-thong-cua-hang/1213/x.html,Hải Dương
1212,Highlands Coffee Central Garden D1,"328 Võ Văn Kiệt, Phường Cầu Ông Lãnh, TP.HCM",028 7308 0769,T2 - T6: 7h00 - 18:00 T7: 7h00 - 12:00 CN: CLosed,,https://www.highlandscoffee.com.vn/vnt_upload/dealer/02_2018/thumbs/2000_crop_Highlands-Coffee-anh1.jpg,https://www.highlandscoffee.com.vn/vn/he-thong-cua-hang/1212/x.html,Hồ Chí Minh
1216,Highlands Coffee Ga Da Nang,"791 Hải Phòng, Phường Thanh Khê, Đà Nẵng",02367 302 391,6:30 – 23:00 * 7 ngày/ tuần,,https://www.highlandscoffee.com.vn/vnt_upload/dealer/02_2018/thumbs/2000_crop_Highlands-Coffee-anh1.jpg,https://www.highlandscoffee.com.vn/vn/he-thong-cua-hang/1216/x.html,Hải Phòng
1218,Highlands Coffee Hoang Minh Giam Phu Nhuan,"3 Hoàng Minh Giám, Phường Đức Thuận, TP.HCM",02873010283,7:00 – 23:00 * 7 ngày/ tuần,,https://www.highlandscoffee.com.vn/vnt_upload/dealer/02_2018/thumbs/2000_crop_Highlands-Coffee-anh1.jpg,https://www.highlandscoffee.com.vn/vn/he-thong-cua-hang/1218/x.html,Hồ Chí Minh
1217,Highlands Coffee Thang Long Tower,"98a P. Ngụy Như Kon Tum, Nhân Chính, Thanh Xuân, Hà Nội",02456780010,T2-6: 7-18h T7: 7-12h CN nghỉ,,https://www.highlandscoffee.com.vn/vnt_upload/dealer/02_2018/thumbs/2000_crop_Highlands-Coffee-anh1.jpg,https://www.highlandscoffee.com.vn/vn/he-thong-cua-hang/1217/x.html,Hà Nội
1220,Highlands Coffee,"169 Hoàng Sa, Phường Tân Định, TP.HCM",0287 303 6987,7:00 – 23:00 * 7 ngày/ tuần,,https://www.highlandscoffee.com.vn/vnt_upload/dealer/02_2018/thumbs/2000_crop_Highlands-Coffee-anh1.jpg,https://www.highlandscoffee.com.vn/vn/he-thong-cua-hang/1220/x.html,Hồ Chí Minh
1219,Highlands Coffee Tan Binh Post Office,"288A Hoàng Văn Thụ, Phường Tân Sơn Nhất, TP.HCM",02873011247,7:00 – 23:00 * 7 ngày/ tuần,,https://www.highlandscoffee.com.vn/vnt_upload/dealer/02_2018/thumbs/2000_crop_Highlands-Coffee-anh1.jpg,https://www.highlandscoffee.com.vn/vn/he-thong-cua-hang/1219/x.html,Hồ Chí Minh
1222,Highlands Coffee HMC Tower D1,"193 Đinh Tiên Hoàng, Phường Tân Định, TP.HCM",0287 3090 679,7:00 – 23:00 * 7 ngày/ tuần,,https://www.highlandscoffee.com.vn/vnt_upload/dealer/02_2018/thumbs/2000_crop_Highlands-Coffee-anh1.jpg,https://www.highlandscoffee.com.vn/vn/he-thong-cua-hang/1222/x.html,Hồ Chí Minh
1221,Highlands Coffee 174 Binh Thuan Tuyen Quang,"Số Nhà 174, Đường Bình Thuận, Tổ Dân Phố Tân Quang 10, Phường Minh Xuân, Tỉnh Tuyên Quang, Việt Nam",0207 7300068,7:00 – 23:00 * 7 ngày/ tuần,,https://www.highlandscoffee.com.vn/vnt_upload/dealer/02_2018/thumbs/2000_crop_Highlands-Coffee-anh1.jpg,https://www.highlandscoffee.com.vn/vn/he-thong-cua-hang/1221/x.html,Tuyên Quang
1223,Highlands Coffee KCN My Phuoc 3 Ben Cat BD,"KCN Mỹ Phước 3, Đường NE8, Phường Thới Hòa, TP.HCM",0274 730 1529,7:00 – 23:00 * 7 ngày/ tuần,,https://www.highlandscoffee.com.vn/vnt_upload/dealer/02_2018/thumbs/2000_crop_Highlands-Coffee-anh1.jpg,https://www.highlandscoffee.com.vn/vn/he-thong-cua-hang/1223/x.html,Hồ Chí Minh
1225,Highlands Coffee Central Retail Phu Nhuan,"163 Phan Đăng Lưu, Phường Cầu Kiệu, TP.HCM",0287 3000 179,7:00 – 18:00 * 5 ngày/ tuần,,https://www.highlandscoffee.com.vn/vnt_upload/dealer/02_2018/thumbs/2000_crop_Highlands-Coffee-anh1.jpg,https://www.highlandscoffee.com.vn/vn/he-thong-cua-hang/1225/x.html,Hồ Chí Minh
1226,Highlands Coffee Phuong Dong Hospital HN,"9 P. Viên, Phường Đông Ngạc, Bắc Từ Liêm, Hà Nội",024 56785004,7:00 – 23:00 * 7 ngày/ tuần,,https://www.highlandscoffee.com.vn/vnt_upload/dealer/02_2018/thumbs/2000_crop_Highlands-Coffee-anh1.jpg,https://www.highlandscoffee.com.vn/vn/he-thong-cua-hang/1226/x.html,Hà Nội
1227,Highlands Coffee Le Thi Rieng D12,"D1-D2 Lê Thị Riêng, Phường Thới An, TP.HCM",0287 304 9579,7:00 – 22:00 * 7 ngày/ tuần,,https://www.highlandscoffee.com.vn/vnt_upload/dealer/02_2018/thumbs/2000_crop_Highlands-Coffee-anh1.jpg,https://www.highlandscoffee.com.vn/vn/he-thong-cua-hang/1227/x.html,Hồ Chí Minh
1228,Highlands Coffee Emart Phan Van Tri Go Vap,"Tầng 1- Emart Phan Văn Trị, 366 Phan Văn Trị, Phường An Nhơn, TP.HCM",0287 3013 166,7:00 – 22:00 * 7 ngày/ tuần,,https://www.highlandscoffee.com.vn/vnt_upload/dealer/02_2018/thumbs/2000_crop_Highlands-Coffee-anh1.jpg,https://www.highlandscoffee.com.vn/vn/he-thong-cua-hang/1228/x.html,Hồ Chí Minh
1224,Highlands Coffee Vo Nguyen Giap Da Nang,"180 Võ Nguyên Giáp, Phường An Hải, Đà Nẵng",0236 730 2259,6:30 – 23:00 * 7 ngày/ tuần,,https://www.highlandscoffee.com.vn/vnt_upload/dealer/02_2018/thumbs/2000_crop_Highlands-Coffee-anh1.jpg,https://www.highlandscoffee.com.vn/vn/he-thong-cua-hang/1224/x.html,Đà Nẵng
1229,Highlands Coffee Cam Ranh Airport 2,"Nguyễn Tất Thành, Cam Nghĩa, Cam Ranh, Khánh Hòa",0258 7300 394,7:00 – 23:00 * 7 ngày/ tuần,,https://www.highlandscoffee.com.vn/vnt_upload/dealer/02_2018/thumbs/2000_crop_Highlands-Coffee-anh1.jpg,https://www.highlandscoffee.com.vn/vn/he-thong-cua-hang/1229/x.html,Khánh Hòa
1230,Highlands Coffee Cung Van Hoa 45 Lach Tray HP,"Cung Văn hóa Thể thao Thanh niên, số 45 Lạch Tray, Ngô Quyền, Hải Phòng",0225 7300569,7:00 – 23:00 * 7 ngày/ tuần,,https://www.highlandscoffee.com.vn/vnt_upload/dealer/02_2018/thumbs/2000_crop_Highlands-Coffee-anh1.jpg,https://www.highlandscoffee.com.vn/vn/he-thong-cua-hang/1230/x.html,Hải Phòng
1232,Highlands Coffee Mega Mall Da Nang,"Mega Mall, Nguyễn Sinh Sắc, Phường Hòa Khánh Nam, Quận Liên Chiểu, Thành phố Đà Nẵng",0236 730 2394,7:00 – 22:00 * 7 ngày/ tuần,,https://www.highlandscoffee.com.vn/vnt_upload/dealer/02_2018/thumbs/2000_crop_Highlands-Coffee-anh1.jpg,https://www.highlandscoffee.com.vn/vn/he-thong-cua-hang/1232/x.html,Đà Nẵng
1233,Highlands Coffee Go! Mall Da Nang,"Khu Thương Mại, 257 Hùng Vương, Phường Thanh Khê, Đà Nẵng",0236 730 1571,7:00 – 22:00 * 7 ngày/ tuần,,https://www.highlandscoffee.com.vn/vnt_upload/dealer/02_2018/thumbs/2000_crop_Highlands-Coffee-anh1.jpg,https://www.highlandscoffee.com.vn/vn/he-thong-cua-hang/1233/x.html,Đà Nẵng
1234,Highlands Coffee Go! Tra Vinh,"Võ Nguyên Giáp, Phường Nguyệt Hóa, Vĩnh Long",0294 730 0068,7:00 – 22:00 * 7 ngày/ tuần,,https://www.highlandscoffee.com.vn/vnt_upload/dealer/02_2018/thumbs/2000_crop_Highlands-Coffee-anh1.jpg,https://www.highlandscoffee.com.vn/vn/he-thong-cua-hang/1234/x.html,Vĩnh Long
1236,Highlands Coffee Go! Ben Tre,"Võ Nguyên Giáp, Phường Sơn Đông, Vĩnh Long",0270 730 0368,7:00 – 22:00 * 7 ngày/ tuần,,https://www.highlandscoffee.com.vn/vnt_upload/dealer/02_2018/thumbs/2000_crop_Highlands-Coffee-anh1.jpg,https://www.highlandscoffee.com.vn/vn/he-thong-cua-hang/1236/x.html,Vĩnh Long
1235,Highlands Coffee Go! Can Tho,"Quang Trung, Phường Cái Răng, TP. Cần Thơ",0292 7300 236,7:00 – 22:00 * 7 ngày/ tuần,,https://www.highlandscoffee.com.vn/vnt_upload/dealer/02_2018/thumbs/2000_crop_Highlands-Coffee-anh1.jpg,https://www.highlandscoffee.com.vn/vn/he-thong-cua-hang/1235/x.html,Cần Thơ
1231,Highlands Coffee 90 Tran Thai Tong HN,"90 Trần Thái Tông, Dịch Vọng Hậu, Cầu Giấy, Hà Nội",024 56785001,7:00 – 23:00 * 7 ngày/ tuần,,https://www.highlandscoffee.com.vn/vnt_upload/dealer/02_2018/thumbs/2000_crop_Highlands-Coffee-anh1.jpg,https://www.highlandscoffee.com.vn/vn/he-thong-cua-hang/1231/x.html,Hà Nội
1237,Highlands Coffee Lotte Le Dai Hanh D11,"Lotte Lê Đại Hành, 963 Đường 3/2, Phường Phú Thọ, TP. HCM",0287 301 2545,8:00 – 22:00 * 7 ngày/ tuần,,https://www.highlandscoffee.com.vn/vnt_upload/dealer/02_2018/thumbs/2000_crop_Highlands-Coffee-anh1.jpg,https://www.highlandscoffee.com.vn/vn/he-thong-cua-hang/1237/x.html,Phú Thọ
1238,Highlands Coffee Ngoc Lam Post Office HN,"Số 366, Phố Ngọc Lâm, Phường Ngọc Lâm, Quận Long Biên",024 56785002,7:00 – 23:00 * 7 ngày/ tuần,,https://www.highlandscoffee.com.vn/vnt_upload/dealer/02_2018/thumbs/2000_crop_Highlands-Coffee-anh1.jpg,https://www.highlandscoffee.com.vn/vn/he-thong-cua-hang/1238/x.html,Hà Nội
1239,Highlands Coffee Gamuda Gardens HN,"Phường Trần Phú và Yên Sở, Quận Hoàng Mai, Hà Nội",024 56780018,7:00 – 23:00 * 7 ngày/ tuần,,https://www.highlandscoffee.com.vn/vnt_upload/dealer/02_2018/thumbs/2000_crop_Highlands-Coffee-anh1.jpg,https://www.highlandscoffee.com.vn/vn/he-thong-cua-hang/1239/x.html,Hà Nội
1240,Highlands Coffee LPB Tower HN,"17 Tông Đản, Phường Hoàn Kiếm, (Quận Hoàn Kiếm) Hà Nội",024 56785003,T2-6: 7-18h T7: 7-12h CN off,,https://www.highlandscoffee.com.vn/vnt_upload/dealer/02_2018/thumbs/2000_crop_Highlands-Coffee-anh1.jpg,https://www.highlandscoffee.com.vn/vn/he-thong-cua-hang/1240/x.html,Hà Nội
1241,Highlands Coffee Nguyen Tri Phuong Di An HCM,"501A Nguyễn Tri Phương, Phường Dĩ An, TP.HCM",0274 7300 998,7:00 – 22:00 * 7 ngày/ tuần,,https://www.highlandscoffee.com.vn/vnt_upload/dealer/02_2018/thumbs/2000_crop_Highlands-Coffee-anh1.jpg,https://www.highlandscoffee.com.vn/vn/he-thong-cua-hang/1241/x.html,Hồ Chí Minh
1242,Highlands Coffee Quang Yen Post Office QN,"01 Đường Trần Khánh Dư, Thị xã Quảng Yên, Quảng Ninh",0203 7301868,7:00 – 23:00 * 7 ngày/ tuần,,https://www.highlandscoffee.com.vn/vnt_upload/dealer/02_2018/thumbs/2000_crop_Highlands-Coffee-anh1.jpg,https://www.highlandscoffee.com.vn/vn/he-thong-cua-hang/1242/x.html,Quảng Ninh
1243,Highlands Coffee R3 Royal City HN,"Tòa R3 Royal City, số 72 Nguyễn Trãi - quận Thanh Xuân - Hà Nội",024 56780318,7:00 – 23:00 * 7 ngày/ tuần,,https://www.highlandscoffee.com.vn/vnt_upload/dealer/02_2018/thumbs/2000_crop_Highlands-Coffee-anh1.jpg,https://www.highlandscoffee.com.vn/vn/he-thong-cua-hang/1243/x.html,Hà Nội
1244,Highlands Coffee Rose Town Ngoc Hoi HN,"Số 79 Đường Ngọc Hồi, Phường Hoàng Liệt, Quận Hoàng Mai, TP. Hà Nội, Việt Nam",024 56780320,7:00 – 23:00 * 7 ngày/ tuần,,https://www.highlandscoffee.com.vn/vnt_upload/dealer/02_2018/thumbs/2000_crop_Highlands-Coffee-anh1.jpg,https://www.highlandscoffee.com.vn/vn/he-thong-cua-hang/1244/x.html,Hà Nội
1245,Highlands Coffee Mong Cai Post Office QN,Số 01 Hùng Vương – phường Trần Phú – thành phố Móng Cái – tỉnh Quảng Ninh,020 3730 0161,7:00 – 23:00 * 7 ngày/ tuần,,https://www.highlandscoffee.com.vn/vnt_upload/dealer/02_2018/thumbs/2000_crop_Highlands-Coffee-anh1.jpg,https://www.highlandscoffee.com.vn/vn/he-thong-cua-hang/1245/x.html,Quảng Ninh
1246,Highlands Coffee Muong Thanh Vinh,"1 Phan Bội Châu, Phường Quán Bàu, Tp. Vinh, Tỉnh Nghệ An",0229 7300132,7:00 – 23:00 * 7 ngày/ tuần,,https://www.highlandscoffee.com.vn/vnt_upload/dealer/02_2018/thumbs/2000_crop_Highlands-Coffee-anh1.jpg,https://www.highlandscoffee.com.vn/vn/he-thong-cua-hang/1246/x.html,Nghệ An
1247,Highlands Coffee Trang An Ninh Binh,"Khu Du Lịch Sinh Thái Tràng An, Xã Ninh Xuân, Huyện Hoa Lư, Ninh Bình",024 5678 3406,7:00 – 17:00 * 7 ngày/ tuần,,https://www.highlandscoffee.com.vn/vnt_upload/dealer/02_2018/thumbs/2000_crop_Highlands-Coffee-anh1.jpg,https://www.highlandscoffee.com.vn/vn/he-thong-cua-hang/1247/x.html,Ninh Bình
1248,Highlands Coffee Viglacera Tower HN,"Tòa nhà Viglacera Tower, Số 1 Đại lộ Thăng Long, Phường Mễ Trì, Quận Nam Từ Liêm, Hà Nội",024 5678 3406,,,https://www.highlandscoffee.com.vn/vnt_upload/dealer/02_2018/thumbs/2000_crop_Highlands-Coffee-anh1.jpg,https://www.highlandscoffee.com.vn/vn/he-thong-cua-hang/1248/x.html,Hà Nội
1249,Highlands Coffee IDMC My Dinh Building,"18 Tôn Thất Thuyết, Mỹ Đình 2, Nam Từ Liêm, Hà Nội",024 5678 2668,7:00 – 23:00 * 7 ngày/ tuần,,https://www.highlandscoffee.com.vn/vnt_upload/dealer/02_2018/thumbs/2000_crop_Highlands-Coffee-anh1.jpg,https://www.highlandscoffee.com.vn/vn/he-thong-cua-hang/1249/x.html,Hà Nội
1250,Highlands Coffee 18E Phan Van Tri Go Vap,"18E Phan Văn Trị, Phường Gò Vấp, TP. HCM",0287 300 0197,7:00 – 23:00 * 7 ngày/ tuần,,https://www.highlandscoffee.com.vn/vnt_upload/dealer/02_2018/thumbs/2000_crop_Highlands-Coffee-anh1.jpg,https://www.highlandscoffee.com.vn/vn/he-thong-cua-hang/1250/x.html,Hồ Chí Minh
1251,Highlands Coffee VTI LIC Nguyen Co Thach,"8-10 Nguyễn Cơ Thạch, Phường An Khánh, TP.HCM",0287 3050 569,7:00 – 19:00 * 7 ngày/ tuần,,https://www.highlandscoffee.com.vn/vnt_upload/dealer/02_2018/thumbs/2000_crop_Highlands-Coffee-anh1.jpg,https://www.highlandscoffee.com.vn/vn/he-thong-cua-hang/1251/x.html,Hồ Chí Minh
1252,Highlands Coffee 434 Tran Khat Chan HN,"số 434 Trần Khát Chân, Phường Hai Bà Trưng, Hà Nội",024 56780322,,,https://www.highlandscoffee.com.vn/vnt_upload/dealer/02_2018/thumbs/2000_crop_Highlands-Coffee-anh1.jpg,https://www.highlandscoffee.com.vn/vn/he-thong-cua-hang/1252/x.html,Hà Nội
1254,Highlands Coffee Tam Coc Ninh Binh,"Làng nghề thủ công truyền thống, Bến xe Đồng Gừng, Khu du lịch Tam Cốc, Bắc Sơn, Tam Điệp, Ninh Bình",0229 7300113,,,https://www.highlandscoffee.com.vn/vnt_upload/dealer/02_2018/thumbs/2000_crop_Highlands-Coffee-anh1.jpg,https://www.highlandscoffee.com.vn/vn/he-thong-cua-hang/1254/x.html,Ninh Bình
1255,Highlands Coffee ThaiGrand Da Nang,"L1-01 L1-02, Tầng 1,Thửa đất 82, Tờ BĐ 7, KDC, KS, CH và TMDV, Đường 2 Tháng 9, P. Hòa Cường, TP. Đà Nẵng",0236 7300 697,7:00 – 23:00 * 7 ngày/ tuần,,https://www.highlandscoffee.com.vn/vnt_upload/dealer/02_2018/thumbs/2000_crop_Highlands-Coffee-anh1.jpg,https://www.highlandscoffee.com.vn/vn/he-thong-cua-hang/1255/x.html,Đà Nẵng
1253,Highlands Coffee Techcombank D&#039;capitale HN,"119 Đ. Trần Duy Hưng, Trung Hoà, Cầu Giấy, Hà Nội",,,,https://www.highlandscoffee.com.vn/vnt_upload/dealer/02_2018/thumbs/2000_crop_Highlands-Coffee-anh1.jpg,https://www.highlandscoffee.com.vn/vn/he-thong-cua-hang/1253/x.html,Hà Nội
1256,Highlands Coffee 827 Au Co Tan Phu,"827 Âu Cơ, Phường Phú Thọ Hòa, TP.HCM",0287 3040 113,7:00 – 23:00 * 7 ngày/ tuần,,https://www.highlandscoffee.com.vn/vnt_upload/dealer/02_2018/thumbs/2000_crop_Highlands-Coffee-anh1.jpg,https://www.highlandscoffee.com.vn/vn/he-thong-cua-hang/1256/x.html,Phú Thọ
1257,Highlands Coffee Bitexco D1,"4F-03 Tầng 4, Tháp Tài Chính Bitexco, 45 Ngô Đức Kế, Phường Sài Gòn, TP.HCM",0287 3053 248,9:30 – 21:30 * 7 ngày/ tuần,,https://www.highlandscoffee.com.vn/vnt_upload/dealer/02_2018/thumbs/2000_crop_Highlands-Coffee-anh1.jpg,https://www.highlandscoffee.com.vn/vn/he-thong-cua-hang/1257/x.html,Hồ Chí Minh
1259,Highlands Coffee KCN VSIP 2,"KCN Việt Sing 2, TMDV Sun Casa, Đường Dân Chủ, Phường Vĩnh Tân, TP.HCM",0274 7300 966,7:00 – 22:00 * 7 ngày/ tuần,,https://www.highlandscoffee.com.vn/vnt_upload/dealer/02_2018/thumbs/2000_crop_Highlands-Coffee-anh1.jpg,https://www.highlandscoffee.com.vn/vn/he-thong-cua-hang/1259/x.html,Hồ Chí Minh
1260,26 Lieu Binh Huong Cu Chi,"26 Liêu Bình Hương, Ấp Tân Tiến, Xã Củ Chi , TP.HCM",0287 3053 230,7:00 – 22:00 * 7 ngày/ tuần,,https://www.highlandscoffee.com.vn/vnt_upload/dealer/02_2018/thumbs/2000_crop_Highlands-Coffee-anh1.jpg,https://www.highlandscoffee.com.vn/vn/he-thong-cua-hang/1260/x.html,Hồ Chí Minh
1258,Highlands Coffee 72 Le Thuc Hoach Tan Phu,"72 Lê Thúc Hoạch, Phường Phú Thọ Hòa, TP.HCM",0287 3040 114,7:00 – 23:00 * 7 ngày/ tuần,,https://www.highlandscoffee.com.vn/vnt_upload/dealer/02_2018/thumbs/2000_crop_Highlands-Coffee-anh1.jpg,https://www.highlandscoffee.com.vn/vn/he-thong-cua-hang/1258/x.html,Phú Thọ
1262,Highlands Coffee Nguyen Hue Phu Yen,"274 Nguyễn Huệ, Phường 7, Tuy Hòa, Phú Yên",0262 730 3929,6:30 – 22:30 * 7 ngày/ tuần,,https://www.highlandscoffee.com.vn/vnt_upload/dealer/02_2018/thumbs/2000_crop_Highlands-Coffee-anh1.jpg,https://www.highlandscoffee.com.vn/vn/he-thong-cua-hang/1262/x.html,Phú Yên
1261,Highlands Coffee 24 Bach Dang Da Nang,"24 Bạch Đằng, Hải Châu, Đà Nẵng",0236 7300 675,7:00 – 23:00 * 7 ngày/ tuần,,https://www.highlandscoffee.com.vn/vnt_upload/dealer/02_2018/thumbs/2000_crop_Highlands-Coffee-anh1.jpg,https://www.highlandscoffee.com.vn/vn/he-thong-cua-hang/1261/x.html,Đà Nẵng
1263,Highlands Coffee Nguyen Thi Tu Binh Tan,"229 Nguyễn Thị Tú, Phường Bình Tân, TP.HCM",(0287) 3002 248,7:00 – 23:00 * 7 ngày/ tuần,,https://www.highlandscoffee.com.vn/vnt_upload/dealer/02_2018/thumbs/2000_crop_Highlands-Coffee-anh1.jpg,https://www.highlandscoffee.com.vn/vn/he-thong-cua-hang/1263/x.html,Hồ Chí Minh
1264,Highlands Coffee Duong 35-CL Cat Lai D2,"124- 126 Đường 35-CL, Phường Cát Lái, TP.HCM",(0287) 3002 575,7:00 – 23:00 * 7 ngày/ tuần,,https://www.highlandscoffee.com.vn/vnt_upload/dealer/02_2018/thumbs/2000_crop_Highlands-Coffee-anh1.jpg,https://www.highlandscoffee.com.vn/vn/he-thong-cua-hang/1264/x.html,Hồ Chí Minh
1265,Highlands Coffee Cam Ranh Airport 4 - Domestic,"Nguyễn Tất Thành, Cam Nghĩa, Cam Ranh, Khánh Hòa",0258 730 0395,8:00 – 22:00 * 7 ngày/ tuần,,https://www.highlandscoffee.com.vn/vnt_upload/dealer/02_2018/thumbs/2000_crop_Highlands-Coffee-anh1.jpg,https://www.highlandscoffee.com.vn/vn/he-thong-cua-hang/1265/x.html,Khánh Hòa
1267,Highlands Coffee Phenikaa Hospital HN,"Bệnh viện Đại học Phenikaa, 99 Kiều Mai, Phường Phúc Diễn, Quận Bắc Từ Liêm, Hà Nội",,,,https://www.highlandscoffee.com.vn/vnt_upload/dealer/02_2018/thumbs/2000_crop_Highlands-Coffee-anh1.jpg,https://www.highlandscoffee.com.vn/vn/he-thong-cua-hang/1267/x.html,Hà Nội
1266,Highlands Coffee KCN Song May Trang Bom DN,"KCN Sông Mây, Đường 767 Thôn Tây Lạc, Ấp An Chu, Xã Bình Minh, Tỉnh Đồng Nai",0251 7300876,7:00 – 22:00 * 7 ngày/ tuần,,https://www.highlandscoffee.com.vn/vnt_upload/dealer/02_2018/thumbs/2000_crop_Highlands-Coffee-anh1.jpg,https://www.highlandscoffee.com.vn/vn/he-thong-cua-hang/1266/x.html,Đồng Nai
1268,Highlands COffee Richmond City Binh Thanh,"207 Nguyễn Xí, Phường Bình Thạnh, TP.HCM",(0287) 300 4272,7:00 – 22:00 * 7 ngày/ tuần,,https://www.highlandscoffee.com.vn/vnt_upload/dealer/02_2018/thumbs/2000_crop_Highlands-Coffee-anh1.jpg,https://www.highlandscoffee.com.vn/vn/he-thong-cua-hang/1268/x.html,Hồ Chí Minh
1270,Highlands Coffee Privia Khang Dien Binh Tan,"TMDV - 07 Privia Khang Điền, 321 An Dương Vương, Phường An Lạc, TP.HCM",(0287) 300 4090,7:00 – 22:00 * 7 ngày/ tuần,,https://www.highlandscoffee.com.vn/vnt_upload/dealer/02_2018/thumbs/2000_crop_Highlands-Coffee-anh1.jpg,https://www.highlandscoffee.com.vn/vn/he-thong-cua-hang/1270/x.html,Hồ Chí Minh
1269,Highlands Coffee 540 Cong Hoa Tan Binh,"540 Cộng Hòa, Phường Tân Bình, TP.HCM",(0287) 300 2507,7:00 – 23:00 * 7 ngày/ tuần,,https://www.highlandscoffee.com.vn/vnt_upload/dealer/02_2018/thumbs/2000_crop_Highlands-Coffee-anh1.jpg,https://www.highlandscoffee.com.vn/vn/he-thong-cua-hang/1269/x.html,Hồ Chí Minh
1271,Highlands Coffee 77 Ly Thuong Kiet QT,"77 Lý Thường Kiệt, Phường Đồng Hới (Quảng Bình cũ), Tỉnh Quảng Trị, Việt Nam",0233 7300136,7:00 – 23:00 * 7 ngày/ tuần,,https://www.highlandscoffee.com.vn/vnt_upload/dealer/02_2018/thumbs/2000_crop_Highlands-Coffee-anh1.jpg,https://www.highlandscoffee.com.vn/vn/he-thong-cua-hang/1271/x.html,Quảng Bình
1272,Highlands Coffee Hinode Royal Park HN,"Km14-Km16 Quốc lộ 32, xã Kim Chung – Di Trạch, Hoài Đức, Hà Nội",024 56782751,,,https://www.highlandscoffee.com.vn/vnt_upload/dealer/02_2018/thumbs/2000_crop_Highlands-Coffee-anh1.jpg,https://www.highlandscoffee.com.vn/vn/he-thong-cua-hang/1272/x.html,Hà Nội
1273,Highlands Coffee Metro Cat Linh Gate A HN,"192 Hào Nam, Phường Ô Chợ Dừa, Quận Đống Đa, Hà Nội",024 56782750,7:00 – 22:00 * 7 ngày/ tuần,,https://www.highlandscoffee.com.vn/vnt_upload/dealer/02_2018/thumbs/2000_crop_Highlands-Coffee-anh1.jpg,https://www.highlandscoffee.com.vn/vn/he-thong-cua-hang/1273/x.html,Hà Nội
1276,Highlands Coffee Metro Van Quan HN,"108 Trần Phú, Phường Hà Đông, Hà Nội",024 56782754,7:00 – 21:00 * 7 ngày/ tuần,,https://www.highlandscoffee.com.vn/vnt_upload/dealer/02_2018/thumbs/2000_crop_Highlands-Coffee-anh1.jpg,https://www.highlandscoffee.com.vn/vn/he-thong-cua-hang/1276/x.html,Quảng Trị
1275,Highlands Coffee Metro Lang HN,"Đối diện 234 Đường Láng, Phường Đống Đa, Hà Nội",024 56782753,7:00 – 21:00 * 7 ngày/ tuần,,https://www.highlandscoffee.com.vn/vnt_upload/dealer/02_2018/thumbs/2000_crop_Highlands-Coffee-anh1.jpg,https://www.highlandscoffee.com.vn/vn/he-thong-cua-hang/1275/x.html,Hà Nội
1274,Highlands Coffee Metro Cat Linh Gate B HN,"192 Hào Nam, Phường Ô Chợ Dừa, Quận Đống Đa, Hà Nội",024 56782752,7:00 – 22:00 * 7 ngày/ tuần,,https://www.highlandscoffee.com.vn/vnt_upload/dealer/02_2018/thumbs/2000_crop_Highlands-Coffee-anh1.jpg,https://www.highlandscoffee.com.vn/vn/he-thong-cua-hang/1274/x.html,Hà Nội
1278,Highlands Coffee Gia Sang Market Thai Nguyen,"Gia Sàng Market, đường Cách Mạng tháng 8, Phường Gia Sàng tỉnh Thái Nguyên",,,,https://www.highlandscoffee.com.vn/vnt_upload/dealer/02_2018/thumbs/2000_crop_Highlands-Coffee-anh1.jpg,https://www.highlandscoffee.com.vn/vn/he-thong-cua-hang/1278/x.html,Thái Nguyên
1277,Highlands Coffee Metro Yen Nghia HN,"Bến xe Yên Nghĩa, QL6, Phường Yên Nghĩa, Hà Nội",024 56782755,7:00 – 21:00 * 7 ngày/ tuần,,https://www.highlandscoffee.com.vn/vnt_upload/dealer/02_2018/thumbs/2000_crop_Highlands-Coffee-anh1.jpg,https://www.highlandscoffee.com.vn/vn/he-thong-cua-hang/1277/x.html,Hà Nội
1280,Highlands Coffee 436 Nguyen Tat Thanh Viet Tri,"436 Nguyễn Tất Thành, Phường Tân Dân, Thành phố Việt Trì, Phú Thọ",0210 7300 138,7:00 – 23:00 * 7 ngày/ tuần,,https://www.highlandscoffee.com.vn/vnt_upload/dealer/02_2018/thumbs/2000_crop_Highlands-Coffee-anh1.jpg,https://www.highlandscoffee.com.vn/vn/he-thong-cua-hang/1280/x.html,Phú Thọ
1279,Highlands Coffee 28 Thanh Nien HN,"Số 28 đường Thanh Niên, Phường Tây Hồ, Hà Nội",02456782756,7:00 – 23:00 * 7 ngày/ tuần,,https://www.highlandscoffee.com.vn/vnt_upload/dealer/02_2018/thumbs/2000_crop_Highlands-Coffee-anh1.jpg,https://www.highlandscoffee.com.vn/vn/he-thong-cua-hang/1279/x.html,Hà Nội
1283,Highlands Coffee Botanica 2 Tan Binh,"108-112B-114 Hồng Hà, Phường Tân Sơn Hòa, TP.HCM",(0287) 123 9108,7:00 – 22:00 * 7 ngày/ tuần,,https://www.highlandscoffee.com.vn/vnt_upload/dealer/02_2018/thumbs/2000_crop_Highlands-Coffee-anh1.jpg,https://www.highlandscoffee.com.vn/vn/he-thong-cua-hang/1283/x.html,Hồ Chí Minh
1281,Highlands Coffee BV DH Y Duoc TPHCM - GF,"Tầng Trệt - BV ĐH Y Dược, 215 Hồng Bàng, Phường Chợ Lớn, TP.HCM",,6:00 – 15:00 * 7 ngày/ tuần,,https://www.highlandscoffee.com.vn/vnt_upload/dealer/02_2018/thumbs/2000_crop_Highlands-Coffee-anh1.jpg,https://www.highlandscoffee.com.vn/vn/he-thong-cua-hang/1281/x.html,Hồ Chí Minh
1282,Highlands Coffee BV DH Y Duoc TPHCM - 3F,"Tầng 3 - BV ĐH Y Dược, 215 Hồng Bàng, Phường Chợ Lớn, TP.HCM",(0287) 301 6962,6:00 – 17:00 * 7 ngày/ tuần,,https://www.highlandscoffee.com.vn/vnt_upload/dealer/02_2018/thumbs/2000_crop_Highlands-Coffee-anh1.jpg,https://www.highlandscoffee.com.vn/vn/he-thong-cua-hang/1282/x.html,Hồ Chí Minh
1284,Highlands Coffee West Gate Binh Chanh,"Tháp C2 - Khối C, Chung Cư West Gate, 98 Tân Túc, Xã Tân Nhựt, TP.HCM",(0287) 301 6976,7:00 – 22:00 * 7 ngày/ tuần,,https://www.highlandscoffee.com.vn/vnt_upload/dealer/02_2018/thumbs/2000_crop_Highlands-Coffee-anh1.jpg,https://www.highlandscoffee.com.vn/vn/he-thong-cua-hang/1284/x.html,Hồ Chí Minh
1286,Highlands Coffee KCN My Phuoc 2 Ben Cat,"61 Đường XC2, Tổ 10, KP An Phước, Phường Bến Cát, TP.HCM",(0274) 730 1655,7:00 – 22:00 * 7 ngày/ tuần,,https://www.highlandscoffee.com.vn/vnt_upload/dealer/02_2018/thumbs/2000_crop_Highlands-Coffee-anh1.jpg,https://www.highlandscoffee.com.vn/vn/he-thong-cua-hang/1286/x.html,Hồ Chí Minh
1285,Highlands Coffee 686 Truong Chinh Tan Binh,"686 Trường Chinh, Phường Tân Sơn, TP.HCM",(0287) 300 4084,7:00 – 23:00 * 7 ngày/ tuần,,https://www.highlandscoffee.com.vn/vnt_upload/dealer/02_2018/thumbs/2000_crop_Highlands-Coffee-anh1.jpg,https://www.highlandscoffee.com.vn/vn/he-thong-cua-hang/1285/x.html,Hồ Chí Minh
1287,Highlands Coffee 830 Truong Sa D3,"830 Trường Sa, Phường Nhiêu Lộc, TP.HCM",(0287) 301 6776,7:00 – 23:00 * 7 ngày/ tuần,,https://www.highlandscoffee.com.vn/vnt_upload/dealer/02_2018/thumbs/2000_crop_Highlands-Coffee-anh1.jpg,https://www.highlandscoffee.com.vn/vn/he-thong-cua-hang/1287/x.html,Hồ Chí Minh
1288,Highlands Coffee 26 Dong Khoi D1,"26 Đồng Khởi, Phường Sài Gòn, TP.HCM",(0287) 301 6778,7:00 – 23:00 * 7 ngày/ tuần,,https://www.highlandscoffee.com.vn/vnt_upload/dealer/02_2018/thumbs/2000_crop_Highlands-Coffee-anh1.jpg,https://www.highlandscoffee.com.vn/vn/he-thong-cua-hang/1288/x.html,Hồ Chí Minh
1290,Highlands Coffee KCN Bau Bang Dinh Duong,"Đường NC-D13-5A, KCN Bàu Bàng, Xã Trừ Văn Thố, TP.HCM",(0274) 730 1511,7:00 – 22:00 * 7 ngày/ tuần,,https://www.highlandscoffee.com.vn/vnt_upload/dealer/02_2018/thumbs/2000_crop_Highlands-Coffee-anh1.jpg,https://www.highlandscoffee.com.vn/vn/he-thong-cua-hang/1290/x.html,Hồ Chí Minh
1289,Highlands Coffee Ha Huy Giap D12,"158 Hà Huy Giáp, Phường An Phú Đông, TP.HCM",(0287) 301 6383,7:00 – 22:00 * 7 ngày/ tuần,,https://www.highlandscoffee.com.vn/vnt_upload/dealer/02_2018/thumbs/2000_crop_Highlands-Coffee-anh1.jpg,https://www.highlandscoffee.com.vn/vn/he-thong-cua-hang/1289/x.html,Hồ Chí Minh
1292,Highlands Coffee D23 Cong Hoa Tan Binh,"D23 Cộng Hòa, Phường Tân Bình, TP.HCM",(0287) 301 6977,7:00 – 23:00 * 7 ngày/ tuần,,https://www.highlandscoffee.com.vn/vnt_upload/dealer/02_2018/thumbs/2000_crop_Highlands-Coffee-anh1.jpg,https://www.highlandscoffee.com.vn/vn/he-thong-cua-hang/1292/x.html,Hồ Chí Minh
1293,Highlands Coffee Lucky Palace D6,"Shophouse 16-17 Lucky Palace, 50 Phan Van Khoe, Phuong Binh Tay, TP.HCM",,7:00 – 23:00 * 7 ngày/ tuần,,https://www.highlandscoffee.com.vn/vnt_upload/dealer/02_2018/thumbs/2000_crop_Highlands-Coffee-anh1.jpg,https://www.highlandscoffee.com.vn/vn/he-thong-cua-hang/1293/x.html,Hồ Chí Minh
1294,Highlands Coffee TSN T3 Airport - Arrival,"Tan Son Nhat T3 Airport, duong Truong Son, phuong Tan Son Hoa, TP.HCM",0287 300 5324,7:00 – 23:00 * 7 ngày/ tuần,,https://www.highlandscoffee.com.vn/vnt_upload/dealer/02_2018/thumbs/2000_crop_Highlands-Coffee-anh1.jpg,https://www.highlandscoffee.com.vn/vn/he-thong-cua-hang/1294/x.html,Hồ Chí Minh
1295,Highlands Coffee TSN T3 Airport - Departure,"Tan Son Nhat T3 Airport, duong Truong Son, phuong Tan Son Hoa, TP.HCM",0287 300 5323,7:00 – 23:00 * 7 ngày/ tuần,,https://www.highlandscoffee.com.vn/vnt_upload/dealer/02_2018/thumbs/2000_crop_Highlands-Coffee-anh1.jpg,https://www.highlandscoffee.com.vn/vn/he-thong-cua-hang/1295/x.html,Hồ Chí Minh
1291,Highlands Coffee Hung Vuong Plaza D5,"126 Hồng Bàng, Phường Chợ Lớn, TP.HCM",(0287) 301 6978,7:00 – 22:00 * 7 ngày/ tuần,,https://www.highlandscoffee.com.vn/vnt_upload/dealer/02_2018/thumbs/2000_crop_Highlands-Coffee-anh1.jpg,https://www.highlandscoffee.com.vn/vn/he-thong-cua-hang/1291/x.html,Hồ Chí Minh
1297,Highlands Coffee Sarimi Sala Thu Duc,"74 Nguyen Co Thach, Phuong An Khanh, TP.HCM",,7:00 – 23:00 * 7 ngày/ tuần,,https://www.highlandscoffee.com.vn/vnt_upload/dealer/02_2018/thumbs/2000_crop_Highlands-Coffee-anh1.jpg,https://www.highlandscoffee.com.vn/vn/he-thong-cua-hang/1297/x.html,Hồ Chí Minh
1298,Highlands Coffee Victory Hotel D3,"14 Vo Van Tan, Phuong Xuan Hoa, TP.HCM",02873005295,7:00 – 23:00 * 7 ngày/ tuần,,https://www.highlandscoffee.com.vn/vnt_upload/dealer/02_2018/thumbs/2000_crop_Highlands-Coffee-anh1.jpg,https://www.highlandscoffee.com.vn/vn/he-thong-cua-hang/1298/x.html,Hồ Chí Minh
1296,Highlands Coffee Phu Thuan Post Office D7,"1441 Huỳnh Tấn Phát, Phường Phú Thuận, TP.HCM",(0287) 301 7009,7:00 – 22:00 * 7 ngày/ tuần,,https://www.highlandscoffee.com.vn/vnt_upload/dealer/02_2018/thumbs/2000_crop_Highlands-Coffee-anh1.jpg,https://www.highlandscoffee.com.vn/vn/he-thong-cua-hang/1296/x.html,Hồ Chí Minh
1300,Highlands Coffee KCN Thuan Dao Long An,"61 Nguyễn Trung Trực, Ấp Bến Lức 8, Xã Bến Lức, Tỉnh Tây Ninh",0276 730 0313,7:00 – 22:00 * 7 ngày/ tuần,,https://www.highlandscoffee.com.vn/vnt_upload/dealer/02_2018/thumbs/2000_crop_Highlands-Coffee-anh1.jpg,https://www.highlandscoffee.com.vn/vn/he-thong-cua-hang/1300/x.html,Tây Ninh
1299,Highlands Coffee K Home Binh Duong,"Shophouse  T2-03,04 Du An K -Homes, Phuong Phu Loi, TP.HCM",,7:00 – 23:00 * 7 ngày/ tuần,,https://www.highlandscoffee.com.vn/vnt_upload/dealer/02_2018/thumbs/2000_crop_Highlands-Coffee-anh1.jpg,https://www.highlandscoffee.com.vn/vn/he-thong-cua-hang/1299/x.html,Hồ Chí Minh
1302,Highlands Coffee Gold Coast Nha Trang,"1 Trần Hưng Đạo, Nha Trang, Khánh Hòa",0258 7300 335,7:00 – 22:00 * 7 ngày/ tuần,,https://www.highlandscoffee.com.vn/vnt_upload/dealer/02_2018/thumbs/2000_crop_Highlands-Coffee-anh1.jpg,https://www.highlandscoffee.com.vn/vn/he-thong-cua-hang/1302/x.html,Khánh Hòa
1301,Highlands Coffee 654 Hai Ba Trung Hoi An,"654 Hai Bà Trưng, Phường Hội An, TP. Đà Nẵng",0236 730 0595,7:00 – 22:00 * 7 ngày/ tuần,,https://www.highlandscoffee.com.vn/vnt_upload/dealer/02_2018/thumbs/2000_crop_Highlands-Coffee-anh1.jpg,https://www.highlandscoffee.com.vn/vn/he-thong-cua-hang/1301/x.html,Hà Nội
1303,Highlands Coffee Le Duan Buon Ma Thuot,"30 Lê Duẩn, Buôn Ma Thuột, Đắk Lắk",0262 730 1090,7:00 – 22:00 * 7 ngày/ tuần,,https://www.highlandscoffee.com.vn/vnt_upload/dealer/02_2018/thumbs/2000_crop_Highlands-Coffee-anh1.jpg,https://www.highlandscoffee.com.vn/vn/he-thong-cua-hang/1303/x.html,Đắk Lắk
1305,Highlands Coffee Le Trung Nghia Tan Binh,"77 Lê Trung Nghĩa, Phường Bảy Hiền, TP.HCM",,6:00 – 18:00 * 6 ngày/ tuần,,https://www.highlandscoffee.com.vn/vnt_upload/dealer/02_2018/thumbs/2000_crop_Highlands-Coffee-anh1.jpg,https://www.highlandscoffee.com.vn/vn/he-thong-cua-hang/1305/x.html,Hồ Chí Minh
1306,Highlands Coffee PV Gas Tower Nha Be,"Unit G08 Tại Tầng Trệt, Tòa Nhà PV Gas Tower- Số 673 Đường Nguyễn Hữu Thọ, Xã Nhà Bè, TP.HCM",0287 300 5161,"T2-T6: 7h-18h, T7: 7h - 12h",,https://www.highlandscoffee.com.vn/vnt_upload/dealer/02_2018/thumbs/2000_crop_Highlands-Coffee-anh1.jpg,https://www.highlandscoffee.com.vn/vn/he-thong-cua-hang/1306/x.html,Hồ Chí Minh
1304,Highlands Coffee 40 Tran Phu Nha Trang,"40 Trần Phú, Phường Nha Trang, Khánh Hòa",,7:00 – 23:00 * 7 ngày/ tuần,,https://www.highlandscoffee.com.vn/vnt_upload/dealer/02_2018/thumbs/2000_crop_Highlands-Coffee-anh1.jpg,https://www.highlandscoffee.com.vn/vn/he-thong-cua-hang/1304/x.html,Khánh Hòa
1309,Highlands Coffee Z Beach Quy Nhon,"234 Xuân Diệu, Phường Quy Nhơn, Gia Lai",0269 7300 020,7:00 – 23:00 * 7 ngày/ tuần,,https://www.highlandscoffee.com.vn/vnt_upload/dealer/02_2018/thumbs/2000_crop_Highlands-Coffee-anh1.jpg,https://www.highlandscoffee.com.vn/vn/he-thong-cua-hang/1309/x.html,Bình Định
1308,Highlands Coffee VH Grand Park D9 - Lumiere Camellia,"Nhà 0.03, T.Trệt và L.1, K.Tháp C, Lô B7, Lumière Boulevard, 8 Đ. D1, Phước Thiện, Long Bình, TP.HCM",0254 730 0438,7:00 – 22:00 * 7 ngày/ tuần,,https://www.highlandscoffee.com.vn/vnt_upload/dealer/02_2018/thumbs/2000_crop_Highlands-Coffee-anh1.jpg,https://www.highlandscoffee.com.vn/vn/he-thong-cua-hang/1308/x.html,Hồ Chí Minh
1307,Highlands Coffee 301 Ngo Gia Tu D10,"301 - 303 Ngô Gia Tự, Phường Vườn Lài, TP.HCM",0254 730 0449,7:00 – 23:00 * 7 ngày/ tuần,,https://www.highlandscoffee.com.vn/vnt_upload/dealer/02_2018/thumbs/2000_crop_Highlands-Coffee-anh1.jpg,https://www.highlandscoffee.com.vn/vn/he-thong-cua-hang/1307/x.html,Hồ Chí Minh
1310,Highlands Coffee FPT Plaza 3 Da Nang,"FPT Plaza 3, Hoàng Minh Thắng, Phường Ngũ Hành Sơn, Thành phố Đà Nẵng",0236 730 2256,6:30 – 22:30 * 7 ngày/ tuần,,https://www.highlandscoffee.com.vn/vnt_upload/dealer/02_2018/thumbs/2000_crop_Highlands-Coffee-anh1.jpg,https://www.highlandscoffee.com.vn/vn/he-thong-cua-hang/1310/x.html,Đà Nẵng
1311,Highlands Coffee KCN Bac Thang Long HN,"KCN Thăng Long,  Xã Kim Chung, Huyện Đông Anh, Hà Nội",024 56781600,7:00 – 23:00 * 7 ngày/ tuần,,https://www.highlandscoffee.com.vn/vnt_upload/dealer/02_2018/thumbs/2000_crop_Highlands-Coffee-anh1.jpg,https://www.highlandscoffee.com.vn/vn/he-thong-cua-hang/1311/x.html,Hà Nội
1313,Highlands Coffee Rest stop V52 1 CT HP-HN,"Trạm dịch vụ trái tuyến SA1, Km 53+400, đường ô tô cao tốc Hà Nội – Hải Phòng, xã Hoàng Diệu, huyện Gia Lộc, tỉnh Hải Dương",,7:00 – 19:00 * 7 ngày/ tuần,,https://www.highlandscoffee.com.vn/vnt_upload/dealer/02_2018/thumbs/2000_crop_Highlands-Coffee-anh1.jpg,https://www.highlandscoffee.com.vn/vn/he-thong-cua-hang/1313/x.html,Hải Phòng
1312,Highlands Coffee Kim Anh Tower,"Tòa Nhà Kim Ánh, 1 Ngõ 78 Duy Tân, Phường Dịch Vọng Hậu, Quận Cầu Giấy, Hà Nội",024 56781601,7:00 – 23:00 * 7 ngày/ tuần,,https://www.highlandscoffee.com.vn/vnt_upload/dealer/02_2018/thumbs/2000_crop_Highlands-Coffee-anh1.jpg,https://www.highlandscoffee.com.vn/vn/he-thong-cua-hang/1312/x.html,Hà Nội
1314,Highlands Coffee Rest stop V52 2 CT HN-HP,"Trạm dịch vụ phải tuyến SA2, Km 53+400, đường ô tô cao tốc Hà Nội – Hải Phòng, xã Hoàng Diệu, huyện Gia Lộc, tỉnh Hải Dương",,7:00 – 19:00 * 7 ngày/ tuần,,https://www.highlandscoffee.com.vn/vnt_upload/dealer/02_2018/thumbs/2000_crop_Highlands-Coffee-anh1.jpg,https://www.highlandscoffee.com.vn/vn/he-thong-cua-hang/1314/x.html,Hải Phòng
1315,Highlands Coffee Tram Dung Chan IC4 Tam Dao Vinh Phuc,"Nút giao IC4, Tam Dương, Vĩnh Phúc",0210 7300140,7:00 – 22:00 * 7 ngày/ tuần,,https://www.highlandscoffee.com.vn/vnt_upload/dealer/02_2018/thumbs/2000_crop_Highlands-Coffee-anh1.jpg,https://www.highlandscoffee.com.vn/vn/he-thong-cua-hang/1315/x.html,Vĩnh Phúc
1316,Highlands Coffee 296 Nguyen Viet Xuan Ha Nam,"296 Nguyễn Viết Xuân, Phủ Lý, Ninh Bình",0226 7300003,7:00 – 23:00 * 7 ngày/ tuần,,https://www.highlandscoffee.com.vn/vnt_upload/dealer/02_2018/thumbs/2000_crop_Highlands-Coffee-anh1.jpg,https://www.highlandscoffee.com.vn/vn/he-thong-cua-hang/1316/x.html,Ninh Bình
1317,Highlands Coffee Nam Do Complex,"609 Trương Định, Phường Hoàng Mai, Hà Nội",024 56782790,7:00 – 22:00 * 7 ngày/ tuần,,https://www.highlandscoffee.com.vn/vnt_upload/dealer/02_2018/thumbs/2000_crop_Highlands-Coffee-anh1.jpg,https://www.highlandscoffee.com.vn/vn/he-thong-cua-hang/1317/x.html,Hà Nội
1318,Highlands Coffee BT04 KDT Det Nam Dinh,"Thửa đất số 10, Tờ bản đồ số 310, Khu đô thị dệt may, Phường Nam Định, Tỉnh Ninh Bình",0226 7300004,7:00 – 22:00 * 7 ngày/ tuần,,https://www.highlandscoffee.com.vn/vnt_upload/dealer/02_2018/thumbs/2000_crop_Highlands-Coffee-anh1.jpg,https://www.highlandscoffee.com.vn/vn/he-thong-cua-hang/1318/x.html,Ninh Bình
1319,Highlands Coffee Lotte Bac Giang,"Lô TM Trung tâm VHTTDV TP Bắc Giang, đường Hoàng Văn Thụ, Phường Bắc Giang, Tỉnh Bắc Ninh",0204 7300016,8:00 – 22:00 * 7 ngày/ tuần,,https://www.highlandscoffee.com.vn/vnt_upload/dealer/02_2018/thumbs/2000_crop_Highlands-Coffee-anh1.jpg,https://www.highlandscoffee.com.vn/vn/he-thong-cua-hang/1319/x.html,Bắc Giang
1320,Highlands Coffee  Huu Nghi Lac Viet Hospital Vinh Phuc,"Tầng 1, Nhà kỹ thuật nghiệp vụ tổng hợp, Bệnh viện Hữu Nghị Lạc Việt, Phường Vĩnh Phúc, Tỉnh Phú Thọ",0210 7300139,7:00 – 18:00 * 7 ngày/ tuần,,https://www.highlandscoffee.com.vn/vnt_upload/dealer/02_2018/thumbs/2000_crop_Highlands-Coffee-anh1.jpg,https://www.highlandscoffee.com.vn/vn/he-thong-cua-hang/1320/x.html,Vĩnh Phúc
1321,Highlands Coffee Samsung V1 Bac Ninh,"Tầng 1, Toà căng tin V1, Samsung Display, Khu công nghiệp Yên Phong, Xã Yên Trung, tỉnh Bắc Ninh",,7:00 – 22:00 * 7 ngày/ tuần,,https://www.highlandscoffee.com.vn/vnt_upload/dealer/02_2018/thumbs/2000_crop_Highlands-Coffee-anh1.jpg,https://www.highlandscoffee.com.vn/vn/he-thong-cua-hang/1321/x.html,Bắc Ninh
1322,Highlands Coffee Samsung V3 Bac Ninh,"Tầng 5, Toà căng tin V3, Samsung Display, Khu công nghiệp Yên Phong, Xã Yên Trung, tỉnh Bắc Ninh",,7:00 – 22:00 * 7 ngày/ tuần,,https://www.highlandscoffee.com.vn/vnt_upload/dealer/02_2018/thumbs/2000_crop_Highlands-Coffee-anh1.jpg,https://www.highlandscoffee.com.vn/vn/he-thong-cua-hang/1322/x.html,Bắc Ninh
1323,Highlands Coffee 226 Bach Mai HN,"226 Bạch Mai, Phường Bạch Mai, Thành phố Hà Nội",024 56782791,7:00 – 22:00 * 7 ngày/ tuần,,https://www.highlandscoffee.com.vn/vnt_upload/dealer/02_2018/thumbs/2000_crop_Highlands-Coffee-anh1.jpg,https://www.highlandscoffee.com.vn/vn/he-thong-cua-hang/1323/x.html,Hà Nội
1324,Highlands Coffee Ruby City HN,"Số 319 đường Phúc Lợi, Phường Phúc Lợi, Quận Long Biên, Thành phố Hà Nội",,7:00 – 22:00 * 7 ngày/ tuần,,https://www.highlandscoffee.com.vn/vnt_upload/dealer/02_2018/thumbs/2000_crop_Highlands-Coffee-anh1.jpg,https://www.highlandscoffee.com.vn/vn/he-thong-cua-hang/1324/x.html,Hà Nội
1325,Highlands Coffee P4 Pavilion VH Ocean Park,"Nhà số P4(T30M-2), Lô đất B5-CT04, KĐT Vinhomes Ocean Park, Thị trấn Trâu Quỳ, Xã Gia Lâm, Hà Nội",024 56782793,7:00 – 22:00 * 7 ngày/ tuần,,https://www.highlandscoffee.com.vn/vnt_upload/dealer/02_2018/thumbs/2000_crop_Highlands-Coffee-anh1.jpg,https://www.highlandscoffee.com.vn/vn/he-thong-cua-hang/1325/x.html,Hà Nội
1326,Highlands Coffee Hong Bang University,"215 Điện Biên Phủ, Phường Gia Định, TP Hồ Chí Minh",0846934596,7:00 – 18:00 * 7 ngày/ tuần,,https://www.highlandscoffee.com.vn/vnt_upload/dealer/02_2018/thumbs/2000_crop_Highlands-Coffee-anh1.jpg,https://www.highlandscoffee.com.vn/vn/he-thong-cua-hang/1326/x.html,Hồ Chí Minh
1327,Highlands Coffee 425 Nguyen Oanh Go Vap,"425 Nguyễn Oanh, Phường Gò Vấp, TP.HCM",,6:30 – 23:00 * 7 ngày/ tuần,,https://www.highlandscoffee.com.vn/vnt_upload/dealer/02_2018/thumbs/2000_crop_Highlands-Coffee-anh1.jpg,https://www.highlandscoffee.com.vn/vn/he-thong-cua-hang/1327/x.html,Hồ Chí Minh
1328,Highlands Coffee 972 Nguyen Van Qua HCM,"972 - 976 Nguyễn Văn Hóa, Phường Đông Hưng Thuận, TP.HCM",,6:30 – 23:00 * 7 ngày/ tuần,,https://www.highlandscoffee.com.vn/vnt_upload/dealer/02_2018/thumbs/2000_crop_Highlands-Coffee-anh1.jpg,https://www.highlandscoffee.com.vn/vn/he-thong-cua-hang/1328/x.html,Hồ Chí Minh
1329,Highlands Coffee 384 Hoang Dieu HCM,"Chung cư H3, 384 Hoàng Diệu, Phường Khánh Hội, TP Hồ Chí Minh",,7:00 – 22:00 * 7 ngày/ tuần,,https://www.highlandscoffee.com.vn/vnt_upload/dealer/02_2018/thumbs/2000_crop_Highlands-Coffee-anh1.jpg,https://www.highlandscoffee.com.vn/vn/he-thong-cua-hang/1329/x.html,Hồ Chí Minh
1330,Highlands Coffee Origami VH Grand Park D9,"Cửa hàng 1.13-14 , Tầng trệt  , Tòa S7-05 , Dự án KDC Và Công Viên Phước Thiện, Phường Long Bình, TP Hồ Chí Minh",,7:00 – 22:00 * 7 ngày/ tuần,,https://www.highlandscoffee.com.vn/vnt_upload/dealer/02_2018/thumbs/2000_crop_Highlands-Coffee-anh1.jpg,https://www.highlandscoffee.com.vn/vn/he-thong-cua-hang/1330/x.html,Hồ Chí Minh
1331,Highlands Coffee 63 Pham Van Hai HCM,"63 Phạm Văn Hai, Phường Tân Sơn Hòa, TP.HCM",,6:30 – 23:00 * 7 ngày/ tuần,,https://www.highlandscoffee.com.vn/vnt_upload/dealer/02_2018/thumbs/2000_crop_Highlands-Coffee-anh1.jpg,https://www.highlandscoffee.com.vn/vn/he-thong-cua-hang/1331/x.html,Hồ Chí Minh
1333,Highlands Coffee KCN Long Hau Long An,"KCN Long Hậu, Ấp 3, Xã Cần Giuộc, Tỉnh Tây Ninh",0272 730 0080,7:00 – 22:00 * 7 ngày/ tuần,,https://www.highlandscoffee.com.vn/vnt_upload/dealer/02_2018/thumbs/2000_crop_Highlands-Coffee-anh1.jpg,https://www.highlandscoffee.com.vn/vn/he-thong-cua-hang/1333/x.html,Tây Ninh
1335,Highlands Coffee Chung Cu Phu My HCM,"Điểm Dừng Nghỉ IC4 KM25 Nút Giao Tam Đảo, Phú Thọ",,7:00 – 22:00 * 7 ngày/ tuần,,https://www.highlandscoffee.com.vn/vnt_upload/dealer/02_2018/thumbs/2000_crop_Highlands-Coffee-anh1.jpg,https://www.highlandscoffee.com.vn/vn/he-thong-cua-hang/1335/x.html,Phú Thọ
1336,Highlands Coffee Highlands Roastery BRVT,"Lô B9 Đường D4, Khu công nghiệp Phú Mỹ II, Tân Phước, Hồ Chí Minh, Vietnam",,6:30 – 18:00 * 7 ngày/ tuần,,https://www.highlandscoffee.com.vn/vnt_upload/dealer/02_2018/thumbs/2000_crop_Highlands-Coffee-anh1.jpg,https://www.highlandscoffee.com.vn/vn/he-thong-cua-hang/1336/x.html,Hồ Chí Minh
1337,Highlands Coffee Phan Chu Trinh Go Cong TG,"37 Phan Chu Trinh, Phường Gò Công, Tỉnh Đồng Tháp",02737300018,7:00 – 22:00 * 7 ngày/ tuần,,https://www.highlandscoffee.com.vn/vnt_upload/dealer/02_2018/thumbs/2000_crop_Highlands-Coffee-anh1.jpg,https://www.highlandscoffee.com.vn/vn/he-thong-cua-hang/1337/x.html,Đồng Tháp
1334,Highlands Coffee 425 Nguyen Oanh HCM,"425 Nguyễn Oanh, Phường Gò Vấp, TP.HCM",0254 730 0360,6:30 – 23:00 * 7 ngày/ tuần,,https://www.highlandscoffee.com.vn/vnt_upload/dealer/02_2018/thumbs/2000_crop_Highlands-Coffee-anh1.jpg,https://www.highlandscoffee.com.vn/vn/he-thong-cua-hang/1334/x.html,Hồ Chí Minh
1332,Highlands Coffee 109 Tran Hung Dao Binh Phuoc,"109 Trần Hưng Đạo, Phường An Lộc, TP. Đồng Nai",,6:30 – 22:00 * 7 ngày/ tuần,,https://www.highlandscoffee.com.vn/vnt_upload/dealer/02_2018/thumbs/2000_crop_Highlands-Coffee-anh1.jpg,https://www.highlandscoffee.com.vn/vn/he-thong-cua-hang/1332/x.html,Đồng Nai
1338,Highlands Coffee Vincom Bao Loc LD,"83 Lê Hồng Phong, Phường 1 Bảo Lộc, Tỉnh Lâm Đồng",0236 730 1735,7:00 – 22:00 * 7 ngày/ tuần,,https://www.highlandscoffee.com.vn/vnt_upload/dealer/02_2018/thumbs/2000_crop_Highlands-Coffee-anh1.jpg,https://www.highlandscoffee.com.vn/vn/he-thong-cua-hang/1338/x.html,Lâm Đồng
1339,Highlands Coffee 296 Nguyen Viet Xuan Ha Nam,"296 Nguyễn Viết Xuân, Phủ Lý, Ninh Bình",0226 7300003,7:00 – 23:00 * 7 ngày/ tuần,,https://www.highlandscoffee.com.vn/vnt_upload/dealer/02_2018/thumbs/2000_crop_Highlands-Coffee-anh1.jpg,https://www.highlandscoffee.com.vn/vn/he-thong-cua-hang/1339/x.html,Ninh Bình
1341,Highlands Coffee Vui Fest Ha Long,"Kiot VFX31, Công viên Đại Dương, Phường Bãi Cháy, Thành phố Hạ Long, Tỉnh Quảng Ninh",,7:00 – 23:00 * 7 ngày/ tuần,,https://www.highlandscoffee.com.vn/vnt_upload/dealer/02_2018/thumbs/2000_crop_Highlands-Coffee-anh1.jpg,https://www.highlandscoffee.com.vn/vn/he-thong-cua-hang/1341/x.html,Quảng Ninh
1340,Highlands Coffee KCN Thang Long 2 Hung Yen,"Khu Công Nghiệp Thăng Long II, Liêu Xá, Yên Mỹ, Hưng Yên",0221 7300121,7:00 – 23:00 * 7 ngày/ tuần,,https://www.highlandscoffee.com.vn/vnt_upload/dealer/02_2018/thumbs/2000_crop_Highlands-Coffee-anh1.jpg,https://www.highlandscoffee.com.vn/vn/he-thong-cua-hang/1340/x.html,Hưng Yên
1343,Highlands Coffee KCN Amata Đồng Nai,"Trung Tâm Dịch Vụ KCN Amata, Đường Amata, KCN Amata, Phường Long Bình, Thành phố Đồng Nai",,7:00 – 22:00 * 7 ngày/ tuần,,https://www.highlandscoffee.com.vn/vnt_upload/dealer/02_2018/thumbs/2000_crop_Highlands-Coffee-anh1.jpg,https://www.highlandscoffee.com.vn/vn/he-thong-cua-hang/1343/x.html,Hồ Chí Minh
1344,Highlands Coffee Aeon Mall Đà Nẵng,"Tầng 4, TTTM Aeon Mall Đà Nẵng Thanh Khê, 46 Điện Biên Phủ, Phường Thanh Khê, Thành phố Đà Nẵng",,10:00 – 22:00 * 7 ngày/ tuần,,https://www.highlandscoffee.com.vn/vnt_upload/dealer/02_2018/thumbs/2000_crop_Highlands-Coffee-anh1.jpg,https://www.highlandscoffee.com.vn/vn/he-thong-cua-hang/1344/x.html,Đà Nẵng
1345,Highlands Coffee 252 Ly Thuong Kiet HCM,"252 Đường Lý Thường Kiệt, Phường Diên Hồng, TP.HCM",0254 730 0757,7:00 – 23:00 * 7 ngày/ tuần,,https://www.highlandscoffee.com.vn/vnt_upload/dealer/02_2018/thumbs/2000_crop_Highlands-Coffee-anh1.jpg,https://www.highlandscoffee.com.vn/vn/he-thong-cua-hang/1345/x.html,Hồ Chí Minh
1342,Highlands Coffee  Vi Xuyen Lake Nam Dinh,"Công Viên Vị Xuyên, Phường Nam Định, Tỉnh Ninh Bình",0226 7300002,7:00 – 23:00 * 7 ngày/ tuần,,https://www.highlandscoffee.com.vn/vnt_upload/dealer/02_2018/thumbs/2000_crop_Highlands-Coffee-anh1.jpg,https://www.highlandscoffee.com.vn/vn/he-thong-cua-hang/1342/x.html,Ninh Bình
1346,Highlands Coffee Sarimi Sala Thu Duc,"L1-06 Khu TMDV Tầng 1, Tháp A2 – Khu CCPH Lô M1 (Sarimi) – Số 74 Nguyễn Cơ Thạch, P. An Khánh, TP.HCM",0254 730 0574,6:30 – 22:00 * 7 ngày/ tuần,,https://www.highlandscoffee.com.vn/vnt_upload/dealer/02_2018/thumbs/2000_crop_Highlands-Coffee-anh1.jpg,https://www.highlandscoffee.com.vn/vn/he-thong-cua-hang/1346/x.html,Hồ Chí Minh
1347,Highlands Coffee 384 Hoang Dieu HCM,"T.03-TMDV Chung cư H3, 384 Hoàng Diệu, Phường Khánh Hội, TP.HCM",0254 730 0569,7:00 – 22:00 * 7 ngày/ tuần,,https://www.highlandscoffee.com.vn/vnt_upload/dealer/02_2018/thumbs/2000_crop_Highlands-Coffee-anh1.jpg,https://www.highlandscoffee.com.vn/vn/he-thong-cua-hang/1347/x.html,Hồ Chí Minh
1348,Highlands Coffee D5 Binh Thanh,"Số 42 Đường D5, Phường Thạnh Mỹ Tây, TP.HCM",0254 730 0768,7:00 – 22:00 * 7 ngày/ tuần,,https://www.highlandscoffee.com.vn/vnt_upload/dealer/02_2018/thumbs/2000_crop_Highlands-Coffee-anh1.jpg,https://www.highlandscoffee.com.vn/vn/he-thong-cua-hang/1348/x.html,Hồ Chí Minh
1350,Highlands Coffee 68 Trần Nhân Tông Phan Rang,"68 Trần Nhân Tông, Phường Phan Rang, Tỉnh Khánh Hòa",,7:00 – 22:00 * 7 ngày/ tuần,,https://www.highlandscoffee.com.vn/vnt_upload/dealer/02_2018/thumbs/2000_crop_Highlands-Coffee-anh1.jpg,https://www.highlandscoffee.com.vn/vn/he-thong-cua-hang/1350/x.html,Khánh Hòa
1349,Highlands Coffee Go Đại Lộ Bình Dương,"GH 1K6, TTTM Go! Bình Dương, 555B Đại lộ BD, P. Bình Dương, TP.HCM",,8:00 – 22:00 * 7 ngày/ tuần,,https://www.highlandscoffee.com.vn/vnt_upload/dealer/02_2018/thumbs/2000_crop_Highlands-Coffee-anh1.jpg,https://www.highlandscoffee.com.vn/vn/he-thong-cua-hang/1349/x.html,Bình Dương
1351,Highlands Coffee Go Buôn Ma Thuột Đắk Lắk,"Gian hàng số 1518 + 1T1, Tầng 1 TTTM Buôn Ma Thuột, góc đường Nguyễn Thị Định và đường Vành đai phía Tây, Phường Thành Nhất, Tỉnh Đắk Lắk",,8:00 – 22:00 * 7 ngày/ tuần,,https://www.highlandscoffee.com.vn/vnt_upload/dealer/02_2018/thumbs/2000_crop_Highlands-Coffee-anh1.jpg,https://www.highlandscoffee.com.vn/vn/he-thong-cua-hang/1351/x.html,Đắk Lắk
1352,Highlands Coffee Aeon Tân Phú 2F HCM,"Lô SF11 Tầng hai, TTTM Aeon Tân Phú, 30 Tân Thắng, P. Tân Sơn Nhì, TP.HCM",02873006265,10:00 – 22:00 * 7 ngày/ tuần,,https://www.highlandscoffee.com.vn/vnt_upload/dealer/02_2018/thumbs/2000_crop_Highlands-Coffee-anh1.jpg,https://www.highlandscoffee.com.vn/vn/he-thong-cua-hang/1352/x.html,Hồ Chí Minh
1353,Highlands Coffee Suối Tiên HCM,"Quầy NH Phù Đổng 3, KDLVH Suối Tiên, 120 Xa Lộ HN, P. Tăng Nhơn Phú, TP.HCM",0287 101 9978,"08:00AM - 18:00PM, Ngày lễ, tết 06:30AM - 22:00PM",,https://www.highlandscoffee.com.vn/vnt_upload/dealer/02_2018/thumbs/2000_crop_Highlands-Coffee-anh1.jpg,https://www.highlandscoffee.com.vn/vn/he-thong-cua-hang/1353/x.html,Hồ Chí Minh
1354,Highlands Coffee KCN Van Trung Bac Giang,"Khu công nghiệp Vân Trung, Việt Yên, Bắc Giang",,7:00 – 23:00 * 7 ngày/ tuần,,https://www.highlandscoffee.com.vn/vnt_upload/dealer/02_2018/thumbs/2000_crop_Highlands-Coffee-anh1.jpg,https://www.highlandscoffee.com.vn/vn/he-thong-cua-hang/1354/x.html,Bắc Giang
1355,Highlands Coffee HH09 Vinhomes Star City Thanh Hoa,"Vinhomes Star City, HH9-39 KĐT TT TP Thanh Hóa, Phường Đông Hải, TP. Thanh Hóa, Tỉnh Thanh Hóa",,7:00 – 23:00 * 7 ngày/ tuần,,https://www.highlandscoffee.com.vn/vnt_upload/dealer/02_2018/thumbs/2000_crop_Highlands-Coffee-anh1.jpg,https://www.highlandscoffee.com.vn/vn/he-thong-cua-hang/1355/x.html,Thanh Hóa
1356,Highlands Coffee Tops Market Ha Dong Ha Noi,"102 Trần Phú, Phường Mộ Lao, Quận Hà Đông, Hà Nội",024 56786402,8:00 – 22:00 * 7 ngày/ tuần,,https://www.highlandscoffee.com.vn/vnt_upload/dealer/02_2018/thumbs/2000_crop_Highlands-Coffee-anh1.jpg,https://www.highlandscoffee.com.vn/vn/he-thong-cua-hang/1356/x.html,Quảng Trị
1357,Highlands Coffee Gia Sang Market Thai Nguyen,"Chợ Gia Sàng, Đường Cách Mạng Tháng 8, phường Mỏ Chè, TP. Sông Công, Thái Nguyên",,7:00 – 23:00 * 7 ngày/ tuần,,https://www.highlandscoffee.com.vn/vnt_upload/dealer/02_2018/thumbs/2000_crop_Highlands-Coffee-anh1.jpg,https://www.highlandscoffee.com.vn/vn/he-thong-cua-hang/1357/x.html,Thái Nguyên
1358,Highlands Coffee The Vesta Ha Noi,"The Vesta, Phường Phú Lãm, Quận Hà Đông, Hà Nội",024 56786401,7:00 – 23:00 * 7 ngày/ tuần,,https://www.highlandscoffee.com.vn/vnt_upload/dealer/02_2018/thumbs/2000_crop_Highlands-Coffee-anh1.jpg,https://www.highlandscoffee.com.vn/vn/he-thong-cua-hang/1358/x.html,Quảng Trị
1359,Highlands Coffee Cau Di Bo Go Lim Hue,"7 Lê Lợi, Phường Thuận Hóa, Thành Phố Huế",0234730028,7:00 – 23:00 * 7 ngày/ tuần,,https://www.highlandscoffee.com.vn/vnt_upload/dealer/02_2018/thumbs/2000_crop_Highlands-Coffee-anh1.jpg,https://www.highlandscoffee.com.vn/vn/he-thong-cua-hang/1359/x.html,Thừa Thiên - Huế
1360,Highlands Coffee Cong Vien Kim Long Hue,"84 Kim Long, Phường Kim Long, Thành Phố Huế",02347300027,7:00 – 23:00 * 7 ngày/ tuần,,https://www.highlandscoffee.com.vn/vnt_upload/dealer/02_2018/thumbs/2000_crop_Highlands-Coffee-anh1.jpg,https://www.highlandscoffee.com.vn/vn/he-thong-cua-hang/1360/x.html,Thừa Thiên - Huế
1362,Highlands Coffee Go! Ninh Thuan,"Gian hàng số 1S2-B và 1K2, TTTM Go! Ninh Thuận, góc Cao Bá Quát và Ngô Gia Tự, Phường Phan Rang, Tỉnh Khánh Hòa",,8:00 – 22:00 * 7 ngày/ tuần,,https://www.highlandscoffee.com.vn/vnt_upload/dealer/02_2018/thumbs/2000_crop_Highlands-Coffee-anh1.jpg,https://www.highlandscoffee.com.vn/vn/he-thong-cua-hang/1362/x.html,Ninh Thuận
1363,Highlands Coffee 99 Quach Dieu HCM,"F1/65A Ấp 6, Xã Vĩnh Lộc, TP.HCM",0287 124 5050,6:30 – 23:00 * 7 ngày/ tuần,,https://www.highlandscoffee.com.vn/vnt_upload/dealer/02_2018/thumbs/2000_crop_Highlands-Coffee-anh1.jpg,https://www.highlandscoffee.com.vn/vn/he-thong-cua-hang/1363/x.html,Hồ Chí Minh
1364,Highlands Coffee Tran Thi Nam HCM,"14/4 Trần Thị Năm, KP 4, P. Trung Mỹ Tây, TP.HCM",0287 103 9949,6:30 – 22:00 * 7 ngày/ tuần,,https://www.highlandscoffee.com.vn/vnt_upload/dealer/02_2018/thumbs/2000_crop_Highlands-Coffee-anh1.jpg,https://www.highlandscoffee.com.vn/vn/he-thong-cua-hang/1364/x.html,Hồ Chí Minh
1361,Highlands Coffee The Amazing Bay Dong Nai,"Sảnh chờ KDL Sơn Tiên, Quốc lộ 51, Khu phố 4, Phường Long Hưng, Tỉnh Đồng Nai",,7:30 – 18:00 * 7 ngày/ tuần,,https://www.highlandscoffee.com.vn/vnt_upload/dealer/02_2018/thumbs/2000_crop_Highlands-Coffee-anh1.jpg,https://www.highlandscoffee.com.vn/vn/he-thong-cua-hang/1361/x.html,Đồng Nai
1365,Highlands Coffee Chung cu Phu My HCM,"S3-1-1 và S3-1-2 Chung cư Cao tầng Phú Mỹ, Đường Hoàng Quốc Việt, P. Tân Mỹ, TP.HCM",0254 730 0767,7:00 – 22:00 * 7 ngày/ tuần,,https://www.highlandscoffee.com.vn/vnt_upload/dealer/02_2018/thumbs/2000_crop_Highlands-Coffee-anh1.jpg,https://www.highlandscoffee.com.vn/vn/he-thong-cua-hang/1365/x.html,Hồ Chí Minh
1366,Highlands Coffee Ree Tower HCM,"G.2, Tầng trệt, Sảnh TN REE Tower, 9 Đoàn Văn Bơ, P. Xóm Chiếu, TP.HCM",,07:00 - 18:00: T2 - T6  Close: T7 và CN,,https://www.highlandscoffee.com.vn/vnt_upload/dealer/02_2018/thumbs/2000_crop_Highlands-Coffee-anh1.jpg,https://www.highlandscoffee.com.vn/vn/he-thong-cua-hang/1366/x.html,Hồ Chí Minh
1367,Highlands Coffee H Zone Nguyen Huu Tho D7,"Số 40 Ngô Thị Bì, Khu phố 65, Phường Tân Hưng, TP.HCM",0287 104 8858,7:00 – 22:00 * 7 ngày/ tuần,,https://www.highlandscoffee.com.vn/vnt_upload/dealer/02_2018/thumbs/2000_crop_Highlands-Coffee-anh1.jpg,https://www.highlandscoffee.com.vn/vn/he-thong-cua-hang/1367/x.html,Hồ Chí Minh
1368,Highlands Coffee 62 Bạch Đằng Hội An,"62 Bạch Đằng, Phường Hội An, Thành phố Đà Nẵng",,7:00 – 23:00 * 7 ngày/ tuần,,https://www.highlandscoffee.com.vn/vnt_upload/dealer/02_2018/thumbs/2000_crop_Highlands-Coffee-anh1.jpg,https://www.highlandscoffee.com.vn/vn/he-thong-cua-hang/1368/x.html,Đà Nẵng
1369,Highlands Coffee The Origami VH Grand Park HCM,"CH 1.13-1.14-T.1, Tòa S7-05, KDC-CV Phước Thiện, 88 Phước Thiện, Long Bình, TP.HCM",,6:30 – 22:00 * 7 ngày/ tuần,,https://www.highlandscoffee.com.vn/vnt_upload/dealer/02_2018/thumbs/2000_crop_Highlands-Coffee-anh1.jpg,https://www.highlandscoffee.com.vn/vn/he-thong-cua-hang/1369/x.html,Hồ Chí Minh
1370,Highlands Coffee 28 Tran Phu VT,"28 Trần Phú, Phường Vũng Tàu, TP.HCM",,6:30 – 22:00 * 7 ngày/ tuần,,https://www.highlandscoffee.com.vn/vnt_upload/dealer/02_2018/thumbs/2000_crop_Highlands-Coffee-anh1.jpg,https://www.highlandscoffee.com.vn/vn/he-thong-cua-hang/1370/x.html,Bà Rịa - Vũng Tàu
1371,Highlands Coffee 14B1 Ngo Tat To HCM,"14B1 Ngô Tất Tố, Phường Thạnh Mỹ Tây, TP.HCM",,7:00 – 22:00 * 7 ngày/ tuần,,https://www.highlandscoffee.com.vn/vnt_upload/dealer/02_2018/thumbs/2000_crop_Highlands-Coffee-anh1.jpg,https://www.highlandscoffee.com.vn/vn/he-thong-cua-hang/1371/x.html,Hồ Chí Minh
1372,Highlands Coffee Rac Xiec Phu Tho HCM,"Một phần Tầng trệt, Rạp xiếc và biểu diễn đa năng Phú Thọ, 03 Lữ Gia, P. Phú Thọ, TP.HCM",,7:00 – 22:00 * 7 ngày/ tuần,,https://www.highlandscoffee.com.vn/vnt_upload/dealer/02_2018/thumbs/2000_crop_Highlands-Coffee-anh1.jpg,https://www.highlandscoffee.com.vn/vn/he-thong-cua-hang/1372/x.html,Đà Nẵng
1374,Highlands Coffee P4 Pavilion VH Ocean Park,"Phân khu The Pavilion, Vinhomes Ocean Park, Xã Dương Xá, Huyện Gia Lâm, Hà Nội",024 56782793,7:00 – 23:00 * 7 ngày/ tuần,,https://www.highlandscoffee.com.vn/vnt_upload/dealer/02_2018/thumbs/2000_crop_Highlands-Coffee-anh1.jpg,https://www.highlandscoffee.com.vn/vn/he-thong-cua-hang/1374/x.html,Hà Nội
1373,Highlands Coffee Go Vinh Phuc,"Go! Vĩnh Phúc, Nguyễn Tất Thành, Phường Khai Quang, Thành phố Vĩnh Yên, Tỉnh Vĩnh Phúc",0210 7300141,7:00 – 23:00 * 7 ngày/ tuần,,https://www.highlandscoffee.com.vn/vnt_upload/dealer/02_2018/thumbs/2000_crop_Highlands-Coffee-anh1.jpg,https://www.highlandscoffee.com.vn/vn/he-thong-cua-hang/1373/x.html,Nghệ An
1376,Highlands Coffee 25 Dien Bien Phu Hai Phong,"25 Điện Biên Phủ, Phường Máy Tơ, Quận Ngô Quyền, Hải Phòng",0220 7300575,7:00 – 23:00 * 7 ngày/ tuần,,https://www.highlandscoffee.com.vn/vnt_upload/dealer/02_2018/thumbs/2000_crop_Highlands-Coffee-anh1.jpg,https://www.highlandscoffee.com.vn/vn/he-thong-cua-hang/1376/x.html,Hải Phòng
1375,Highlands Coffee KDT Tien Cat Viet Tri,"KDT Tiên Cát, Phường Tiên Cát, thành phố Việt Trì, tỉnh Phú Thọ",0210 7300142,7:00 – 23:00 * 7 ngày/ tuần,,https://www.highlandscoffee.com.vn/vnt_upload/dealer/02_2018/thumbs/2000_crop_Highlands-Coffee-anh1.jpg,https://www.highlandscoffee.com.vn/vn/he-thong-cua-hang/1375/x.html,Phú Thọ
1378,Highlands Coffee KCN Noi Bai Ha Noi,"Khu công nghiệp Nội Bài, xã Nội Bài, Hà Nội",024 56786700,7:00 – 22:00 * 7 ngày/ tuần,,https://www.highlandscoffee.com.vn/vnt_upload/dealer/02_2018/thumbs/2000_crop_Highlands-Coffee-anh1.jpg,https://www.highlandscoffee.com.vn/vn/he-thong-cua-hang/1378/x.html,Hà Nội
1377,Highlands Coffee KCN Quang Chau Bac Giang,"Khách sạn Thiên Ân 2, KDC Núi Hiểu, phường Nếnh, tỉnh Bắc Ninh",0204 7300023,7:00 – 23:00 * 7 ngày/ tuần,,https://www.highlandscoffee.com.vn/vnt_upload/dealer/02_2018/thumbs/2000_crop_Highlands-Coffee-anh1.jpg,https://www.highlandscoffee.com.vn/vn/he-thong-cua-hang/1377/x.html,Bắc Ninh
1379,Highlands Coffee  KCN Dong Mai Quang Ninh,"Lô CN-01, Khu Công Nghiệp Đông Mai, Phường Đông Mai, Tỉnh Quảng Ninh",,7:00 – 23:00 * 7 ngày/ tuần,,https://www.highlandscoffee.com.vn/vnt_upload/dealer/02_2018/thumbs/2000_crop_Highlands-Coffee-anh1.jpg,https://www.highlandscoffee.com.vn/vn/he-thong-cua-hang/1379/x.html,Quảng Ninh
1380,Highlands Coffee Vincom Dan Phuong Ha Noi,"Vincome Đan Phượng, Xã Tân Hội và xã Liên Trung, huyện Đan Phượng, thành phố Hà Nội",024 56786701,7:00 – 23:00 * 7 ngày/ tuần,,https://www.highlandscoffee.com.vn/vnt_upload/dealer/02_2018/thumbs/2000_crop_Highlands-Coffee-anh1.jpg,https://www.highlandscoffee.com.vn/vn/he-thong-cua-hang/1380/x.html,Hà Nội
1381,Highlands Coffee 384 Le Thanh Tong Hai Phong,"384 Lê Thánh Tông, Phường Máy Chai, Quận Ngô Quyền, Hải Phòng",,7:00 – 23:00 * 7 ngày/ tuần,,https://www.highlandscoffee.com.vn/vnt_upload/dealer/02_2018/thumbs/2000_crop_Highlands-Coffee-anh1.jpg,https://www.highlandscoffee.com.vn/vn/he-thong-cua-hang/1381/x.html,Hải Phòng
